{
  "v": "5.5.7",
  "meta": {
    "g": "LottieFiles AE 0.1.21",
    "a": "",
    "k": "",
    "d": "",
    "tc": "#3250C3"
  },
  "fr": 30,
  "ip": 0,
  "op": 180,
  "w": 300,
  "h": 300,
  "nm": "CD1",
  "ddd": 0,
  "assets": [
    {
      "id": "comp_0",
      "layers": [
        {
          "ddd": 0,
          "ind": 3,
          "ty": 4,
          "nm": "Shape Layer 3",
          "td": 1,
          "sr": 1,
          "ks": {
            "o": {
              "a": 0,
              "k": 100,
              "ix": 11
            },
            "r": {
              "a": 0,
              "k": 0,
              "ix": 10
            },
            "p": {
              "a": 0,
              "k": [
                512,
                512,
                0
              ],
              "ix": 2
            },
            "a": {
              "a": 0,
              "k": [
                0,
                0,
                0
              ],
              "ix": 1
            },
            "s": {
              "a": 0,
              "k": [
                100,
                100,
                100
              ],
              "ix": 6
            }
          },
          "ao": 0,
          "shapes": [
            {
              "ty": "gr",
              "it": [
                {
                  "d": 1,
                  "ty": "el",
                  "s": {
                    "a": 0,
                    "k": [
                      828,
                      828
                    ],
                    "ix": 2
                  },
                  "p": {
                    "a": 0,
                    "k": [
                      0,
                      0
                    ],
                    "ix": 3
                  },
                  "nm": "Ellipse Path 1",
                  "mn": "ADBE Vector Shape - Ellipse",
                  "hd": false
                },
                {
                  "ty": "fl",
                  "c": {
                    "a": 0,
                    "k": [
                      1,
                      1,
                      1,
                      1
                    ],
                    "ix": 4
                  },
                  "o": {
                    "a": 0,
                    "k": 100,
                    "ix": 5
                  },
                  "r": 1,
                  "bm": 0,
                  "nm": "Fill 1",
                  "mn": "ADBE Vector Graphic - Fill",
                  "hd": false
                },
                {
                  "ty": "tr",
                  "p": {
                    "a": 0,
                    "k": [
                      0,
                      0
                    ],
                    "ix": 2
                  },
                  "a": {
                    "a": 0,
                    "k": [
                      0,
                      0
                    ],
                    "ix": 1
                  },
                  "s": {
                    "a": 0,
                    "k": [
                      100,
                      100
                    ],
                    "ix": 3
                  },
                  "r": {
                    "a": 0,
                    "k": 0,
                    "ix": 6
                  },
                  "o": {
                    "a": 0,
                    "k": 100,
                    "ix": 7
                  },
                  "sk": {
                    "a": 0,
                    "k": 0,
                    "ix": 4
                  },
                  "sa": {
                    "a": 0,
                    "k": 0,
                    "ix": 5
                  },
                  "nm": "Transform"
                }
              ],
              "nm": "Ellipse 1",
              "np": 3,
              "cix": 2,
              "bm": 0,
              "ix": 1,
              "mn": "ADBE Vector Group",
              "hd": false
            }
          ],
          "ip": 0,
          "op": 300,
          "st": 0,
          "bm": 0
        },
        {
          "ddd": 0,
          "ind": 4,
          "ty": 0,
          "nm": "numbers",
          "tt": 1,
          "refId": "comp_1",
          "sr": 1,
          "ks": {
            "o": {
              "a": 0,
              "k": 100,
              "ix": 11
            },
            "r": {
              "a": 0,
              "k": 0,
              "ix": 10
            },
            "p": {
              "a": 0,
              "k": [
                512,
                512,
                0
              ],
              "ix": 2
            },
            "a": {
              "a": 0,
              "k": [
                512,
                512,
                0
              ],
              "ix": 1
            },
            "s": {
              "a": 0,
              "k": [
                100,
                100,
                100
              ],
              "ix": 6
            }
          },
          "ao": 0,
          "w": 1024,
          "h": 1024,
          "ip": 0,
          "op": 300,
          "st": 0,
          "bm": 0
        },
        {
          "ddd": 0,
          "ind": 5,
          "ty": 4,
          "nm": "Shape Layer 1",
          "sr": 1,
          "ks": {
            "o": {
              "a": 0,
              "k": 100,
              "ix": 11
            },
            "r": {
              "a": 0,
              "k": 0,
              "ix": 10
            },
            "p": {
              "a": 0,
              "k": [
                512,
                512,
                0
              ],
              "ix": 2
            },
            "a": {
              "a": 0,
              "k": [
                0,
                0,
                0
              ],
              "ix": 1
            },
            "s": {
              "a": 0,
              "k": [
                100,
                100,
                100
              ],
              "ix": 6
            }
          },
          "ao": 0,
          "shapes": [
            {
              "ty": "gr",
              "it": [
                {
                  "d": 1,
                  "ty": "el",
                  "s": {
                    "a": 0,
                    "k": [
                      890,
                      890
                    ],
                    "ix": 2
                  },
                  "p": {
                    "a": 0,
                    "k": [
                      0,
                      0
                    ],
                    "ix": 3
                  },
                  "nm": "Ellipse Path 1",
                  "mn": "ADBE Vector Shape - Ellipse",
                  "hd": false
                },
                {
                  "ty": "st",
                  "c": {
                    "a": 1,
                    "k": [
                      {
                        "i": {
                          "x": [
                            0.833
                          ],
                          "y": [
                            0.824
                          ]
                        },
                        "o": {
                          "x": [
                            0.333
                          ],
                          "y": [
                            0
                          ]
                        },
                        "t": 0,
                        "s": [
                          0,
                          0.666666686535,
                          1,
                          1
                        ]
                      },
                      {
                        "i": {
                          "x": [
                            0.667
                          ],
                          "y": [
                            1
                          ]
                        },
                        "o": {
                          "x": [
                            0.167
                          ],
                          "y": [
                            -0.176
                          ]
                        },
                        "t": 7.5,
                        "s": [
                          1,
                          1,
                          1,
                          1
                        ]
                      },
                      {
                        "i": {
                          "x": [
                            0.833
                          ],
                          "y": [
                            0.824
                          ]
                        },
                        "o": {
                          "x": [
                            0.333
                          ],
                          "y": [
                            0
                          ]
                        },
                        "t": 15,
                        "s": [
                          0,
                          0.666666686535,
                          1,
                          1
                        ]
                      },
                      {
                        "i": {
                          "x": [
                            0.667
                          ],
                          "y": [
                            1
                          ]
                        },
                        "o": {
                          "x": [
                            0.167
                          ],
                          "y": [
                            -0.176
                          ]
                        },
                        "t": 22.5,
                        "s": [
                          1,
                          1,
                          1,
                          1
                        ]
                      },
                      {
                        "i": {
                          "x": [
                            0.833
                          ],
                          "y": [
                            1
                          ]
                        },
                        "o": {
                          "x": [
                            0.333
                          ],
                          "y": [
                            0
                          ]
                        },
                        "t": 30,
                        "s": [
                          0,
                          0.666666686535,
                          1,
                          1
                        ]
                      },
                      {
                        "i": {
                          "x": [
                            0.667
                          ],
                          "y": [
                            1
                          ]
                        },
                        "o": {
                          "x": [
                            0.167
                          ],
                          "y": [
                            0.249
                          ]
                        },
                        "t": 90,
                        "s": [
                          0,
                          0.666666686535,
                          1,
                          1
                        ]
                      },
                      {
                        "t": 121,
                        "s": [
                          1,
                          0.185000002384,
                          0,
                          1
                        ]
                      }
                    ],
                    "ix": 3
                  },
                  "o": {
                    "a": 0,
                    "k": 100,
                    "ix": 4
                  },
                  "w": {
                    "a": 0,
                    "k": 23,
                    "ix": 5
                  },
                  "lc": 2,
                  "lj": 2,
                  "bm": 0,
                  "nm": "Stroke 1",
                  "mn": "ADBE Vector Graphic - Stroke",
                  "hd": false
                },
                {
                  "ty": "tr",
                  "p": {
                    "a": 0,
                    "k": [
                      0,
                      0
                    ],
                    "ix": 2
                  },
                  "a": {
                    "a": 0,
                    "k": [
                      0,
                      0
                    ],
                    "ix": 1
                  },
                  "s": {
                    "a": 0,
                    "k": [
                      100,
                      100
                    ],
                    "ix": 3
                  },
                  "r": {
                    "a": 0,
                    "k": 0,
                    "ix": 6
                  },
                  "o": {
                    "a": 0,
                    "k": 100,
                    "ix": 7
                  },
                  "sk": {
                    "a": 0,
                    "k": 0,
                    "ix": 4
                  },
                  "sa": {
                    "a": 0,
                    "k": 0,
                    "ix": 5
                  },
                  "nm": "Transform"
                }
              ],
              "nm": "Ellipse 1",
              "np": 3,
              "cix": 2,
              "bm": 0,
              "ix": 1,
              "mn": "ADBE Vector Group",
              "hd": false
            },
            {
              "ty": "tm",
              "s": {
                "a": 0,
                "k": 0,
                "ix": 1
              },
              "e": {
                "a": 1,
                "k": [
                  {
                    "i": {
                      "x": [
                        0.833
                      ],
                      "y": [
                        0.833
                      ]
                    },
                    "o": {
                      "x": [
                        0.167
                      ],
                      "y": [
                        0.167
                      ]
                    },
                    "t": 30,
                    "s": [
                      100
                    ]
                  },
                  {
                    "t": 180,
                    "s": [
                      0
                    ]
                  }
                ],
                "ix": 2
              },
              "o": {
                "a": 0,
                "k": 0,
                "ix": 3
              },
              "m": 1,
              "ix": 2,
              "nm": "Trim Paths 1",
              "mn": "ADBE Vector Filter - Trim",
              "hd": false
            }
          ],
          "ip": 0,
          "op": 300,
          "st": 0,
          "bm": 16
        },
        {
          "ddd": 0,
          "ind": 6,
          "ty": 4,
          "nm": "Shape Layer 2",
          "sr": 1,
          "ks": {
            "o": {
              "a": 0,
              "k": 15,
              "ix": 11
            },
            "r": {
              "a": 0,
              "k": 0,
              "ix": 10
            },
            "p": {
              "a": 0,
              "k": [
                512,
                512,
                0
              ],
              "ix": 2
            },
            "a": {
              "a": 0,
              "k": [
                0,
                0,
                0
              ],
              "ix": 1
            },
            "s": {
              "a": 0,
              "k": [
                100,
                100,
                100
              ],
              "ix": 6
            }
          },
          "ao": 0,
          "shapes": [
            {
              "ty": "gr",
              "it": [
                {
                  "d": 1,
                  "ty": "el",
                  "s": {
                    "a": 0,
                    "k": [
                      890,
                      890
                    ],
                    "ix": 2
                  },
                  "p": {
                    "a": 0,
                    "k": [
                      0,
                      0
                    ],
                    "ix": 3
                  },
                  "nm": "Ellipse Path 1",
                  "mn": "ADBE Vector Shape - Ellipse",
                  "hd": false
                },
                {
                  "ty": "st",
                  "c": {
                    "a": 0,
                    "k": [
                      1,
                      1,
                      1,
                      1
                    ],
                    "ix": 3
                  },
                  "o": {
                    "a": 0,
                    "k": 100,
                    "ix": 4
                  },
                  "w": {
                    "a": 0,
                    "k": 23,
                    "ix": 5
                  },
                  "lc": 2,
                  "lj": 2,
                  "bm": 0,
                  "nm": "Stroke 1",
                  "mn": "ADBE Vector Graphic - Stroke",
                  "hd": false
                },
                {
                  "ty": "tr",
                  "p": {
                    "a": 0,
                    "k": [
                      0,
                      0
                    ],
                    "ix": 2
                  },
                  "a": {
                    "a": 0,
                    "k": [
                      0,
                      0
                    ],
                    "ix": 1
                  },
                  "s": {
                    "a": 0,
                    "k": [
                      100,
                      100
                    ],
                    "ix": 3
                  },
                  "r": {
                    "a": 0,
                    "k": 0,
                    "ix": 6
                  },
                  "o": {
                    "a": 0,
                    "k": 100,
                    "ix": 7
                  },
                  "sk": {
                    "a": 0,
                    "k": 0,
                    "ix": 4
                  },
                  "sa": {
                    "a": 0,
                    "k": 0,
                    "ix": 5
                  },
                  "nm": "Transform"
                }
              ],
              "nm": "Ellipse 1",
              "np": 3,
              "cix": 2,
              "bm": 0,
              "ix": 1,
              "mn": "ADBE Vector Group",
              "hd": false
            },
            {
              "ty": "tm",
              "s": {
                "a": 0,
                "k": 0,
                "ix": 1
              },
              "e": {
                "a": 0,
                "k": 100,
                "ix": 2
              },
              "o": {
                "a": 0,
                "k": 0,
                "ix": 3
              },
              "m": 1,
              "ix": 2,
              "nm": "Trim Paths 1",
              "mn": "ADBE Vector Filter - Trim",
              "hd": false
            }
          ],
          "ip": 0,
          "op": 300,
          "st": 0,
          "bm": 0
        }
      ]
    },
    {
      "id": "comp_1",
      "layers": [
        {
          "ddd": 0,
          "ind": 1,
          "ty": 3,
          "nm": "Null 1",
          "sr": 1,
          "ks": {
            "o": {
              "a": 0,
              "k": 0,
              "ix": 11
            },
            "r": {
              "a": 0,
              "k": 0,
              "ix": 10
            },
            "p": {
              "a": 0,
              "k": [
                512,
                512,
                0
              ],
              "ix": 2
            },
            "a": {
              "a": 1,
              "k": [
                {
                  "i": {
                    "x": 0.667,
                    "y": 1
                  },
                  "o": {
                    "x": 0.333,
                    "y": 0
                  },
                  "t": 30,
                  "s": [
                    0,
                    0,
                    0
                  ],
                  "to": [
                    0,
                    0,
                    0
                  ],
                  "ti": [
                    0,
                    0,
                    0
                  ]
                },
                {
                  "i": {
                    "x": 0.667,
                    "y": 1
                  },
                  "o": {
                    "x": 0.333,
                    "y": 0
                  },
                  "t": 60,
                  "s": [
                    0,
                    -700,
                    0
                  ],
                  "to": [
                    0,
                    0,
                    0
                  ],
                  "ti": [
                    0,
                    0,
                    0
                  ]
                },
                {
                  "i": {
                    "x": 0.667,
                    "y": 1
                  },
                  "o": {
                    "x": 0.333,
                    "y": 0
                  },
                  "t": 90,
                  "s": [
                    0,
                    -1400,
                    0
                  ],
                  "to": [
                    0,
                    0,
                    0
                  ],
                  "ti": [
                    0,
                    0,
                    0
                  ]
                },
                {
                  "i": {
                    "x": 0.667,
                    "y": 1
                  },
                  "o": {
                    "x": 0.333,
                    "y": 0
                  },
                  "t": 120,
                  "s": [
                    0,
                    -2100,
                    0
                  ],
                  "to": [
                    0,
                    0,
                    0
                  ],
                  "ti": [
                    0,
                    0,
                    0
                  ]
                },
                {
                  "i": {
                    "x": 0.667,
                    "y": 1
                  },
                  "o": {
                    "x": 0.333,
                    "y": 0
                  },
                  "t": 150,
                  "s": [
                    0,
                    -2800,
                    0
                  ],
                  "to": [
                    0,
                    0,
                    0
                  ],
                  "ti": [
                    0,
                    0,
                    0
                  ]
                },
                {
                  "t": 180,
                  "s": [
                    0,
                    -3500,
                    0
                  ]
                }
              ],
              "ix": 1
            },
            "s": {
              "a": 0,
              "k": [
                100,
                100,
                100
              ],
              "ix": 6
            }
          },
          "ao": 0,
          "ip": 0,
          "op": 300,
          "st": 0,
          "bm": 0
        },
        {
          "ddd": 0,
          "ind": 3,
          "ty": 5,
          "nm": "0",
          "parent": 1,
          "sr": 1,
          "ks": {
            "o": {
              "a": 0,
              "k": 100,
              "ix": 11
            },
            "r": {
              "a": 0,
              "k": 0,
              "ix": 10
            },
            "p": {
              "a": 0,
              "k": [
                0,
                -3500,
                0
              ],
              "ix": 2
            },
            "a": {
              "a": 0,
              "k": [
                0,
                -240,
                0
              ],
              "ix": 1
            },
            "s": {
              "a": 0,
              "k": [
                80,
                80,
                100
              ],
              "ix": 6
            }
          },
          "ao": 0,
          "t": {
            "d": {
              "k": [
                {
                  "s": {
                    "s": 614,
                    "f": "Comfortaa-Light",
                    "t": "0",
                    "j": 2,
                    "tr": 0,
                    "lh": 736.8,
                    "ls": 0,
                    "fc": [
                      1,
                      1,
                      1
                    ]
                  },
                  "t": 0
                }
              ]
            },
            "p": {},
            "m": {
              "g": 1,
              "a": {
                "a": 0,
                "k": [
                  0,
                  0
                ],
                "ix": 2
              }
            },
            "a": []
          },
          "ip": 0,
          "op": 300,
          "st": 0,
          "bm": 0
        },
        {
          "ddd": 0,
          "ind": 4,
          "ty": 5,
          "nm": "1 ",
          "parent": 1,
          "sr": 1,
          "ks": {
            "o": {
              "a": 0,
              "k": 100,
              "ix": 11
            },
            "r": {
              "a": 0,
              "k": 0,
              "ix": 10
            },
            "p": {
              "a": 0,
              "k": [
                0,
                -2800,
                0
              ],
              "ix": 2
            },
            "a": {
              "a": 0,
              "k": [
                0,
                -240,
                0
              ],
              "ix": 1
            },
            "s": {
              "a": 0,
              "k": [
                80,
                80,
                100
              ],
              "ix": 6
            }
          },
          "ao": 0,
          "t": {
            "d": {
              "k": [
                {
                  "s": {
                    "s": 614,
                    "f": "Comfortaa-Light",
                    "t": "1\r",
                    "j": 2,
                    "tr": 0,
                    "lh": 736.8,
                    "ls": 0,
                    "fc": [
                      1,
                      1,
                      1
                    ]
                  },
                  "t": 0
                }
              ]
            },
            "p": {},
            "m": {
              "g": 1,
              "a": {
                "a": 0,
                "k": [
                  0,
                  0
                ],
                "ix": 2
              }
            },
            "a": []
          },
          "ip": 0,
          "op": 300,
          "st": 0,
          "bm": 0
        },
        {
          "ddd": 0,
          "ind": 5,
          "ty": 5,
          "nm": "2 ",
          "parent": 1,
          "sr": 1,
          "ks": {
            "o": {
              "a": 0,
              "k": 100,
              "ix": 11
            },
            "r": {
              "a": 0,
              "k": 0,
              "ix": 10
            },
            "p": {
              "a": 0,
              "k": [
                0,
                -2100,
                0
              ],
              "ix": 2
            },
            "a": {
              "a": 0,
              "k": [
                0,
                -240,
                0
              ],
              "ix": 1
            },
            "s": {
              "a": 0,
              "k": [
                80,
                80,
                100
              ],
              "ix": 6
            }
          },
          "ao": 0,
          "t": {
            "d": {
              "k": [
                {
                  "s": {
                    "s": 614,
                    "f": "Comfortaa-Light",
                    "t": "2\r",
                    "j": 2,
                    "tr": 0,
                    "lh": 736.8,
                    "ls": 0,
                    "fc": [
                      1,
                      1,
                      1
                    ]
                  },
                  "t": 0
                }
              ]
            },
            "p": {},
            "m": {
              "g": 1,
              "a": {
                "a": 0,
                "k": [
                  0,
                  0
                ],
                "ix": 2
              }
            },
            "a": []
          },
          "ip": 0,
          "op": 300,
          "st": 0,
          "bm": 0
        },
        {
          "ddd": 0,
          "ind": 6,
          "ty": 5,
          "nm": "3 ",
          "parent": 1,
          "sr": 1,
          "ks": {
            "o": {
              "a": 0,
              "k": 100,
              "ix": 11
            },
            "r": {
              "a": 0,
              "k": 0,
              "ix": 10
            },
            "p": {
              "a": 0,
              "k": [
                0,
                -1400,
                0
              ],
              "ix": 2
            },
            "a": {
              "a": 0,
              "k": [
                0,
                -240,
                0
              ],
              "ix": 1
            },
            "s": {
              "a": 0,
              "k": [
                80,
                80,
                100
              ],
              "ix": 6
            }
          },
          "ao": 0,
          "t": {
            "d": {
              "k": [
                {
                  "s": {
                    "s": 614,
                    "f": "Comfortaa-Light",
                    "t": "3\r",
                    "j": 2,
                    "tr": 0,
                    "lh": 736.8,
                    "ls": 0,
                    "fc": [
                      1,
                      1,
                      1
                    ]
                  },
                  "t": 0
                }
              ]
            },
            "p": {},
            "m": {
              "g": 1,
              "a": {
                "a": 0,
                "k": [
                  0,
                  0
                ],
                "ix": 2
              }
            },
            "a": []
          },
          "ip": 0,
          "op": 300,
          "st": 0,
          "bm": 0
        },
        {
          "ddd": 0,
          "ind": 7,
          "ty": 5,
          "nm": "4 ",
          "parent": 1,
          "sr": 1,
          "ks": {
            "o": {
              "a": 0,
              "k": 100,
              "ix": 11
            },
            "r": {
              "a": 0,
              "k": 0,
              "ix": 10
            },
            "p": {
              "a": 0,
              "k": [
                0,
                -700,
                0
              ],
              "ix": 2
            },
            "a": {
              "a": 0,
              "k": [
                0,
                -240,
                0
              ],
              "ix": 1
            },
            "s": {
              "a": 0,
              "k": [
                80,
                80,
                100
              ],
              "ix": 6
            }
          },
          "ao": 0,
          "t": {
            "d": {
              "k": [
                {
                  "s": {
                    "s": 614,
                    "f": "Comfortaa-Light",
                    "t": "4\r",
                    "j": 2,
                    "tr": 0,
                    "lh": 736.8,
                    "ls": 0,
                    "fc": [
                      1,
                      1,
                      1
                    ]
                  },
                  "t": 0
                }
              ]
            },
            "p": {},
            "m": {
              "g": 1,
              "a": {
                "a": 0,
                "k": [
                  0,
                  0
                ],
                "ix": 2
              }
            },
            "a": []
          },
          "ip": 0,
          "op": 300,
          "st": 0,
          "bm": 0
        },
        {
          "ddd": 0,
          "ind": 8,
          "ty": 5,
          "nm": "5",
          "parent": 1,
          "sr": 1,
          "ks": {
            "o": {
              "a": 0,
              "k": 100,
              "ix": 11
            },
            "r": {
              "a": 0,
              "k": 0,
              "ix": 10
            },
            "p": {
              "a": 0,
              "k": [
                0,
                0,
                0
              ],
              "ix": 2
            },
            "a": {
              "a": 0,
              "k": [
                0,
                -240,
                0
              ],
              "ix": 1
            },
            "s": {
              "a": 0,
              "k": [
                80,
                80,
                100
              ],
              "ix": 6
            }
          },
          "ao": 0,
          "t": {
            "d": {
              "k": [
                {
                  "s": {
                    "s": 614,
                    "f": "Comfortaa-Light",
                    "t": "5",
                    "j": 2,
                    "tr": 0,
                    "lh": 736.8,
                    "ls": 0,
                    "fc": [
                      1,
                      1,
                      1
                    ]
                  },
                  "t": 0
                }
              ]
            },
            "p": {},
            "m": {
              "g": 1,
              "a": {
                "a": 0,
                "k": [
                  0,
                  0
                ],
                "ix": 2
              }
            },
            "a": []
          },
          "ip": 0,
          "op": 300,
          "st": 0,
          "bm": 0
        }
      ]
    }
  ],
  "fonts": {
    "list": [
      {
        "fName": "Comfortaa-Light",
        "fFamily": "Comfortaa",
        "fStyle": "Light",
        "ascent": 78.0990600585938
      }
    ]
  },
  "layers": [
    {
      "ddd": 0,
      "ind": 1,
      "ty": 0,
      "nm": "countdown_demo",
      "refId": "comp_0",
      "sr": 1,
      "ks": {
        "o": {
          "a": 0,
          "k": 100,
          "ix": 11
        },
        "r": {
          "a": 0,
          "k": 0,
          "ix": 10
        },
        "p": {
          "a": 0,
          "k": [
            150,
            150,
            0
          ],
          "ix": 2
        },
        "a": {
          "a": 0,
          "k": [
            512,
            512,
            0
          ],
          "ix": 1
        },
        "s": {
          "a": 0,
          "k": [
            29.297,
            29.297,
            100
          ],
          "ix": 6
        }
      },
      "ao": 0,
      "w": 1024,
      "h": 1024,
      "ip": 0,
      "op": 300,
      "st": 0,
      "bm": 0
    }
  ],
  "markers": [],
  "chars": [
    {
      "ch": "5",
      "size": 614,
      "style": "Light",
      "w": 62.6,
      "data": {
        "shapes": [
          {
            "ty": "gr",
            "it": [
              {
                "ind": 0,
                "ty": "sh",
                "ix": 1,
                "ks": {
                  "a": 0,
                  "k": {
                    "i": [
                      [
                        -4.734,
                        0
                      ],
                      [
                        -3.867,
                        2.2
                      ],
                      [
                        -2.2,
                        3.867
                      ],
                      [
                        0,
                        4.734
                      ],
                      [
                        2.2,
                        3.867
                      ],
                      [
                        3.866,
                        2.2
                      ],
                      [
                        4.733,
                        0
                      ],
                      [
                        0,
                        0
                      ],
                      [
                        0,
                        0
                      ],
                      [
                        0,
                        0
                      ],
                      [
                        -0.6,
                        0.6
                      ],
                      [
                        0,
                        0.867
                      ],
                      [
                        0.6,
                        0.567
                      ],
                      [
                        0.866,
                        0
                      ],
                      [
                        0,
                        0
                      ],
                      [
                        0.566,
                        -0.566
                      ],
                      [
                        0,
                        -0.866
                      ],
                      [
                        0,
                        0
                      ],
                      [
                        -0.567,
                        -0.566
                      ],
                      [
                        -0.867,
                        0
                      ],
                      [
                        0,
                        0
                      ],
                      [
                        -2.934,
                        -1.7
                      ],
                      [
                        -1.667,
                        -2.933
                      ],
                      [
                        0,
                        -3.6
                      ],
                      [
                        1.666,
                        -2.933
                      ],
                      [
                        2.933,
                        -1.666
                      ],
                      [
                        3.6,
                        0
                      ],
                      [
                        2.933,
                        1.667
                      ],
                      [
                        1.666,
                        2.934
                      ],
                      [
                        0,
                        3.6
                      ],
                      [
                        0.6,
                        0.6
                      ],
                      [
                        0.866,
                        0
                      ],
                      [
                        0.566,
                        -0.6
                      ],
                      [
                        0,
                        -0.866
                      ],
                      [
                        -2.2,
                        -3.866
                      ],
                      [
                        -3.867,
                        -2.2
                      ]
                    ],
                    "o": [
                      [
                        4.733,
                        0
                      ],
                      [
                        3.866,
                        -2.2
                      ],
                      [
                        2.2,
                        -3.866
                      ],
                      [
                        0,
                        -4.733
                      ],
                      [
                        -2.2,
                        -3.866
                      ],
                      [
                        -3.867,
                        -2.2
                      ],
                      [
                        0,
                        0
                      ],
                      [
                        0,
                        0
                      ],
                      [
                        0,
                        0
                      ],
                      [
                        0.866,
                        0
                      ],
                      [
                        0.6,
                        -0.6
                      ],
                      [
                        0,
                        -0.866
                      ],
                      [
                        -0.6,
                        -0.566
                      ],
                      [
                        0,
                        0
                      ],
                      [
                        -0.867,
                        0
                      ],
                      [
                        -0.567,
                        0.567
                      ],
                      [
                        0,
                        0
                      ],
                      [
                        0,
                        0.867
                      ],
                      [
                        0.566,
                        0.567
                      ],
                      [
                        0,
                        0
                      ],
                      [
                        3.6,
                        0
                      ],
                      [
                        2.933,
                        1.7
                      ],
                      [
                        1.666,
                        2.934
                      ],
                      [
                        0,
                        3.6
                      ],
                      [
                        -1.667,
                        2.934
                      ],
                      [
                        -2.934,
                        1.667
                      ],
                      [
                        -3.6,
                        0
                      ],
                      [
                        -2.934,
                        -1.666
                      ],
                      [
                        -1.667,
                        -2.933
                      ],
                      [
                        0,
                        -0.866
                      ],
                      [
                        -0.6,
                        -0.6
                      ],
                      [
                        -0.867,
                        0
                      ],
                      [
                        -0.567,
                        0.6
                      ],
                      [
                        0,
                        4.734
                      ],
                      [
                        2.2,
                        3.867
                      ],
                      [
                        3.866,
                        2.2
                      ]
                    ],
                    "v": [
                      [
                        31.8,
                        0
                      ],
                      [
                        44.7,
                        -3.3
                      ],
                      [
                        53.8,
                        -12.4
                      ],
                      [
                        57.1,
                        -25.3
                      ],
                      [
                        53.8,
                        -38.2
                      ],
                      [
                        44.7,
                        -47.3
                      ],
                      [
                        31.8,
                        -50.6
                      ],
                      [
                        16.6,
                        -50.6
                      ],
                      [
                        16.6,
                        -72.1
                      ],
                      [
                        50,
                        -72.1
                      ],
                      [
                        52.2,
                        -73
                      ],
                      [
                        53.1,
                        -75.2
                      ],
                      [
                        52.2,
                        -77.35
                      ],
                      [
                        50,
                        -78.2
                      ],
                      [
                        13.6,
                        -78.2
                      ],
                      [
                        11.45,
                        -77.35
                      ],
                      [
                        10.6,
                        -75.2
                      ],
                      [
                        10.6,
                        -47.6
                      ],
                      [
                        11.45,
                        -45.45
                      ],
                      [
                        13.6,
                        -44.6
                      ],
                      [
                        31.8,
                        -44.6
                      ],
                      [
                        41.6,
                        -42.05
                      ],
                      [
                        48.5,
                        -35.1
                      ],
                      [
                        51,
                        -25.3
                      ],
                      [
                        48.5,
                        -15.5
                      ],
                      [
                        41.6,
                        -8.6
                      ],
                      [
                        31.8,
                        -6.1
                      ],
                      [
                        22,
                        -8.6
                      ],
                      [
                        15.1,
                        -15.5
                      ],
                      [
                        12.6,
                        -25.3
                      ],
                      [
                        11.7,
                        -27.5
                      ],
                      [
                        9.5,
                        -28.4
                      ],
                      [
                        7.35,
                        -27.5
                      ],
                      [
                        6.5,
                        -25.3
                      ],
                      [
                        9.8,
                        -12.4
                      ],
                      [
                        18.9,
                        -3.3
                      ]
                    ],
                    "c": true
                  },
                  "ix": 2
                },
                "nm": "5",
                "mn": "ADBE Vector Shape - Group",
                "hd": false
              }
            ],
            "nm": "5",
            "np": 3,
            "cix": 2,
            "bm": 0,
            "ix": 1,
            "mn": "ADBE Vector Group",
            "hd": false
          }
        ]
      },
      "fFamily": "Comfortaa"
    },
    {
      "ch": "4",
      "size": 614,
      "style": "Light",
      "w": 64.3,
      "data": {
        "shapes": [
          {
            "ty": "gr",
            "it": [
              {
                "ind": 0,
                "ty": "sh",
                "ix": 1,
                "ks": {
                  "a": 0,
                  "k": {
                    "i": [
                      [
                        2,
                        0
                      ],
                      [
                        0,
                        0
                      ],
                      [
                        0,
                        0
                      ],
                      [
                        0.566,
                        0.6
                      ],
                      [
                        0.866,
                        0
                      ],
                      [
                        0.366,
                        -0.2
                      ],
                      [
                        0.333,
                        -0.4
                      ],
                      [
                        0,
                        0
                      ],
                      [
                        0,
                        -0.666
                      ],
                      [
                        -0.6,
                        -0.633
                      ],
                      [
                        -0.867,
                        0
                      ],
                      [
                        0,
                        0
                      ],
                      [
                        0,
                        0
                      ],
                      [
                        -0.567,
                        -0.566
                      ],
                      [
                        -0.867,
                        0
                      ],
                      [
                        -0.567,
                        0.567
                      ],
                      [
                        0,
                        0.867
                      ],
                      [
                        0,
                        0
                      ],
                      [
                        0,
                        0
                      ],
                      [
                        -0.6,
                        0.567
                      ],
                      [
                        0,
                        0.6
                      ]
                    ],
                    "o": [
                      [
                        0,
                        0
                      ],
                      [
                        0,
                        0
                      ],
                      [
                        0,
                        -0.866
                      ],
                      [
                        -0.567,
                        -0.6
                      ],
                      [
                        -0.6,
                        0
                      ],
                      [
                        -0.367,
                        0.2
                      ],
                      [
                        0,
                        0
                      ],
                      [
                        -0.4,
                        0.467
                      ],
                      [
                        0,
                        0.8
                      ],
                      [
                        0.6,
                        0.634
                      ],
                      [
                        0,
                        0
                      ],
                      [
                        0,
                        0
                      ],
                      [
                        0,
                        0.867
                      ],
                      [
                        0.566,
                        0.567
                      ],
                      [
                        0.866,
                        0
                      ],
                      [
                        0.566,
                        -0.566
                      ],
                      [
                        0,
                        0
                      ],
                      [
                        0,
                        0
                      ],
                      [
                        0.8,
                        0
                      ],
                      [
                        0.6,
                        -0.566
                      ],
                      [
                        0,
                        -1.866
                      ]
                    ],
                    "v": [
                      [
                        56.8,
                        -24.8
                      ],
                      [
                        47.6,
                        -24.8
                      ],
                      [
                        47.6,
                        -75.1
                      ],
                      [
                        46.75,
                        -77.3
                      ],
                      [
                        44.6,
                        -78.2
                      ],
                      [
                        43.15,
                        -77.9
                      ],
                      [
                        42.1,
                        -77
                      ],
                      [
                        1.6,
                        -24.2
                      ],
                      [
                        1,
                        -22.5
                      ],
                      [
                        1.9,
                        -20.35
                      ],
                      [
                        4.1,
                        -19.4
                      ],
                      [
                        41.6,
                        -19.4
                      ],
                      [
                        41.6,
                        -3
                      ],
                      [
                        42.45,
                        -0.85
                      ],
                      [
                        44.6,
                        0
                      ],
                      [
                        46.75,
                        -0.85
                      ],
                      [
                        47.6,
                        -3
                      ],
                      [
                        47.6,
                        -19.4
                      ],
                      [
                        56.8,
                        -19.4
                      ],
                      [
                        58.9,
                        -20.25
                      ],
                      [
                        59.8,
                        -22
                      ]
                    ],
                    "c": true
                  },
                  "ix": 2
                },
                "nm": "4",
                "mn": "ADBE Vector Shape - Group",
                "hd": false
              },
              {
                "ind": 1,
                "ty": "sh",
                "ix": 2,
                "ks": {
                  "a": 0,
                  "k": {
                    "i": [
                      [
                        0,
                        0
                      ],
                      [
                        0,
                        0
                      ],
                      [
                        0,
                        0
                      ]
                    ],
                    "o": [
                      [
                        0,
                        0
                      ],
                      [
                        0,
                        0
                      ],
                      [
                        0,
                        0
                      ]
                    ],
                    "v": [
                      [
                        41.6,
                        -66.6
                      ],
                      [
                        41.6,
                        -24.8
                      ],
                      [
                        9.3,
                        -24.8
                      ]
                    ],
                    "c": true
                  },
                  "ix": 2
                },
                "nm": "4",
                "mn": "ADBE Vector Shape - Group",
                "hd": false
              }
            ],
            "nm": "4",
            "np": 5,
            "cix": 2,
            "bm": 0,
            "ix": 1,
            "mn": "ADBE Vector Group",
            "hd": false
          }
        ]
      },
      "fFamily": "Comfortaa"
    },
    {
      "ch": "\r",
      "size": 614,
      "style": "Light",
      "w": 0,
      "fFamily": "Comfortaa"
    },
    {
      "ch": "3",
      "size": 614,
      "style": "Light",
      "w": 57.6,
      "data": {
        "shapes": [
          {
            "ty": "gr",
            "it": [
              {
                "ind": 0,
                "ty": "sh",
                "ix": 1,
                "ks": {
                  "a": 0,
                  "k": {
                    "i": [
                      [
                        -4.4,
                        0
                      ],
                      [
                        -3.667,
                        2
                      ],
                      [
                        -2.067,
                        3.467
                      ],
                      [
                        0,
                        4.334
                      ],
                      [
                        2.666,
                        3.834
                      ],
                      [
                        4.866,
                        1.267
                      ],
                      [
                        -2.3,
                        3.3
                      ],
                      [
                        0,
                        3.134
                      ],
                      [
                        1.8,
                        3
                      ],
                      [
                        3.1,
                        1.734
                      ],
                      [
                        3.8,
                        0
                      ],
                      [
                        3.233,
                        -1.666
                      ],
                      [
                        1.8,
                        -2.866
                      ],
                      [
                        0,
                        -3.6
                      ],
                      [
                        -0.534,
                        -0.566
                      ],
                      [
                        -0.934,
                        0
                      ],
                      [
                        -0.6,
                        0.567
                      ],
                      [
                        0,
                        0.867
                      ],
                      [
                        -2.8,
                        2.467
                      ],
                      [
                        -4.467,
                        0
                      ],
                      [
                        -2.567,
                        -2.566
                      ],
                      [
                        0,
                        -4.066
                      ],
                      [
                        1.233,
                        -2.166
                      ],
                      [
                        2.133,
                        -1.266
                      ],
                      [
                        2.6,
                        0
                      ],
                      [
                        0.566,
                        -0.566
                      ],
                      [
                        0,
                        -0.866
                      ],
                      [
                        -0.567,
                        -0.566
                      ],
                      [
                        -0.867,
                        0
                      ],
                      [
                        -2.634,
                        -1.4
                      ],
                      [
                        -1.534,
                        -2.6
                      ],
                      [
                        0,
                        -3.466
                      ],
                      [
                        3.2,
                        -3.166
                      ],
                      [
                        5.533,
                        0
                      ],
                      [
                        2.7,
                        1.5
                      ],
                      [
                        1.533,
                        2.567
                      ],
                      [
                        0,
                        3.2
                      ],
                      [
                        0.533,
                        0.634
                      ],
                      [
                        0.933,
                        0
                      ],
                      [
                        0.566,
                        -0.633
                      ],
                      [
                        0,
                        -0.933
                      ],
                      [
                        -2.067,
                        -3.533
                      ],
                      [
                        -3.6,
                        -2
                      ]
                    ],
                    "o": [
                      [
                        4.533,
                        0
                      ],
                      [
                        3.666,
                        -2
                      ],
                      [
                        2.066,
                        -3.466
                      ],
                      [
                        0,
                        -4.733
                      ],
                      [
                        -2.667,
                        -3.833
                      ],
                      [
                        3.333,
                        -1.4
                      ],
                      [
                        2.3,
                        -3.3
                      ],
                      [
                        0,
                        -3.666
                      ],
                      [
                        -1.8,
                        -3
                      ],
                      [
                        -3.1,
                        -1.733
                      ],
                      [
                        -4.067,
                        0
                      ],
                      [
                        -3.234,
                        1.667
                      ],
                      [
                        -1.8,
                        2.867
                      ],
                      [
                        0,
                        0.867
                      ],
                      [
                        0.533,
                        0.567
                      ],
                      [
                        0.866,
                        0
                      ],
                      [
                        0.6,
                        -0.566
                      ],
                      [
                        0,
                        -3.8
                      ],
                      [
                        2.8,
                        -2.466
                      ],
                      [
                        4.4,
                        0
                      ],
                      [
                        2.566,
                        2.567
                      ],
                      [
                        0,
                        2.467
                      ],
                      [
                        -1.234,
                        2.167
                      ],
                      [
                        -2.134,
                        1.267
                      ],
                      [
                        -0.867,
                        0
                      ],
                      [
                        -0.567,
                        0.567
                      ],
                      [
                        0,
                        0.867
                      ],
                      [
                        0.566,
                        0.567
                      ],
                      [
                        3.266,
                        0
                      ],
                      [
                        2.633,
                        1.4
                      ],
                      [
                        1.533,
                        2.6
                      ],
                      [
                        0,
                        4.934
                      ],
                      [
                        -3.2,
                        3.167
                      ],
                      [
                        -3.2,
                        0
                      ],
                      [
                        -2.7,
                        -1.5
                      ],
                      [
                        -1.534,
                        -2.566
                      ],
                      [
                        0,
                        -0.933
                      ],
                      [
                        -0.534,
                        -0.633
                      ],
                      [
                        -0.934,
                        0
                      ],
                      [
                        -0.567,
                        0.634
                      ],
                      [
                        0,
                        4.267
                      ],
                      [
                        2.066,
                        3.534
                      ],
                      [
                        3.6,
                        2
                      ]
                    ],
                    "v": [
                      [
                        29.1,
                        0.9
                      ],
                      [
                        41.4,
                        -2.1
                      ],
                      [
                        50,
                        -10.3
                      ],
                      [
                        53.1,
                        -22
                      ],
                      [
                        49.1,
                        -34.85
                      ],
                      [
                        37.8,
                        -42.5
                      ],
                      [
                        46.25,
                        -49.55
                      ],
                      [
                        49.7,
                        -59.2
                      ],
                      [
                        47,
                        -69.2
                      ],
                      [
                        39.65,
                        -76.3
                      ],
                      [
                        29.3,
                        -78.9
                      ],
                      [
                        18.35,
                        -76.4
                      ],
                      [
                        10.8,
                        -69.6
                      ],
                      [
                        8.1,
                        -59.9
                      ],
                      [
                        8.9,
                        -57.75
                      ],
                      [
                        11.1,
                        -56.9
                      ],
                      [
                        13.3,
                        -57.75
                      ],
                      [
                        14.2,
                        -59.9
                      ],
                      [
                        18.4,
                        -69.3
                      ],
                      [
                        29.3,
                        -73
                      ],
                      [
                        39.75,
                        -69.15
                      ],
                      [
                        43.6,
                        -59.2
                      ],
                      [
                        41.75,
                        -52.25
                      ],
                      [
                        36.7,
                        -47.1
                      ],
                      [
                        29.6,
                        -45.2
                      ],
                      [
                        27.45,
                        -44.35
                      ],
                      [
                        26.6,
                        -42.2
                      ],
                      [
                        27.45,
                        -40.05
                      ],
                      [
                        29.6,
                        -39.2
                      ],
                      [
                        38.45,
                        -37.1
                      ],
                      [
                        44.7,
                        -31.1
                      ],
                      [
                        47,
                        -22
                      ],
                      [
                        42.2,
                        -9.85
                      ],
                      [
                        29.1,
                        -5.1
                      ],
                      [
                        20.25,
                        -7.35
                      ],
                      [
                        13.9,
                        -13.45
                      ],
                      [
                        11.6,
                        -22.1
                      ],
                      [
                        10.8,
                        -24.45
                      ],
                      [
                        8.6,
                        -25.4
                      ],
                      [
                        6.35,
                        -24.45
                      ],
                      [
                        5.5,
                        -22.1
                      ],
                      [
                        8.6,
                        -10.4
                      ],
                      [
                        17.1,
                        -2.1
                      ]
                    ],
                    "c": true
                  },
                  "ix": 2
                },
                "nm": "3",
                "mn": "ADBE Vector Shape - Group",
                "hd": false
              }
            ],
            "nm": "3",
            "np": 3,
            "cix": 2,
            "bm": 0,
            "ix": 1,
            "mn": "ADBE Vector Group",
            "hd": false
          }
        ]
      },
      "fFamily": "Comfortaa"
    },
    {
      "ch": "2",
      "size": 614,
      "style": "Light",
      "w": 57.6,
      "data": {
        "shapes": [
          {
            "ty": "gr",
            "it": [
              {
                "ind": 0,
                "ty": "sh",
                "ix": 1,
                "ks": {
                  "a": 0,
                  "k": {
                    "i": [
                      [
                        -0.867,
                        0
                      ],
                      [
                        0,
                        0
                      ],
                      [
                        -0.567,
                        0.567
                      ],
                      [
                        0,
                        0.867
                      ],
                      [
                        0.566,
                        0.6
                      ],
                      [
                        0.866,
                        0
                      ],
                      [
                        0,
                        0
                      ],
                      [
                        0,
                        0
                      ],
                      [
                        -1.234,
                        2.634
                      ],
                      [
                        0,
                        3.067
                      ],
                      [
                        1.933,
                        3.534
                      ],
                      [
                        3.4,
                        2.034
                      ],
                      [
                        4.2,
                        0
                      ],
                      [
                        3.4,
                        -2.033
                      ],
                      [
                        1.933,
                        -3.533
                      ],
                      [
                        0,
                        -4.4
                      ],
                      [
                        -0.6,
                        -0.566
                      ],
                      [
                        -0.867,
                        0
                      ],
                      [
                        -0.567,
                        0.567
                      ],
                      [
                        0,
                        0.867
                      ],
                      [
                        -1.434,
                        2.634
                      ],
                      [
                        -2.467,
                        1.5
                      ],
                      [
                        -3,
                        0
                      ],
                      [
                        -2.467,
                        -1.5
                      ],
                      [
                        -1.434,
                        -2.633
                      ],
                      [
                        0,
                        -3.2
                      ],
                      [
                        0.966,
                        -2.3
                      ],
                      [
                        1.4,
                        -1.466
                      ],
                      [
                        0,
                        0
                      ],
                      [
                        0,
                        -0.8
                      ],
                      [
                        -0.6,
                        -0.566
                      ]
                    ],
                    "o": [
                      [
                        0,
                        0
                      ],
                      [
                        0.866,
                        0
                      ],
                      [
                        0.566,
                        -0.566
                      ],
                      [
                        0,
                        -0.866
                      ],
                      [
                        -0.567,
                        -0.6
                      ],
                      [
                        0,
                        0
                      ],
                      [
                        0,
                        0
                      ],
                      [
                        2.266,
                        -2.666
                      ],
                      [
                        1.233,
                        -2.633
                      ],
                      [
                        0,
                        -4.4
                      ],
                      [
                        -1.934,
                        -3.533
                      ],
                      [
                        -3.4,
                        -2.033
                      ],
                      [
                        -4.2,
                        0
                      ],
                      [
                        -3.4,
                        2.034
                      ],
                      [
                        -1.934,
                        3.534
                      ],
                      [
                        0,
                        0.867
                      ],
                      [
                        0.6,
                        0.567
                      ],
                      [
                        0.866,
                        0
                      ],
                      [
                        0.566,
                        -0.566
                      ],
                      [
                        0,
                        -3.2
                      ],
                      [
                        1.433,
                        -2.633
                      ],
                      [
                        2.466,
                        -1.5
                      ],
                      [
                        3,
                        0
                      ],
                      [
                        2.466,
                        1.5
                      ],
                      [
                        1.433,
                        2.634
                      ],
                      [
                        0,
                        2
                      ],
                      [
                        -0.967,
                        2.3
                      ],
                      [
                        0,
                        0
                      ],
                      [
                        -0.6,
                        0.667
                      ],
                      [
                        0,
                        0.867
                      ],
                      [
                        0.6,
                        0.567
                      ]
                    ],
                    "v": [
                      [
                        10.6,
                        0
                      ],
                      [
                        50.1,
                        0
                      ],
                      [
                        52.25,
                        -0.85
                      ],
                      [
                        53.1,
                        -3
                      ],
                      [
                        52.25,
                        -5.2
                      ],
                      [
                        50.1,
                        -6.1
                      ],
                      [
                        16.5,
                        -6.1
                      ],
                      [
                        44,
                        -38.4
                      ],
                      [
                        49.25,
                        -46.35
                      ],
                      [
                        51.1,
                        -54.9
                      ],
                      [
                        48.2,
                        -66.8
                      ],
                      [
                        40.2,
                        -75.15
                      ],
                      [
                        28.8,
                        -78.2
                      ],
                      [
                        17.4,
                        -75.15
                      ],
                      [
                        9.4,
                        -66.8
                      ],
                      [
                        6.5,
                        -54.9
                      ],
                      [
                        7.4,
                        -52.75
                      ],
                      [
                        9.6,
                        -51.9
                      ],
                      [
                        11.75,
                        -52.75
                      ],
                      [
                        12.6,
                        -54.9
                      ],
                      [
                        14.75,
                        -63.65
                      ],
                      [
                        20.6,
                        -69.85
                      ],
                      [
                        28.8,
                        -72.1
                      ],
                      [
                        37,
                        -69.85
                      ],
                      [
                        42.85,
                        -63.65
                      ],
                      [
                        45,
                        -54.9
                      ],
                      [
                        43.55,
                        -48.45
                      ],
                      [
                        40,
                        -42.8
                      ],
                      [
                        8.4,
                        -5.2
                      ],
                      [
                        7.5,
                        -3
                      ],
                      [
                        8.4,
                        -0.85
                      ]
                    ],
                    "c": true
                  },
                  "ix": 2
                },
                "nm": "2",
                "mn": "ADBE Vector Shape - Group",
                "hd": false
              }
            ],
            "nm": "2",
            "np": 3,
            "cix": 2,
            "bm": 0,
            "ix": 1,
            "mn": "ADBE Vector Group",
            "hd": false
          }
        ]
      },
      "fFamily": "Comfortaa"
    },
    {
      "ch": "1",
      "size": 614,
      "style": "Light",
      "w": 36.8,
      "data": {
        "shapes": [
          {
            "ty": "gr",
            "it": [
              {
                "ind": 0,
                "ty": "sh",
                "ix": 1,
                "ks": {
                  "a": 0,
                  "k": {
                    "i": [
                      [
                        -0.867,
                        0
                      ],
                      [
                        -0.567,
                        0.567
                      ],
                      [
                        0,
                        0.867
                      ],
                      [
                        0,
                        0
                      ],
                      [
                        0.566,
                        0.567
                      ],
                      [
                        0.866,
                        0
                      ],
                      [
                        1.2,
                        -0.333
                      ],
                      [
                        0,
                        0
                      ],
                      [
                        0,
                        -1.466
                      ],
                      [
                        -0.567,
                        -0.566
                      ],
                      [
                        -0.867,
                        0
                      ],
                      [
                        -0.467,
                        0.2
                      ],
                      [
                        0,
                        0
                      ],
                      [
                        0,
                        0
                      ],
                      [
                        -0.6,
                        -0.566
                      ]
                    ],
                    "o": [
                      [
                        0.866,
                        0
                      ],
                      [
                        0.566,
                        -0.566
                      ],
                      [
                        0,
                        0
                      ],
                      [
                        0,
                        -0.866
                      ],
                      [
                        -0.567,
                        -0.566
                      ],
                      [
                        -0.2,
                        0
                      ],
                      [
                        0,
                        0
                      ],
                      [
                        -1.267,
                        0.467
                      ],
                      [
                        0,
                        0.867
                      ],
                      [
                        0.566,
                        0.567
                      ],
                      [
                        0.4,
                        0
                      ],
                      [
                        0,
                        0
                      ],
                      [
                        0,
                        0
                      ],
                      [
                        0,
                        0.867
                      ],
                      [
                        0.6,
                        0.567
                      ]
                    ],
                    "v": [
                      [
                        23.8,
                        0
                      ],
                      [
                        25.95,
                        -0.85
                      ],
                      [
                        26.8,
                        -3
                      ],
                      [
                        26.8,
                        -75.2
                      ],
                      [
                        25.95,
                        -77.35
                      ],
                      [
                        23.8,
                        -78.2
                      ],
                      [
                        21.7,
                        -77.7
                      ],
                      [
                        6.4,
                        -72.6
                      ],
                      [
                        4.5,
                        -69.7
                      ],
                      [
                        5.35,
                        -67.55
                      ],
                      [
                        7.5,
                        -66.7
                      ],
                      [
                        8.8,
                        -67
                      ],
                      [
                        20.7,
                        -70.9
                      ],
                      [
                        20.7,
                        -3
                      ],
                      [
                        21.6,
                        -0.85
                      ]
                    ],
                    "c": true
                  },
                  "ix": 2
                },
                "nm": "1",
                "mn": "ADBE Vector Shape - Group",
                "hd": false
              }
            ],
            "nm": "1",
            "np": 3,
            "cix": 2,
            "bm": 0,
            "ix": 1,
            "mn": "ADBE Vector Group",
            "hd": false
          }
        ]
      },
      "fFamily": "Comfortaa"
    },
    {
      "ch": "0",
      "size": 614,
      "style": "Light",
      "w": 56.6,
      "data": {
        "shapes": [
          {
            "ty": "gr",
            "it": [
              {
                "ind": 0,
                "ty": "sh",
                "ix": 1,
                "ks": {
                  "a": 0,
                  "k": {
                    "i": [
                      [
                        -4.867,
                        0
                      ],
                      [
                        -4.067,
                        6.934
                      ],
                      [
                        0,
                        12.267
                      ],
                      [
                        1.833,
                        5.9
                      ],
                      [
                        3.466,
                        3.167
                      ],
                      [
                        4.933,
                        0
                      ],
                      [
                        3.5,
                        -3.166
                      ],
                      [
                        1.833,
                        -5.866
                      ],
                      [
                        0,
                        -8.066
                      ],
                      [
                        -1.834,
                        -5.866
                      ],
                      [
                        -3.5,
                        -3.133
                      ]
                    ],
                    "o": [
                      [
                        7.4,
                        0
                      ],
                      [
                        4.066,
                        -6.933
                      ],
                      [
                        0,
                        -8
                      ],
                      [
                        -1.834,
                        -5.9
                      ],
                      [
                        -3.467,
                        -3.166
                      ],
                      [
                        -4.867,
                        0
                      ],
                      [
                        -3.5,
                        3.167
                      ],
                      [
                        -1.834,
                        5.867
                      ],
                      [
                        0,
                        8.134
                      ],
                      [
                        1.833,
                        5.867
                      ],
                      [
                        3.5,
                        3.134
                      ]
                    ],
                    "v": [
                      [
                        28.3,
                        0
                      ],
                      [
                        45.5,
                        -10.4
                      ],
                      [
                        51.6,
                        -39.2
                      ],
                      [
                        48.85,
                        -60.05
                      ],
                      [
                        40.9,
                        -73.65
                      ],
                      [
                        28.3,
                        -78.4
                      ],
                      [
                        15.75,
                        -73.65
                      ],
                      [
                        7.75,
                        -60.1
                      ],
                      [
                        5,
                        -39.2
                      ],
                      [
                        7.75,
                        -18.2
                      ],
                      [
                        15.75,
                        -4.7
                      ]
                    ],
                    "c": true
                  },
                  "ix": 2
                },
                "nm": "0",
                "mn": "ADBE Vector Shape - Group",
                "hd": false
              },
              {
                "ind": 1,
                "ty": "sh",
                "ix": 2,
                "ks": {
                  "a": 0,
                  "k": {
                    "i": [
                      [
                        5.666,
                        0
                      ],
                      [
                        2.9,
                        6.034
                      ],
                      [
                        0,
                        10.067
                      ],
                      [
                        -2.934,
                        6.034
                      ],
                      [
                        -5.6,
                        0
                      ],
                      [
                        -2.934,
                        -6.033
                      ],
                      [
                        0,
                        -10
                      ],
                      [
                        2.9,
                        -6.033
                      ]
                    ],
                    "o": [
                      [
                        -5.667,
                        0
                      ],
                      [
                        -2.9,
                        -6.033
                      ],
                      [
                        0,
                        -10
                      ],
                      [
                        2.933,
                        -6.033
                      ],
                      [
                        5.6,
                        0
                      ],
                      [
                        2.933,
                        6.034
                      ],
                      [
                        0,
                        10.067
                      ],
                      [
                        -2.9,
                        6.034
                      ]
                    ],
                    "v": [
                      [
                        28.3,
                        -6
                      ],
                      [
                        15.45,
                        -15.05
                      ],
                      [
                        11.1,
                        -39.2
                      ],
                      [
                        15.5,
                        -63.25
                      ],
                      [
                        28.3,
                        -72.3
                      ],
                      [
                        41.1,
                        -63.25
                      ],
                      [
                        45.5,
                        -39.2
                      ],
                      [
                        41.15,
                        -15.05
                      ]
                    ],
                    "c": true
                  },
                  "ix": 2
                },
                "nm": "0",
                "mn": "ADBE Vector Shape - Group",
                "hd": false
              }
            ],
            "nm": "0",
            "np": 5,
            "cix": 2,
            "bm": 0,
            "ix": 1,
            "mn": "ADBE Vector Group",
            "hd": false
          }
        ]
      },
      "fFamily": "Comfortaa"
    }
  ]
}