{
  "ip": 0,
  "fr": 60,
  "v": "5.1.20",
  "assets": [
    {
      "id": "precomp_1",
      "layers": [
        {
          "ty": 4,
          "nm": "Active 'x'",
          "ip": 0,
          "st": 0,
          "ind": 3,
          "hix": 4,
          "ks": {
            "o": {
              "a": 0,
              "k": 100
            },
            "or": {
              "a": 0,
              "k": [
                0,
                0,
                0
              ]
            },
            "a": {
              "a": 0,
              "k": [
                33.264495849609375,
                33.264503479003906,
                0
              ]
            },
            "p": {
              "s": true,
              "x": {
                "a": 0,
                "k": 365.134
              },
              "y": {
                "a": 0,
                "k": 188.09
              }
            },
            "rx": {
              "a": 0,
              "k": 0
            },
            "ry": {
              "a": 0,
              "k": 0
            },
            "rz": {
              "a": 0,
              "k": 0
            },
            "s": {
              "a": 0,
              "k": [
                100,
                100,
                100
              ]
            }
          },
          "shapes": [
            {
              "ty": "gr",
              "nm": "Active 'x' shape group",
              "it": [
                {
                  "ty": "sh",
                  "ks": {
                    "a": 0,
                    "k": {
                      "c": false,
                      "v": [
                        [
                          398.398,
                          154.825
                        ],
                        [
                          331.869,
                          221.35399999999998
                        ]
                      ],
                      "i": [
                        [
                          0,
                          0
                        ],
                        [
                          0,
                          0
                        ]
                      ],
                      "o": [
                        [
                          0,
                          0
                        ],
                        [
                          0,
                          0
                        ]
                      ]
                    }
                  }
                },
                {
                  "ty": "sh",
                  "ks": {
                    "a": 0,
                    "k": {
                      "c": true,
                      "v": [
                        [
                          398.398,
                          221.354
                        ],
                        [
                          331.869,
                          154.82500000000002
                        ]
                      ],
                      "i": [
                        [
                          0,
                          0
                        ],
                        [
                          0,
                          0
                        ]
                      ],
                      "o": [
                        [
                          0,
                          0
                        ],
                        [
                          0,
                          0
                        ]
                      ]
                    }
                  }
                },
                {
                  "ty": "st",
                  "o": {
                    "a": 0,
                    "k": 100
                  },
                  "c": {
                    "a": 0,
                    "k": [
                      1,
                      1,
                      1,
                      1
                    ]
                  },
                  "lc": 2,
                  "lj": 2,
                  "ml": 1,
                  "w": {
                    "a": 0,
                    "k": 8
                  }
                },
                {
                  "ty": "fl",
                  "o": {
                    "a": 0,
                    "k": 0
                  },
                  "c": {
                    "a": 0,
                    "k": [
                      0,
                      0,
                      0,
                      0
                    ]
                  },
                  "r": 1
                },
                {
                  "ty": "tr",
                  "o": {
                    "a": 0,
                    "k": 100
                  },
                  "a": {
                    "a": 0,
                    "k": [
                      0,
                      0
                    ]
                  },
                  "s": {
                    "a": 0,
                    "k": [
                      100,
                      100
                    ]
                  },
                  "p": {
                    "a": 0,
                    "k": [
                      -610.738,
                      -256.65
                    ]
                  },
                  "r": {
                    "a": 0,
                    "k": 0
                  }
                }
              ]
            }
          ],
          "op": 59
        },
        {
          "ty": 4,
          "nm": "Active Circle Front",
          "ip": 0,
          "st": 0,
          "ind": 2,
          "hix": 3,
          "ks": {
            "o": {
              "a": 0,
              "k": 100
            },
            "or": {
              "a": 0,
              "k": [
                0,
                0,
                0
              ]
            },
            "a": {
              "a": 0,
              "k": [
                78,
                78.00000762939453,
                0
              ]
            },
            "p": {
              "s": true,
              "x": {
                "a": 0,
                "k": 364.634033203125
              },
              "y": {
                "a": 0,
                "k": 187.825
              }
            },
            "rx": {
              "a": 0,
              "k": 0
            },
            "ry": {
              "a": 0,
              "k": 0
            },
            "rz": {
              "a": 0,
              "k": 0
            },
            "s": {
              "a": 0,
              "k": [
                100,
                100,
                100
              ]
            }
          },
          "shapes": [
            {
              "ty": "gr",
              "nm": "Active Circle Front shape group",
              "it": [
                {
                  "ty": "sh",
                  "ks": {
                    "a": 0,
                    "k": {
                      "c": true,
                      "v": [
                        [
                          364.869,
                          109.825
                        ],
                        [
                          364.869,
                          109.825
                        ],
                        [
                          442.869,
                          187.825
                        ],
                        [
                          442.869,
                          187.825
                        ],
                        [
                          364.869,
                          265.825
                        ],
                        [
                          364.869,
                          265.825
                        ],
                        [
                          286.869,
                          187.825
                        ],
                        [
                          286.869,
                          187.825
                        ]
                      ],
                      "i": [
                        [
                          -43.07900000000001,
                          0
                        ],
                        [
                          0,
                          0
                        ],
                        [
                          0,
                          -43.077999999999975
                        ],
                        [
                          0,
                          0
                        ],
                        [
                          43.077999999999975,
                          0
                        ],
                        [
                          0,
                          0
                        ],
                        [
                          0,
                          43.078
                        ],
                        [
                          0,
                          0
                        ]
                      ],
                      "o": [
                        [
                          0,
                          0
                        ],
                        [
                          43.077999999999975,
                          0
                        ],
                        [
                          0,
                          0
                        ],
                        [
                          0,
                          43.078
                        ],
                        [
                          0,
                          0
                        ],
                        [
                          -43.077999999999975,
                          0
                        ],
                        [
                          0,
                          0
                        ],
                        [
                          0,
                          -43.077999999999975
                        ]
                      ]
                    }
                  }
                },
                {
                  "ty": "st",
                  "o": {
                    "a": 0,
                    "k": 0
                  },
                  "w": {
                    "a": 0,
                    "k": 0
                  },
                  "c": {
                    "a": 0,
                    "k": [
                      0,
                      0,
                      0,
                      0
                    ]
                  },
                  "lc": 3,
                  "lj": 1,
                  "ml": 1
                },
                {
                  "ty": "fl",
                  "o": {
                    "a": 0,
                    "k": 100
                  },
                  "r": 1,
                  "c": {
                    "a": 0,
                    "k": [
                      0.9215686274509803,
                      0.5882352941176471,
                      0.4470588235294118,
                      1
                    ]
                  }
                },
                {
                  "ty": "tr",
                  "o": {
                    "a": 0,
                    "k": 100
                  },
                  "a": {
                    "a": 0,
                    "k": [
                      0,
                      0
                    ]
                  },
                  "s": {
                    "a": 0,
                    "k": [
                      100,
                      100
                    ]
                  },
                  "p": {
                    "a": 0,
                    "k": [
                      -565.738,
                      -211.65
                    ]
                  },
                  "r": {
                    "a": 0,
                    "k": 0
                  }
                }
              ]
            }
          ],
          "op": 59
        },
        {
          "ty": 4,
          "nm": "Active Circle Back",
          "ip": 0,
          "st": 0,
          "ind": 1,
          "hix": 2,
          "ks": {
            "o": {
              "a": 0,
              "k": 100
            },
            "or": {
              "a": 0,
              "k": [
                0,
                0,
                0
              ]
            },
            "a": {
              "a": 0,
              "k": [
                86,
                86,
                0
              ]
            },
            "p": {
              "s": true,
              "x": {
                "a": 0,
                "k": 364.869
              },
              "y": {
                "a": 0,
                "k": 187.825
              }
            },
            "rx": {
              "a": 0,
              "k": 0
            },
            "ry": {
              "a": 0,
              "k": 0
            },
            "rz": {
              "a": 0,
              "k": 0
            },
            "s": {
              "a": 0,
              "k": [
                100,
                100,
                100
              ]
            }
          },
          "shapes": [
            {
              "ty": "gr",
              "nm": "Active Circle Back shape group",
              "it": [
                {
                  "ty": "el",
                  "p": {
                    "a": 0,
                    "k": [
                      364,
                      187
                    ]
                  },
                  "s": {
                    "a": 0,
                    "k": [
                      172,
                      172
                    ]
                  }
                },
                {
                  "ty": "st",
                  "o": {
                    "a": 0,
                    "k": 0
                  },
                  "w": {
                    "a": 0,
                    "k": 0
                  },
                  "c": {
                    "a": 0,
                    "k": [
                      0,
                      0,
                      0,
                      0
                    ]
                  },
                  "lc": 3,
                  "lj": 1,
                  "ml": 1
                },
                {
                  "ty": "fl",
                  "o": {
                    "a": 0,
                    "k": 100
                  },
                  "r": 1,
                  "c": {
                    "a": 0,
                    "k": [
                      0.9607843137254902,
                      0.792156862745098,
                      0.7254901960784313,
                      1
                    ]
                  }
                },
                {
                  "ty": "tr",
                  "o": {
                    "a": 0,
                    "k": 100
                  },
                  "a": {
                    "a": 0,
                    "k": [
                      0,
                      0
                    ]
                  },
                  "s": {
                    "a": 0,
                    "k": [
                      100,
                      100
                    ]
                  },
                  "p": {
                    "a": 0,
                    "k": [
                      -557.738,
                      -203.65
                    ]
                  },
                  "r": {
                    "a": 0,
                    "k": 0
                  }
                }
              ]
            }
          ],
          "op": 59
        }
      ]
    },
    {
      "id": "precomp_2",
      "layers": [
        {
          "ty": 4,
          "nm": "In-Active 'X'",
          "ip": 0,
          "st": 0,
          "ind": 2,
          "hix": 7,
          "ks": {
            "o": {
              "a": 0,
              "k": 100
            },
            "or": {
              "a": 0,
              "k": [
                0,
                0,
                0
              ]
            },
            "a": {
              "a": 0,
              "k": [
                29,
                29,
                0
              ]
            },
            "p": {
              "s": true,
              "x": {
                "a": 0,
                "k": 180.004
              },
              "y": {
                "a": 0,
                "k": 192.117
              }
            },
            "rx": {
              "a": 0,
              "k": 0
            },
            "ry": {
              "a": 0,
              "k": 0
            },
            "rz": {
              "a": 0,
              "k": 0
            },
            "s": {
              "a": 0,
              "k": [
                100,
                100,
                100
              ]
            }
          },
          "shapes": [
            {
              "ty": "gr",
              "nm": "In-Active 'X' shape group",
              "it": [
                {
                  "ty": "sh",
                  "ks": {
                    "a": 0,
                    "k": {
                      "c": false,
                      "v": [
                        [
                          209.004,
                          163.117
                        ],
                        [
                          151.004,
                          221.117
                        ]
                      ],
                      "i": [
                        [
                          0,
                          0
                        ],
                        [
                          0,
                          0
                        ]
                      ],
                      "o": [
                        [
                          0,
                          0
                        ],
                        [
                          0,
                          0
                        ]
                      ]
                    }
                  }
                },
                {
                  "ty": "sh",
                  "ks": {
                    "a": 0,
                    "k": {
                      "c": true,
                      "v": [
                        [
                          209.004,
                          221.117
                        ],
                        [
                          151.004,
                          163.117
                        ]
                      ],
                      "i": [
                        [
                          0,
                          0
                        ],
                        [
                          0,
                          0
                        ]
                      ],
                      "o": [
                        [
                          0,
                          0
                        ],
                        [
                          0,
                          0
                        ]
                      ]
                    }
                  }
                },
                {
                  "ty": "st",
                  "o": {
                    "a": 0,
                    "k": 100
                  },
                  "c": {
                    "a": 0,
                    "k": [
                      0.9215686274509803,
                      0.5882352941176471,
                      0.4470588235294118,
                      1
                    ]
                  },
                  "lc": 2,
                  "lj": 2,
                  "ml": 1,
                  "w": {
                    "a": 0,
                    "k": 8
                  }
                },
                {
                  "ty": "fl",
                  "o": {
                    "a": 0,
                    "k": 0
                  },
                  "c": {
                    "a": 0,
                    "k": [
                      0,
                      0,
                      0,
                      0
                    ]
                  },
                  "r": 1
                },
                {
                  "ty": "tr",
                  "o": {
                    "a": 0,
                    "k": 100
                  },
                  "a": {
                    "a": 0,
                    "k": [
                      0,
                      0
                    ]
                  },
                  "s": {
                    "a": 0,
                    "k": [
                      100,
                      100
                    ]
                  },
                  "p": {
                    "a": 0,
                    "k": [
                      -263.008,
                      -287.234
                    ]
                  },
                  "r": {
                    "a": 0,
                    "k": 0
                  }
                }
              ]
            }
          ],
          "op": 59
        },
        {
          "ty": 4,
          "nm": "In-Active Circle",
          "ip": 0,
          "st": 0,
          "ind": 1,
          "hix": 6,
          "ks": {
            "o": {
              "a": 0,
              "k": 100
            },
            "or": {
              "a": 0,
              "k": [
                0,
                0,
                0
              ]
            },
            "a": {
              "a": 0,
              "k": [
                68,
                68,
                0
              ]
            },
            "p": {
              "s": true,
              "x": {
                "a": 0,
                "k": 180.004
              },
              "y": {
                "a": 0,
                "k": 192.117
              }
            },
            "rx": {
              "a": 0,
              "k": 0
            },
            "ry": {
              "a": 0,
              "k": 0
            },
            "rz": {
              "a": 0,
              "k": 0
            },
            "s": {
              "a": 0,
              "k": [
                100,
                100,
                100
              ]
            }
          },
          "shapes": [
            {
              "ty": "gr",
              "nm": "In-Active Circle shape group",
              "it": [
                {
                  "ty": "sh",
                  "ks": {
                    "a": 0,
                    "k": {
                      "c": true,
                      "v": [
                        [
                          180.004,
                          124.117
                        ],
                        [
                          180.004,
                          124.117
                        ],
                        [
                          248.004,
                          192.11700000000002
                        ],
                        [
                          248.004,
                          192.11700000000002
                        ],
                        [
                          180.004,
                          260.117
                        ],
                        [
                          180.004,
                          260.117
                        ],
                        [
                          112.00399999999999,
                          192.11700000000002
                        ],
                        [
                          112.00399999999999,
                          192.11700000000002
                        ]
                      ],
                      "i": [
                        [
                          -37.55499999999998,
                          0
                        ],
                        [
                          0,
                          0
                        ],
                        [
                          0,
                          -37.55500000000001
                        ],
                        [
                          0,
                          0
                        ],
                        [
                          37.55500000000001,
                          0
                        ],
                        [
                          0,
                          0
                        ],
                        [
                          0,
                          37.55500000000001
                        ],
                        [
                          0,
                          0
                        ]
                      ],
                      "o": [
                        [
                          0,
                          0
                        ],
                        [
                          37.55500000000001,
                          0
                        ],
                        [
                          0,
                          0
                        ],
                        [
                          0,
                          37.55500000000001
                        ],
                        [
                          0,
                          0
                        ],
                        [
                          -37.55500000000001,
                          0
                        ],
                        [
                          0,
                          0
                        ],
                        [
                          1.4210854715202004e-14,
                          -37.55600000000001
                        ]
                      ]
                    }
                  }
                },
                {
                  "ty": "st",
                  "o": {
                    "a": 0,
                    "k": 0
                  },
                  "w": {
                    "a": 0,
                    "k": 0
                  },
                  "c": {
                    "a": 0,
                    "k": [
                      0,
                      0,
                      0,
                      0
                    ]
                  },
                  "lc": 3,
                  "lj": 1,
                  "ml": 1
                },
                {
                  "ty": "fl",
                  "o": {
                    "a": 0,
                    "k": 100
                  },
                  "r": 1,
                  "c": {
                    "a": 0,
                    "k": [
                      0.9725490196078431,
                      0.9764705882352941,
                      0.984313725490196,
                      1
                    ]
                  }
                },
                {
                  "ty": "tr",
                  "o": {
                    "a": 0,
                    "k": 100
                  },
                  "a": {
                    "a": 0,
                    "k": [
                      0,
                      0
                    ]
                  },
                  "s": {
                    "a": 0,
                    "k": [
                      100,
                      100
                    ]
                  },
                  "p": {
                    "a": 0,
                    "k": [
                      -224.008,
                      -248.234
                    ]
                  },
                  "r": {
                    "a": 0,
                    "k": 0
                  }
                }
              ]
            }
          ],
          "op": 59
        }
      ]
    },
    {
      "id": "precomp_3",
      "layers": [
        {
          "ty": 4,
          "nm": "Active 'x'",
          "ip": 0,
          "st": 0,
          "ind": 3,
          "hix": 11,
          "ks": {
            "o": {
              "a": 0,
              "k": 100
            },
            "or": {
              "a": 0,
              "k": [
                0,
                0,
                0
              ]
            },
            "a": {
              "a": 0,
              "k": [
                33.264495849609375,
                33.264503479003906,
                0
              ]
            },
            "p": {
              "s": true,
              "x": {
                "a": 0,
                "k": 365.134
              },
              "y": {
                "a": 0,
                "k": 188.09
              }
            },
            "rx": {
              "a": 0,
              "k": 0
            },
            "ry": {
              "a": 0,
              "k": 0
            },
            "rz": {
              "a": 0,
              "k": 0
            },
            "s": {
              "a": 0,
              "k": [
                100,
                100,
                100
              ]
            }
          },
          "shapes": [
            {
              "ty": "gr",
              "nm": "Active 'x' shape group",
              "it": [
                {
                  "ty": "sh",
                  "ks": {
                    "a": 0,
                    "k": {
                      "c": false,
                      "v": [
                        [
                          398.398,
                          154.825
                        ],
                        [
                          331.869,
                          221.35399999999998
                        ]
                      ],
                      "i": [
                        [
                          0,
                          0
                        ],
                        [
                          0,
                          0
                        ]
                      ],
                      "o": [
                        [
                          0,
                          0
                        ],
                        [
                          0,
                          0
                        ]
                      ]
                    }
                  }
                },
                {
                  "ty": "sh",
                  "ks": {
                    "a": 0,
                    "k": {
                      "c": true,
                      "v": [
                        [
                          398.398,
                          221.354
                        ],
                        [
                          331.869,
                          154.82500000000002
                        ]
                      ],
                      "i": [
                        [
                          0,
                          0
                        ],
                        [
                          0,
                          0
                        ]
                      ],
                      "o": [
                        [
                          0,
                          0
                        ],
                        [
                          0,
                          0
                        ]
                      ]
                    }
                  }
                },
                {
                  "ty": "st",
                  "o": {
                    "a": 0,
                    "k": 100
                  },
                  "c": {
                    "a": 0,
                    "k": [
                      1,
                      1,
                      1,
                      1
                    ]
                  },
                  "lc": 2,
                  "lj": 2,
                  "ml": 1,
                  "w": {
                    "a": 0,
                    "k": 8
                  }
                },
                {
                  "ty": "fl",
                  "o": {
                    "a": 0,
                    "k": 0
                  },
                  "c": {
                    "a": 0,
                    "k": [
                      0,
                      0,
                      0,
                      0
                    ]
                  },
                  "r": 1
                },
                {
                  "ty": "tr",
                  "o": {
                    "a": 0,
                    "k": 100
                  },
                  "a": {
                    "a": 0,
                    "k": [
                      0,
                      0
                    ]
                  },
                  "s": {
                    "a": 0,
                    "k": [
                      100,
                      100
                    ]
                  },
                  "p": {
                    "a": 0,
                    "k": [
                      -610.738,
                      -256.65
                    ]
                  },
                  "r": {
                    "a": 0,
                    "k": 0
                  }
                }
              ]
            }
          ],
          "op": 59
        },
        {
          "ty": 4,
          "nm": "Active Circle Front",
          "ip": 0,
          "st": 0,
          "ind": 2,
          "hix": 10,
          "ks": {
            "o": {
              "a": 0,
              "k": 100
            },
            "or": {
              "a": 0,
              "k": [
                0,
                0,
                0
              ]
            },
            "a": {
              "a": 0,
              "k": [
                78,
                78.00000762939453,
                0
              ]
            },
            "p": {
              "s": true,
              "x": {
                "a": 0,
                "k": 364.634033203125
              },
              "y": {
                "a": 0,
                "k": 187.825
              }
            },
            "rx": {
              "a": 0,
              "k": 0
            },
            "ry": {
              "a": 0,
              "k": 0
            },
            "rz": {
              "a": 0,
              "k": 0
            },
            "s": {
              "a": 0,
              "k": [
                100,
                100,
                100
              ]
            }
          },
          "shapes": [
            {
              "ty": "gr",
              "nm": "Active Circle Front shape group",
              "it": [
                {
                  "ty": "sh",
                  "ks": {
                    "a": 0,
                    "k": {
                      "c": true,
                      "v": [
                        [
                          364.869,
                          109.825
                        ],
                        [
                          364.869,
                          109.825
                        ],
                        [
                          442.869,
                          187.825
                        ],
                        [
                          442.869,
                          187.825
                        ],
                        [
                          364.869,
                          265.825
                        ],
                        [
                          364.869,
                          265.825
                        ],
                        [
                          286.869,
                          187.825
                        ],
                        [
                          286.869,
                          187.825
                        ]
                      ],
                      "i": [
                        [
                          -43.07900000000001,
                          0
                        ],
                        [
                          0,
                          0
                        ],
                        [
                          0,
                          -43.077999999999975
                        ],
                        [
                          0,
                          0
                        ],
                        [
                          43.077999999999975,
                          0
                        ],
                        [
                          0,
                          0
                        ],
                        [
                          0,
                          43.078
                        ],
                        [
                          0,
                          0
                        ]
                      ],
                      "o": [
                        [
                          0,
                          0
                        ],
                        [
                          43.077999999999975,
                          0
                        ],
                        [
                          0,
                          0
                        ],
                        [
                          0,
                          43.078
                        ],
                        [
                          0,
                          0
                        ],
                        [
                          -43.077999999999975,
                          0
                        ],
                        [
                          0,
                          0
                        ],
                        [
                          0,
                          -43.077999999999975
                        ]
                      ]
                    }
                  }
                },
                {
                  "ty": "st",
                  "o": {
                    "a": 0,
                    "k": 0
                  },
                  "w": {
                    "a": 0,
                    "k": 0
                  },
                  "c": {
                    "a": 0,
                    "k": [
                      0,
                      0,
                      0,
                      0
                    ]
                  },
                  "lc": 3,
                  "lj": 1,
                  "ml": 1
                },
                {
                  "ty": "fl",
                  "o": {
                    "a": 0,
                    "k": 100
                  },
                  "r": 1,
                  "c": {
                    "a": 0,
                    "k": [
                      0.9215686274509803,
                      0.5882352941176471,
                      0.4470588235294118,
                      1
                    ]
                  }
                },
                {
                  "ty": "tr",
                  "o": {
                    "a": 0,
                    "k": 100
                  },
                  "a": {
                    "a": 0,
                    "k": [
                      0,
                      0
                    ]
                  },
                  "s": {
                    "a": 0,
                    "k": [
                      100,
                      100
                    ]
                  },
                  "p": {
                    "a": 0,
                    "k": [
                      -565.738,
                      -211.65
                    ]
                  },
                  "r": {
                    "a": 0,
                    "k": 0
                  }
                }
              ]
            }
          ],
          "op": 59
        },
        {
          "ty": 4,
          "nm": "Active Circle Back",
          "ip": 0,
          "st": 0,
          "ind": 1,
          "hix": 9,
          "ks": {
            "o": {
              "a": 0,
              "k": 100
            },
            "or": {
              "a": 0,
              "k": [
                0,
                0,
                0
              ]
            },
            "a": {
              "a": 0,
              "k": [
                86,
                86,
                0
              ]
            },
            "p": {
              "s": true,
              "x": {
                "a": 0,
                "k": 364.869
              },
              "y": {
                "a": 0,
                "k": 187.825
              }
            },
            "rx": {
              "a": 0,
              "k": 0
            },
            "ry": {
              "a": 0,
              "k": 0
            },
            "rz": {
              "a": 0,
              "k": 0
            },
            "s": {
              "a": 0,
              "k": [
                100,
                100,
                100
              ]
            }
          },
          "shapes": [
            {
              "ty": "gr",
              "nm": "Active Circle Back shape group",
              "it": [
                {
                  "ty": "el",
                  "p": {
                    "a": 0,
                    "k": [
                      364,
                      187
                    ]
                  },
                  "s": {
                    "a": 0,
                    "k": [
                      172,
                      172
                    ]
                  }
                },
                {
                  "ty": "st",
                  "o": {
                    "a": 0,
                    "k": 0
                  },
                  "w": {
                    "a": 0,
                    "k": 0
                  },
                  "c": {
                    "a": 0,
                    "k": [
                      0,
                      0,
                      0,
                      0
                    ]
                  },
                  "lc": 3,
                  "lj": 1,
                  "ml": 1
                },
                {
                  "ty": "fl",
                  "o": {
                    "a": 0,
                    "k": 100
                  },
                  "r": 1,
                  "c": {
                    "a": 0,
                    "k": [
                      0.9607843137254902,
                      0.792156862745098,
                      0.7254901960784313,
                      1
                    ]
                  }
                },
                {
                  "ty": "tr",
                  "o": {
                    "a": 0,
                    "k": 100
                  },
                  "a": {
                    "a": 0,
                    "k": [
                      0,
                      0
                    ]
                  },
                  "s": {
                    "a": 0,
                    "k": [
                      100,
                      100
                    ]
                  },
                  "p": {
                    "a": 0,
                    "k": [
                      -557.738,
                      -203.65
                    ]
                  },
                  "r": {
                    "a": 0,
                    "k": 0
                  }
                }
              ]
            }
          ],
          "op": 59
        }
      ]
    }
  ],
  "layers": [
    {
      "ty": 0,
      "nm": "instance:precomp_1",
      "refId": "precomp_1",
      "ind": 3,
      "ip": 0,
      "st": 0,
      "hix": 1,
      "ks": {
        "o": {
          "a": 0,
          "k": 0
        },
        "or": {
          "a": 0,
          "k": [
            0,
            0,
            0
          ]
        },
        "a": {
          "a": 0,
          "k": [
            86,
            86,
            0
          ]
        },
        "p": {
          "s": true,
          "x": {
            "a": 0,
            "k": 275
          },
          "y": {
            "a": 0,
            "k": 200
          }
        },
        "rx": {
          "a": 0,
          "k": 0
        },
        "ry": {
          "a": 0,
          "k": 0
        },
        "rz": {
          "a": 0,
          "k": 0
        },
        "s": {
          "a": 1,
          "k": [
            {
              "t": 0,
              "s": [
                0,
                0
              ],
              "e": [
                100,
                100
              ],
              "i": {
                "x": [
                  1,
                  0.515
                ],
                "y": [
                  1,
                  0.955
                ]
              },
              "o": {
                "x": [
                  0,
                  0.455
                ],
                "y": [
                  0,
                  0.03
                ]
              }
            },
            {
              "t": 59
            }
          ]
        }
      },
      "w": 172,
      "h": 172,
      "op": 59
    },
    {
      "ty": 0,
      "nm": "instance:precomp_2",
      "refId": "precomp_2",
      "ind": 2,
      "ip": 0,
      "st": 0,
      "hix": 5,
      "ks": {
        "o": {
          "a": 1,
          "k": [
            {
              "t": 0,
              "s": [
                100
              ],
              "e": [
                100
              ],
              "i": {
                "x": [
                  1
                ],
                "y": [
                  1
                ]
              },
              "o": {
                "x": [
                  0
                ],
                "y": [
                  0
                ]
              }
            },
            {
              "t": 4,
              "s": [
                100
              ],
              "e": [
                0
              ],
              "i": {
                "x": [
                  0.515
                ],
                "y": [
                  0.955
                ]
              },
              "o": {
                "x": [
                  0.455
                ],
                "y": [
                  0.03
                ]
              }
            },
            {
              "t": 15
            }
          ]
        },
        "or": {
          "a": 0,
          "k": [
            0,
            0,
            0
          ]
        },
        "a": {
          "a": 0,
          "k": [
            68,
            67.99999999999999,
            0
          ]
        },
        "p": {
          "s": true,
          "x": {
            "a": 0,
            "k": 275
          },
          "y": {
            "a": 0,
            "k": 200
          }
        },
        "rx": {
          "a": 0,
          "k": 0
        },
        "ry": {
          "a": 0,
          "k": 0
        },
        "rz": {
          "a": 0,
          "k": 0
        },
        "s": {
          "a": 1,
          "k": [
            {
              "t": 0,
              "s": [
                100,
                100
              ],
              "e": [
                75,
                75
              ],
              "i": {
                "x": [
                  0.515,
                  0.515
                ],
                "y": [
                  0.955,
                  0.955
                ]
              },
              "o": {
                "x": [
                  0.455,
                  0.455
                ],
                "y": [
                  0.03,
                  0.03
                ]
              }
            },
            {
              "t": 22
            }
          ]
        }
      },
      "w": 136,
      "h": 136,
      "op": 59
    },
    {
      "ty": 0,
      "nm": "instance:precomp_3",
      "refId": "precomp_3",
      "ind": 1,
      "ip": 0,
      "st": 0,
      "hix": 8,
      "ks": {
        "o": {
          "a": 1,
          "k": [
            {
              "t": 0,
              "s": [
                0
              ],
              "e": [
                0
              ],
              "i": {
                "x": [
                  1
                ],
                "y": [
                  1
                ]
              },
              "o": {
                "x": [
                  0
                ],
                "y": [
                  0
                ]
              }
            },
            {
              "t": 4,
              "s": [
                0
              ],
              "e": [
                100
              ],
              "i": {
                "x": [
                  0.515
                ],
                "y": [
                  0.955
                ]
              },
              "o": {
                "x": [
                  0.455
                ],
                "y": [
                  0.03
                ]
              }
            },
            {
              "t": 19
            }
          ]
        },
        "or": {
          "a": 0,
          "k": [
            0,
            0,
            0
          ]
        },
        "a": {
          "a": 0,
          "k": [
            86,
            86,
            0
          ]
        },
        "p": {
          "s": true,
          "x": {
            "a": 0,
            "k": 275
          },
          "y": {
            "a": 0,
            "k": 200
          }
        },
        "rx": {
          "a": 0,
          "k": 0
        },
        "ry": {
          "a": 0,
          "k": 0
        },
        "rz": {
          "a": 0,
          "k": 0
        },
        "s": {
          "a": 1,
          "k": [
            {
              "t": 0,
              "s": [
                75,
                75
              ],
              "e": [
                75,
                75
              ],
              "i": {
                "x": [
                  1,
                  1
                ],
                "y": [
                  1,
                  1
                ]
              },
              "o": {
                "x": [
                  0,
                  0
                ],
                "y": [
                  0,
                  0
                ]
              }
            },
            {
              "t": 4,
              "s": [
                75,
                75
              ],
              "e": [
                105,
                110.00000000000001
              ],
              "i": {
                "x": [
                  0.515,
                  0.515
                ],
                "y": [
                  0.955,
                  0.955
                ]
              },
              "o": {
                "x": [
                  0.455,
                  0.455
                ],
                "y": [
                  0.03,
                  0.03
                ]
              }
            },
            {
              "t": 19,
              "s": [
                105,
                110.00000000000001
              ],
              "e": [
                100,
                100
              ],
              "i": {
                "x": [
                  0.515,
                  0.515
                ],
                "y": [
                  0.955,
                  0.955
                ]
              },
              "o": {
                "x": [
                  0.455,
                  0.455
                ],
                "y": [
                  0.03,
                  0.03
                ]
              }
            },
            {
              "t": 26
            }
          ]
        }
      },
      "w": 172,
      "h": 172,
      "op": 59
    }
  ],
  "op": 59,
  "w": 550,
  "h": 400
}