{
    "v": "5.4.4",
    "fr": 29.9700012207031,
    "ip": 0,
    "op": 149.8500061035155,
    "w": 1920,
    "h": 1080,
    "nm": "LOS_ANGELES-PLANE",
    "ddd": 0,
    "assets": [],
    "fonts": {
      "list": [
        {
          "origin": 0,
          "fPath": "",
          "fClass": "",
          "fFamily": "Bebas Neue",
          "fWeight": "",
          "fStyle": "Regular",
          "fName": "BebasNeueRegular",
          "ascent": 74.0585718471557
        },
        {
          "origin": 0,
          "fPath": "",
          "fClass": "",
          "fFamily": "Bebas Neue",
          "fWeight": "",
          "fStyle": "Bold",
          "fName": "BebasNeueBold",
          "ascent": 74.0585718471557
        },
        {
          "origin": 0,
          "fPath": "",
          "fClass": "",
          "fFamily": "Abhaya Libre",
          "fWeight": "",
          "fStyle": "ExtraBold",
          "fName": "AbhayaLibre-ExtraBold",
          "ascent": 69.0582666713744
        },
        {
          "fName": "Lato-Bold",
          "fFamily": "Lato",
          "fStyle": "Bold",
          "ascent": 74
        },
        {
          "fName": "Lato-Regular",
          "fFamily": "Lato",
          "fStyle": "Regular",
          "ascent": 74
        }
      ]
    },
    "layers": [
      {
        "ddd": 0,
        "ind": 1,
        "ty": 5,
        "nm": "titleTop-titleText-title-0",
        "sr": 1,
        "ks": {
          "o": {
            "a": 1,
            "k": [
              {
                "i": {
                  "x": [
                    0.833
                  ],
                  "y": [
                    0.833
                  ]
                },
                "o": {
                  "x": [
                    0.167
                  ],
                  "y": [
                    0.167
                  ]
                },
                "t": 65,
                "s": [
                  100
                ],
                "e": [
                  0
                ]
              },
              {
                "t": 68.0000027696968
              }
            ],
            "ix": 11
          },
          "r": {
            "a": 0,
            "k": 0,
            "ix": 10
          },
          "p": {
            "a": 0,
            "k": [
              960,
              445,
              0
            ],
            "ix": 2
          },
          "a": {
            "a": 0,
            "k": [
              0,
              0,
              0
            ],
            "ix": 1
          },
          "s": {
            "a": 1,
            "k": [
              {
                "i": {
                  "x": [
                    0,
                    0,
                    0.667
                  ],
                  "y": [
                    1,
                    1,
                    1
                  ]
                },
                "o": {
                  "x": [
                    0.231,
                    0.231,
                    0.333
                  ],
                  "y": [
                    0,
                    0,
                    0
                  ]
                },
                "t": 0,
                "s": [
                  0,
                  0,
                  100
                ],
                "e": [
                  120,
                  120,
                  100
                ]
              },
              {
                "i": {
                  "x": [
                    0,
                    0,
                    0.667
                  ],
                  "y": [
                    1,
                    1,
                    1
                  ]
                },
                "o": {
                  "x": [
                    0.89,
                    0.89,
                    0.333
                  ],
                  "y": [
                    -1.906,
                    -1.906,
                    0
                  ]
                },
                "t": 6,
                "s": [
                  120,
                  120,
                  100
                ],
                "e": [
                  100,
                  100,
                  100
                ]
              },
              {
                "i": {
                  "x": [
                    0,
                    0,
                    0.667
                  ],
                  "y": [
                    1,
                    1,
                    1
                  ]
                },
                "o": {
                  "x": [
                    0.065,
                    0.065,
                    0.333
                  ],
                  "y": [
                    0,
                    0,
                    0
                  ]
                },
                "t": 12,
                "s": [
                  100,
                  100,
                  100
                ],
                "e": [
                  120,
                  120,
                  100
                ]
              },
              {
                "i": {
                  "x": [
                    0,
                    0,
                    0.667
                  ],
                  "y": [
                    1,
                    1,
                    1
                  ]
                },
                "o": {
                  "x": [
                    0.107,
                    0.107,
                    0.333
                  ],
                  "y": [
                    0,
                    0,
                    0
                  ]
                },
                "t": 18,
                "s": [
                  120,
                  120,
                  100
                ],
                "e": [
                  100,
                  100,
                  100
                ]
              },
              {
                "i": {
                  "x": [
                    0.833,
                    0.833,
                    0.833
                  ],
                  "y": [
                    1,
                    1,
                    1
                  ]
                },
                "o": {
                  "x": [
                    0.333,
                    0.333,
                    0.333
                  ],
                  "y": [
                    0,
                    0,
                    0
                  ]
                },
                "t": 24,
                "s": [
                  100,
                  100,
                  100
                ],
                "e": [
                  100,
                  100,
                  100
                ]
              },
              {
                "i": {
                  "x": [
                    0.833,
                    0.833,
                    0.833
                  ],
                  "y": [
                    0.833,
                    0.833,
                    0.833
                  ]
                },
                "o": {
                  "x": [
                    0.167,
                    0.167,
                    0.167
                  ],
                  "y": [
                    0.167,
                    0.167,
                    0.167
                  ]
                },
                "t": 57,
                "s": [
                  100,
                  100,
                  100
                ],
                "e": [
                  90,
                  90,
                  100
                ]
              },
              {
                "i": {
                  "x": [
                    0.833,
                    0.833,
                    0.833
                  ],
                  "y": [
                    0.833,
                    0.833,
                    0.833
                  ]
                },
                "o": {
                  "x": [
                    0.167,
                    0.167,
                    0.167
                  ],
                  "y": [
                    0.167,
                    0.167,
                    0.167
                  ]
                },
                "t": 59,
                "s": [
                  90,
                  90,
                  100
                ],
                "e": [
                  120,
                  120,
                  100
                ]
              },
              {
                "i": {
                  "x": [
                    0.833,
                    0.833,
                    0.833
                  ],
                  "y": [
                    0.833,
                    0.833,
                    0.833
                  ]
                },
                "o": {
                  "x": [
                    0.167,
                    0.167,
                    0.167
                  ],
                  "y": [
                    0.167,
                    0.167,
                    0.167
                  ]
                },
                "t": 62,
                "s": [
                  120,
                  120,
                  100
                ],
                "e": [
                  100,
                  100,
                  100
                ]
              },
              {
                "t": 65.0000026475043
              }
            ],
            "ix": 6
          }
        },
        "ao": 0,
        "t": {
          "d": {
            "k": [
              {
                "s": {
                  "s": 230,
                  "f": "Lato-Bold",
                  "t": "Titre en haut",
                  "j": 2,
                  "tr": 0,
                  "lh": 276,
                  "ls": 0,
                  "fc": [
                    1,
                    1,
                    1
                  ],
                  "sc": [
                    0,
                    0,
                    0
                  ],
                  "sw": 0.00999999977648,
                  "of": false
                },
                "t": 0
              }
            ]
          },
          "p": {},
          "m": {
            "g": 1,
            "a": {
              "a": 0,
              "k": [
                0,
                0
              ],
              "ix": 2
            }
          },
          "a": []
        },
        "ip": -30.0000012219251,
        "op": 214.000008716399,
        "st": 0,
        "bm": 0
      },
      {
        "ddd": 0,
        "ind": 2,
        "ty": 5,
        "nm": "titleBottom-titleText-title-1",
        "sr": 1,
        "ks": {
          "o": {
            "a": 1,
            "k": [
              {
                "i": {
                  "x": [
                    0.833
                  ],
                  "y": [
                    0.833
                  ]
                },
                "o": {
                  "x": [
                    0.167
                  ],
                  "y": [
                    0.167
                  ]
                },
                "t": 16,
                "s": [
                  0
                ],
                "e": [
                  100
                ]
              },
              {
                "i": {
                  "x": [
                    0.833
                  ],
                  "y": [
                    0.833
                  ]
                },
                "o": {
                  "x": [
                    0.167
                  ],
                  "y": [
                    0.167
                  ]
                },
                "t": 20,
                "s": [
                  100
                ],
                "e": [
                  100
                ]
              },
              {
                "i": {
                  "x": [
                    0.833
                  ],
                  "y": [
                    0.833
                  ]
                },
                "o": {
                  "x": [
                    0.167
                  ],
                  "y": [
                    0.167
                  ]
                },
                "t": 65,
                "s": [
                  100
                ],
                "e": [
                  0
                ]
              },
              {
                "t": 68.0000027696968
              }
            ],
            "ix": 11
          },
          "r": {
            "a": 0,
            "k": 0,
            "ix": 10
          },
          "p": {
            "a": 1,
            "k": [
              {
                "i": {
                  "x": 0.833,
                  "y": 0.833
                },
                "o": {
                  "x": 0.167,
                  "y": 0.167
                },
                "t": 17,
                "s": [
                  0,
                  813,
                  0
                ],
                "e": [
                  960,
                  813,
                  0
                ],
                "to": [
                  160,
                  0,
                  0
                ],
                "ti": [
                  -160,
                  0,
                  0
                ]
              },
              {
                "t": 20.0000008146167
              }
            ],
            "ix": 2
          },
          "a": {
            "a": 0,
            "k": [
              0,
              0,
              0
            ],
            "ix": 1
          },
          "s": {
            "a": 1,
            "k": [
              {
                "i": {
                  "x": [
                    0.833,
                    0.833,
                    0.833
                  ],
                  "y": [
                    0.833,
                    0.833,
                    0.833
                  ]
                },
                "o": {
                  "x": [
                    0.167,
                    0.167,
                    0.167
                  ],
                  "y": [
                    0.167,
                    0.167,
                    0.167
                  ]
                },
                "t": 57,
                "s": [
                  100,
                  100,
                  100
                ],
                "e": [
                  90,
                  90,
                  100
                ]
              },
              {
                "i": {
                  "x": [
                    0.833,
                    0.833,
                    0.833
                  ],
                  "y": [
                    0.833,
                    0.833,
                    0.833
                  ]
                },
                "o": {
                  "x": [
                    0.167,
                    0.167,
                    0.167
                  ],
                  "y": [
                    0.167,
                    0.167,
                    0.167
                  ]
                },
                "t": 59,
                "s": [
                  90,
                  90,
                  100
                ],
                "e": [
                  120,
                  120,
                  100
                ]
              },
              {
                "i": {
                  "x": [
                    0.833,
                    0.833,
                    0.833
                  ],
                  "y": [
                    0.833,
                    0.833,
                    0.833
                  ]
                },
                "o": {
                  "x": [
                    0.167,
                    0.167,
                    0.167
                  ],
                  "y": [
                    0.167,
                    0.167,
                    0.167
                  ]
                },
                "t": 62,
                "s": [
                  120,
                  120,
                  100
                ],
                "e": [
                  100,
                  100,
                  100
                ]
              },
              {
                "t": 65.0000026475043
              }
            ],
            "ix": 6
          }
        },
        "ao": 0,
        "t": {
          "d": {
            "k": [
              {
                "s": {
                  "s": 230,
                  "f": "Lato-Bold",
                  "t": "Titre en bas",
                  "j": 2,
                  "tr": 0,
                  "lh": 276,
                  "ls": 0,
                  "fc": [
                    1,
                    1,
                    1
                  ],
                  "sc": [
                    0,
                    0,
                    0
                  ],
                  "sw": 0.00999999977648,
                  "of": false
                },
                "t": 0
              }
            ]
          },
          "p": {},
          "m": {
            "g": 1,
            "a": {
              "a": 0,
              "k": [
                0,
                0
              ],
              "ix": 2
            }
          },
          "a": []
        },
        "ip": -7.00000028511585,
        "op": 204.00000830909,
        "st": 0,
        "bm": 0
      },
      {
        "ddd": 0,
        "ind": 3,
        "ty": 5,
        "nm": "textTop-subtitleTopText-text-2",
        "sr": 1,
        "ks": {
          "o": {
            "a": 1,
            "k": [
              {
                "i": {
                  "x": [
                    0.833
                  ],
                  "y": [
                    0.833
                  ]
                },
                "o": {
                  "x": [
                    0.167
                  ],
                  "y": [
                    0.167
                  ]
                },
                "t": 167,
                "s": [
                  100
                ],
                "e": [
                  0
                ]
              },
              {
                "t": 178.198757258184
              }
            ],
            "ix": 11
          },
          "r": {
            "a": 0,
            "k": 0,
            "ix": 10
          },
          "p": {
            "a": 1,
            "k": [
              {
                "i": {
                  "x": 0.833,
                  "y": 0.833
                },
                "o": {
                  "x": 0.167,
                  "y": 0.167
                },
                "t": 160,
                "s": [
                  960,
                  854,
                  0
                ],
                "e": [
                  1760,
                  854,
                  0
                ],
                "to": [
                  173.333,
                  0,
                  0
                ],
                "ti": [
                  -173.333,
                  0,
                  0
                ]
              },
              {
                "t": 179.000007290819
              }
            ],
            "ix": 2
          },
          "a": {
            "a": 0,
            "k": [
              0,
              0,
              0
            ],
            "ix": 1
          },
          "s": {
            "a": 1,
            "k": [
              {
                "i": {
                  "x": [
                    0.833,
                    0.833,
                    0.833
                  ],
                  "y": [
                    0.833,
                    0.833,
                    0.833
                  ]
                },
                "o": {
                  "x": [
                    0.167,
                    0.167,
                    0.167
                  ],
                  "y": [
                    0.167,
                    0.167,
                    0.167
                  ]
                },
                "t": 69.41,
                "s": [
                  100,
                  0,
                  100
                ],
                "e": [
                  100,
                  100,
                  100
                ]
              },
              {
                "t": 79.000003217736
              }
            ],
            "ix": 6
          }
        },
        "ao": 0,
        "ef": [
          {
            "ty": 25,
            "nm": "Ombre portée",
            "np": 8,
            "mn": "ADBE Drop Shadow",
            "ix": 1,
            "en": 1,
            "ef": [
              {
                "ty": 2,
                "nm": "Couleur",
                "mn": "ADBE Drop Shadow-0001",
                "ix": 1,
                "v": {
                  "a": 0,
                  "k": [
                    0,
                    0,
                    0,
                    1
                  ],
                  "ix": 1
                }
              },
              {
                "ty": 0,
                "nm": "Opacité",
                "mn": "ADBE Drop Shadow-0002",
                "ix": 2,
                "v": {
                  "a": 0,
                  "k": 127.5,
                  "ix": 2
                }
              },
              {
                "ty": 0,
                "nm": "Direction",
                "mn": "ADBE Drop Shadow-0003",
                "ix": 3,
                "v": {
                  "a": 0,
                  "k": 135,
                  "ix": 3
                }
              },
              {
                "ty": 0,
                "nm": "Distance",
                "mn": "ADBE Drop Shadow-0004",
                "ix": 4,
                "v": {
                  "a": 0,
                  "k": 5,
                  "ix": 4
                }
              },
              {
                "ty": 0,
                "nm": "Lissage",
                "mn": "ADBE Drop Shadow-0005",
                "ix": 5,
                "v": {
                  "a": 0,
                  "k": 20,
                  "ix": 5
                }
              },
              {
                "ty": 7,
                "nm": "Ombre seulement",
                "mn": "ADBE Drop Shadow-0006",
                "ix": 6,
                "v": {
                  "a": 0,
                  "k": 0,
                  "ix": 6
                }
              }
            ]
          }
        ],
        "t": {
          "d": {
            "k": [
              {
                "s": {
                  "s": 168,
                  "f": "Lato-Regular",
                  "t": "Sous-titre en haut",
                  "j": 2,
                  "tr": -30,
                  "lh": 201.6,
                  "ls": 0,
                  "fc": [
                    1,
                    1,
                    1
                  ],
                  "sc": [
                    0,
                    0,
                    0
                  ],
                  "sw": 0.00999999977648,
                  "of": false
                },
                "t": 0
              }
            ]
          },
          "p": {},
          "m": {
            "g": 1,
            "a": {
              "a": 0,
              "k": [
                0,
                0
              ],
              "ix": 2
            }
          },
          "a": [
            {
              "nm": "Animation 1",
              "s": {
                "t": 0,
                "xe": {
                  "a": 0,
                  "k": 0,
                  "ix": 7
                },
                "ne": {
                  "a": 0,
                  "k": 0,
                  "ix": 8
                },
                "a": {
                  "a": 0,
                  "k": 100,
                  "ix": 4
                },
                "b": 1,
                "rn": 0,
                "sh": 1,
                "r": 1
              },
              "a": {
                "s": {
                  "a": 0,
                  "k": [
                    87.5,
                    87.5,
                    100
                  ],
                  "ix": 3
                }
              }
            }
          ]
        },
        "ip": -8.00000032584668,
        "op": 215.00000875713,
        "st": 0,
        "bm": 0
      },
      {
        "ddd": 0,
        "ind": 4,
        "ty": 5,
        "nm": "textBottom-subtitleBottomText-text-3",
        "sr": 1,
        "ks": {
          "o": {
            "a": 1,
            "k": [
              {
                "i": {
                  "x": [
                    0.833
                  ],
                  "y": [
                    0.833
                  ]
                },
                "o": {
                  "x": [
                    0.167
                  ],
                  "y": [
                    0.167
                  ]
                },
                "t": 167,
                "s": [
                  100
                ],
                "e": [
                  0
                ]
              },
              {
                "t": 178.198757258184
              }
            ],
            "ix": 11
          },
          "r": {
            "a": 0,
            "k": 0,
            "ix": 10
          },
          "p": {
            "a": 1,
            "k": [
              {
                "i": {
                  "x": 0.833,
                  "y": 0.833
                },
                "o": {
                  "x": 0.167,
                  "y": 0.167
                },
                "t": 160,
                "s": [
                  1633,
                  1000,
                  0
                ],
                "e": [
                  2433,
                  1000,
                  0
                ],
                "to": [
                  164,
                  0,
                  0
                ],
                "ti": [
                  -164,
                  0,
                  0
                ]
              },
              {
                "t": 178.000007250089
              }
            ],
            "ix": 2
          },
          "a": {
            "a": 0,
            "k": [
              673,
              0,
              0
            ],
            "ix": 1
          },
          "s": {
            "a": 1,
            "k": [
              {
                "i": {
                  "x": [
                    0.833,
                    0.833,
                    0.833
                  ],
                  "y": [
                    0.833,
                    0.833,
                    0.833
                  ]
                },
                "o": {
                  "x": [
                    0.167,
                    0.167,
                    0.167
                  ],
                  "y": [
                    0.167,
                    0.167,
                    0.167
                  ]
                },
                "t": 73.006,
                "s": [
                  0,
                  100,
                  100
                ],
                "e": [
                  100,
                  100,
                  100
                ]
              },
              {
                "t": 80.1987532665621
              }
            ],
            "ix": 6
          }
        },
        "ao": 0,
        "t": {
          "d": {
            "k": [
              {
                "s": {
                  "s": 70,
                  "f": "Lato-Regular",
                  "t": "Sous-titre en bas",
                  "j": 2,
                  "tr": -10,
                  "lh": 84,
                  "ls": 0,
                  "fc": [
                    1,
                    1,
                    1
                  ],
                  "sc": [
                    0,
                    0,
                    0
                  ],
                  "sw": 0.00999999977648,
                  "of": false
                },
                "t": 0
              }
            ]
          },
          "p": {},
          "m": {
            "g": 1,
            "a": {
              "a": 0,
              "k": [
                0,
                0
              ],
              "ix": 2
            }
          },
          "a": [
            {
              "nm": "Animation 1",
              "s": {
                "t": 0,
                "xe": {
                  "a": 0,
                  "k": 0,
                  "ix": 7
                },
                "ne": {
                  "a": 0,
                  "k": 0,
                  "ix": 8
                },
                "a": {
                  "a": 0,
                  "k": 100,
                  "ix": 4
                },
                "b": 1,
                "rn": 0,
                "sh": 1,
                "r": 1
              },
              "a": {
                "s": {
                  "a": 0,
                  "k": [
                    87.5,
                    87.5,
                    100
                  ],
                  "ix": 3
                }
              }
            }
          ]
        },
        "ip": -8.00000032584668,
        "op": 208.000008472014,
        "st": 0,
        "bm": 0
      },
      {
        "ddd": 0,
        "ind": 5,
        "ty": 1,
        "nm": "textBottomContainer-subtitleBackground",
        "sr": 1,
        "ks": {
          "o": {
            "a": 1,
            "k": [
              {
                "i": {
                  "x": [
                    0.833
                  ],
                  "y": [
                    0.833
                  ]
                },
                "o": {
                  "x": [
                    0.167
                  ],
                  "y": [
                    0.167
                  ]
                },
                "t": 167,
                "s": [
                  100
                ],
                "e": [
                  0
                ]
              },
              {
                "t": 178.198757258184
              }
            ],
            "ix": 11
          },
          "r": {
            "a": 0,
            "k": 0,
            "ix": 10
          },
          "p": {
            "a": 1,
            "k": [
              {
                "i": {
                  "x": 0.833,
                  "y": 0.833
                },
                "o": {
                  "x": 0.167,
                  "y": 0.167
                },
                "t": 160,
                "s": [
                  1633,
                  910,
                  0
                ],
                "e": [
                  2433,
                  910,
                  0
                ],
                "to": [
                  164,
                  0,
                  0
                ],
                "ti": [
                  -164,
                  0,
                  0
                ]
              },
              {
                "t": 178.000007250089
              }
            ],
            "ix": 2
          },
          "a": {
            "a": 0,
            "k": [
              1346,
              0,
              0
            ],
            "ix": 1
          },
          "s": {
            "a": 1,
            "k": [
              {
                "i": {
                  "x": [
                    0.833,
                    0.833,
                    0.833
                  ],
                  "y": [
                    0.833,
                    0.833,
                    0.833
                  ]
                },
                "o": {
                  "x": [
                    0.167,
                    0.167,
                    0.167
                  ],
                  "y": [
                    0.167,
                    0.167,
                    0.167
                  ]
                },
                "t": 69.41,
                "s": [
                  0,
                  100,
                  100
                ],
                "e": [
                  100,
                  100,
                  100
                ]
              },
              {
                "t": 79.000003217736
              }
            ],
            "ix": 6
          }
        },
        "ao": 0,
        "sw": 1346,
        "sh": 125,
        "sc": "#E41919",
        "ip": -8.00000032584668,
        "op": 230.000009368092,
        "st": 0,
        "bm": 0
      },
      {
        "ddd": 0,
        "ind": 6,
        "ty": 1,
        "nm": "container-titleBackground",
        "sr": 1,
        "ks": {
          "o": {
            "a": 0,
            "k": 70,
            "ix": 11
          },
          "r": {
            "a": 0,
            "k": 0,
            "ix": 10
          },
          "p": {
            "a": 0,
            "k": [
              960,
              540,
              0
            ],
            "ix": 2
          },
          "a": {
            "a": 0,
            "k": [
              960,
              540,
              0
            ],
            "ix": 1
          },
          "s": {
            "a": 0,
            "k": [
              100,
              100,
              100
            ],
            "ix": 6
          }
        },
        "ao": 0,
        "sw": 1920,
        "sh": 1080,
        "sc": "#000000",
        "ip": -37.0000015070409,
        "op": 194.000007901782,
        "st": 0,
        "bm": 0
      }
    ],
    "markers": []
  }