{
    "v": "5.4.4",
    "fr": 29.9700012207031,
    "ip": 0,
    "op": 150.000006109625,
    "w": 213,
    "h": 84,
    "nm": "LOS_ANGELES-MUSTANG",
    "ddd": 0,
    "assets": [],
    "fonts": {
      "list": [
        {
          "origin": 0,
          "fPath": "",
          "fClass": "",
          "fFamily": "Bebas Neue",
          "fWeight": "",
          "fStyle": "Bold",
          "fName": "BebasNeueBold",
          "ascent": 74.0585718471557
        },
        {
          "fName": "Lato-Bold",
          "fFamily": "Lato",
          "fStyle": "Bold",
          "ascent": 74
        },
        {
          "fName": "Lato-Regular",
          "fFamily": "Lato",
          "fStyle": "Regular",
          "ascent": 74
        }
      ]
    },
    "layers": [
      {
        "ddd": 0,
        "ind": 1,
        "ty": 5,
        "nm": "text-floatingText-text-0",
        "sr": 1,
        "ks": {
          "o": {
            "a": 1,
            "k": [
              {
                "i": {
                  "x": [
                    0.833
                  ],
                  "y": [
                    0.833
                  ]
                },
                "o": {
                  "x": [
                    0.167
                  ],
                  "y": [
                    0.167
                  ]
                },
                "t": 141.808,
                "s": [
                  100
                ],
                "e": [
                  0
                ]
              },
              {
                "t": 146.602505971242
              }
            ],
            "ix": 11
          },
          "r": {
            "a": 0,
            "k": 0,
            "ix": 10
          },
          "p": {
            "a": 0,
            "k": [
              213,
              70,
              0
            ],
            "ix": 2
          },
          "a": {
            "a": 0,
            "k": [
              106,
              0,
              0
            ],
            "ix": 1
          },
          "s": {
            "a": 1,
            "k": [
              {
                "i": {
                  "x": [
                    0.833,
                    0.833,
                    0.833
                  ],
                  "y": [
                    0.833,
                    0.833,
                    0.833
                  ]
                },
                "o": {
                  "x": [
                    0.167,
                    0.167,
                    0.167
                  ],
                  "y": [
                    0.167,
                    0.167,
                    0.167
                  ]
                },
                "t": 4.603,
                "s": [
                  100,
                  0,
                  100
                ],
                "e": [
                  100,
                  100,
                  100
                ]
              },
              {
                "i": {
                  "x": [
                    0.833,
                    0.833,
                    0.833
                  ],
                  "y": [
                    0.833,
                    0.833,
                    0.833
                  ]
                },
                "o": {
                  "x": [
                    0.167,
                    0.167,
                    0.167
                  ],
                  "y": [
                    0.167,
                    0.167,
                    0.167
                  ]
                },
                "t": 9.398,
                "s": [
                  100,
                  100,
                  100
                ],
                "e": [
                  100,
                  100,
                  100
                ]
              },
              {
                "i": {
                  "x": [
                    0.833,
                    0.833,
                    0.833
                  ],
                  "y": [
                    0.833,
                    0.833,
                    0.833
                  ]
                },
                "o": {
                  "x": [
                    0.167,
                    0.167,
                    0.167
                  ],
                  "y": [
                    0.167,
                    0.167,
                    0.167
                  ]
                },
                "t": 142,
                "s": [
                  100,
                  100,
                  100
                ],
                "e": [
                  100,
                  0,
                  100
                ]
              },
              {
                "t": 147.000005987433
              }
            ],
            "ix": 6
          }
        },
        "ao": 0,
        "ef": [
          {
            "ty": 25,
            "nm": "Ombre portée",
            "np": 8,
            "mn": "ADBE Drop Shadow",
            "ix": 1,
            "en": 1,
            "ef": [
              {
                "ty": 2,
                "nm": "Couleur",
                "mn": "ADBE Drop Shadow-0001",
                "ix": 1,
                "v": {
                  "a": 0,
                  "k": [
                    0,
                    0,
                    0,
                    1
                  ],
                  "ix": 1
                }
              },
              {
                "ty": 0,
                "nm": "Opacité",
                "mn": "ADBE Drop Shadow-0002",
                "ix": 2,
                "v": {
                  "a": 0,
                  "k": 127.5,
                  "ix": 2
                }
              },
              {
                "ty": 0,
                "nm": "Direction",
                "mn": "ADBE Drop Shadow-0003",
                "ix": 3,
                "v": {
                  "a": 0,
                  "k": 135,
                  "ix": 3
                }
              },
              {
                "ty": 0,
                "nm": "Distance",
                "mn": "ADBE Drop Shadow-0004",
                "ix": 4,
                "v": {
                  "a": 0,
                  "k": 5,
                  "ix": 4
                }
              },
              {
                "ty": 0,
                "nm": "Lissage",
                "mn": "ADBE Drop Shadow-0005",
                "ix": 5,
                "v": {
                  "a": 0,
                  "k": 20,
                  "ix": 5
                }
              },
              {
                "ty": 7,
                "nm": "Ombre seulement",
                "mn": "ADBE Drop Shadow-0006",
                "ix": 6,
                "v": {
                  "a": 0,
                  "k": 0,
                  "ix": 6
                }
              }
            ]
          }
        ],
        "t": {
          "d": {
            "k": [
              {
                "s": {
                  "s": 70,
                  "f": "Lato-Regular",
                  "t": "Texte",
                  "j": 2,
                  "tr": -30,
                  "lh": 84,
                  "ls": 0,
                  "fc": [
                    1,
                    1,
                    1
                  ],
                  "sc": [
                    0,
                    0,
                    0
                  ],
                  "sw": 0.00999999977648,
                  "of": false
                },
                "t": 0
              }
            ]
          },
          "p": {},
          "m": {
            "g": 1,
            "a": {
              "a": 0,
              "k": [
                0,
                0
              ],
              "ix": 2
            }
          },
          "a": [
            {
              "nm": "Animation 1",
              "s": {
                "t": 0,
                "xe": {
                  "a": 0,
                  "k": 0,
                  "ix": 7
                },
                "ne": {
                  "a": 0,
                  "k": 0,
                  "ix": 8
                },
                "a": {
                  "a": 0,
                  "k": 100,
                  "ix": 4
                },
                "b": 1,
                "rn": 0,
                "sh": 1,
                "r": 1
              },
              "a": {
                "s": {
                  "a": 0,
                  "k": [
                    87.5,
                    87.5,
                    100
                  ],
                  "ix": 3
                }
              }
            }
          ]
        },
        "ip": -22.0000008960784,
        "op": 166.000006761319,
        "st": 0,
        "bm": 0
      },
      {
        "ddd": 0,
        "ind": 2,
        "ty": 1,
        "nm": "container-floatingBackground",
        "sr": 1,
        "ks": {
          "o": {
            "a": 1,
            "k": [
              {
                "i": {
                  "x": [
                    0.833
                  ],
                  "y": [
                    0.833
                  ]
                },
                "o": {
                  "x": [
                    0.167
                  ],
                  "y": [
                    0.167
                  ]
                },
                "t": 145.404,
                "s": [
                  100
                ],
                "e": [
                  0
                ]
              },
              {
                "t": 149.000006068894
              }
            ],
            "ix": 11
          },
          "r": {
            "a": 0,
            "k": 0,
            "ix": 10
          },
          "p": {
            "a": 0,
            "k": [
              0.062,
              0.031,
              0
            ],
            "ix": 2
          },
          "a": {
            "a": 0,
            "k": [
              0.062,
              0.031,
              0
            ],
            "ix": 1
          },
          "s": {
            "a": 1,
            "k": [
              {
                "i": {
                  "x": [
                    0.833,
                    0.833,
                    0.833
                  ],
                  "y": [
                    0.833,
                    0.833,
                    0.833
                  ]
                },
                "o": {
                  "x": [
                    0.167,
                    0.167,
                    0.167
                  ],
                  "y": [
                    0.167,
                    0.167,
                    0.167
                  ]
                },
                "t": 0,
                "s": [
                  0,
                  100,
                  100
                ],
                "e": [
                  100,
                  100,
                  100
                ]
              },
              {
                "i": {
                  "x": [
                    0.833,
                    0.833,
                    0.833
                  ],
                  "y": [
                    0.833,
                    0.833,
                    0.833
                  ]
                },
                "o": {
                  "x": [
                    0.167,
                    0.167,
                    0.167
                  ],
                  "y": [
                    0.167,
                    0.167,
                    0.167
                  ]
                },
                "t": 7,
                "s": [
                  100,
                  100,
                  100
                ],
                "e": [
                  100,
                  100,
                  100
                ]
              },
              {
                "i": {
                  "x": [
                    0.833,
                    0.833,
                    0.833
                  ],
                  "y": [
                    0.833,
                    0.833,
                    0.833
                  ]
                },
                "o": {
                  "x": [
                    0.167,
                    0.167,
                    0.167
                  ],
                  "y": [
                    0.167,
                    0.167,
                    0.167
                  ]
                },
                "t": 145,
                "s": [
                  100,
                  100,
                  100
                ],
                "e": [
                  0,
                  100,
                  100
                ]
              },
              {
                "t": 149.000006068894
              }
            ],
            "ix": 6
          }
        },
        "ao": 0,
        "sw": 213,
        "sh": 121,
        "sc": "#E41919",
        "ip": -22.0000008960784,
        "op": 166.000006761319,
        "st": 0,
        "bm": 0
      }
    ],
    "markers": []
  }