{
    "v": "5.4.4",
    "fr": 29.9700012207031,
    "ip": 0,
    "op": 150.000006109625,
    "w": 815,
    "h": 220,
    "nm": "LOS_ANGELES-NISSAN",
    "ddd": 0,
    "assets": [],
    "fonts": {
      "list": [
        {
          "origin": 0,
          "fPath": "",
          "fClass": "",
          "fFamily": "Bebas Neue",
          "fWeight": "",
          "fStyle": "Regular",
          "fName": "BebasNeueRegular",
          "ascent": 74.0585718471557
        },
        {
          "origin": 0,
          "fPath": "",
          "fClass": "",
          "fFamily": "Bebas Neue",
          "fWeight": "",
          "fStyle": "Bold",
          "fName": "BebasNeueBold",
          "ascent": 74.0585718471557
        },
        {
          "fName": "Lato-Bold",
          "fFamily": "Lato",
          "fStyle": "Bold",
          "ascent": 74
        },
        {
          "fName": "Lato-Regular",
          "fFamily": "Lato",
          "fStyle": "Regular",
          "ascent": 74
        }
      ]
    },
    "layers": [
      {
        "ddd": 0,
        "ind": 1,
        "ty": 5,
        "nm": "textTop-subtitleTopText-text-0",
        "sr": 1,
        "ks": {
          "o": {
            "a": 1,
            "k": [
              {
                "i": {
                  "x": [
                    0.833
                  ],
                  "y": [
                    0.833
                  ]
                },
                "o": {
                  "x": [
                    0.167
                  ],
                  "y": [
                    0.167
                  ]
                },
                "t": 147.453,
                "s": [
                  100
                ],
                "e": [
                  0
                ]
              },
              {
                "t": 148.65125605469
              }
            ],
            "ix": 11
          },
          "r": {
            "a": 0,
            "k": 0,
            "ix": 10
          },
          "p": {
            "a": 0,
            "k": [
              407,
              136,
              0
            ],
            "ix": 2
          },
          "a": {
            "a": 0,
            "k": [
              -1.591,
              8.887,
              0
            ],
            "ix": 1
          },
          "s": {
            "a": 1,
            "k": [
              {
                "i": {
                  "x": [
                    0.833,
                    0.833,
                    0.833
                  ],
                  "y": [
                    0.833,
                    0.833,
                    0.833
                  ]
                },
                "o": {
                  "x": [
                    0.167,
                    0.167,
                    0.167
                  ],
                  "y": [
                    0.167,
                    0.167,
                    0.167
                  ]
                },
                "t": 0,
                "s": [
                  100,
                  0,
                  100
                ],
                "e": [
                  100,
                  100,
                  100
                ]
              },
              {
                "t": 9.59000039060871
              }
            ],
            "ix": 6
          }
        },
        "ao": 0,
        "ef": [
          {
            "ty": 25,
            "nm": "Ombre portée",
            "np": 8,
            "mn": "ADBE Drop Shadow",
            "ix": 1,
            "en": 1,
            "ef": [
              {
                "ty": 2,
                "nm": "Couleur",
                "mn": "ADBE Drop Shadow-0001",
                "ix": 1,
                "v": {
                  "a": 0,
                  "k": [
                    0,
                    0,
                    0,
                    1
                  ],
                  "ix": 1
                }
              },
              {
                "ty": 0,
                "nm": "Opacité",
                "mn": "ADBE Drop Shadow-0002",
                "ix": 2,
                "v": {
                  "a": 0,
                  "k": 127.5,
                  "ix": 2
                }
              },
              {
                "ty": 0,
                "nm": "Direction",
                "mn": "ADBE Drop Shadow-0003",
                "ix": 3,
                "v": {
                  "a": 0,
                  "k": 135,
                  "ix": 3
                }
              },
              {
                "ty": 0,
                "nm": "Distance",
                "mn": "ADBE Drop Shadow-0004",
                "ix": 4,
                "v": {
                  "a": 0,
                  "k": 5,
                  "ix": 4
                }
              },
              {
                "ty": 0,
                "nm": "Lissage",
                "mn": "ADBE Drop Shadow-0005",
                "ix": 5,
                "v": {
                  "a": 0,
                  "k": 20,
                  "ix": 5
                }
              },
              {
                "ty": 7,
                "nm": "Ombre seulement",
                "mn": "ADBE Drop Shadow-0006",
                "ix": 6,
                "v": {
                  "a": 0,
                  "k": 0,
                  "ix": 6
                }
              }
            ]
          }
        ],
        "t": {
          "d": {
            "k": [
              {
                "s": {
                  "s": 168,
                  "f": "Lato-Regular",
                  "t": "Texte haut",
                  "j": 2,
                  "tr": -30,
                  "lh": 201.6,
                  "ls": 0,
                  "fc": [
                    1,
                    1,
                    1
                  ],
                  "sc": [
                    0,
                    0,
                    0
                  ],
                  "sw": 0.00999999977648,
                  "of": false
                },
                "t": 0
              }
            ]
          },
          "p": {},
          "m": {
            "g": 1,
            "a": {
              "a": 0,
              "k": [
                0,
                0
              ],
              "ix": 2
            }
          },
          "a": []
        },
        "ip": 0,
        "op": 181.018807373047,
        "st": 0,
        "bm": 0
      },
      {
        "ddd": 0,
        "ind": 2,
        "ty": 5,
        "nm": "textBottom-subtitleBottomText-text-1",
        "sr": 1,
        "ks": {
          "o": {
            "a": 1,
            "k": [
              {
                "i": {
                  "x": [
                    0.833
                  ],
                  "y": [
                    0.833
                  ]
                },
                "o": {
                  "x": [
                    0.167
                  ],
                  "y": [
                    0.167
                  ]
                },
                "t": 147.453,
                "s": [
                  100
                ],
                "e": [
                  0
                ]
              },
              {
                "t": 148.65125605469
              }
            ],
            "ix": 11
          },
          "r": {
            "a": 0,
            "k": 0,
            "ix": 10
          },
          "p": {
            "a": 0,
            "k": [
              815,
              210.691,
              0
            ],
            "ix": 2
          },
          "a": {
            "a": 0,
            "k": [
              407,
              5.875,
              0
            ],
            "ix": 1
          },
          "s": {
            "a": 1,
            "k": [
              {
                "i": {
                  "x": [
                    0.833,
                    0.833,
                    0.833
                  ],
                  "y": [
                    0.833,
                    0.833,
                    0.833
                  ]
                },
                "o": {
                  "x": [
                    0.167,
                    0.167,
                    0.167
                  ],
                  "y": [
                    0.167,
                    0.167,
                    0.167
                  ]
                },
                "t": 3.596,
                "s": [
                  0,
                  100,
                  100
                ],
                "e": [
                  100,
                  100,
                  100
                ]
              },
              {
                "t": 10.7887504394348
              }
            ],
            "ix": 6
          }
        },
        "ao": 0,
        "ef": [
          {
            "ty": 25,
            "nm": "Ombre portée",
            "np": 8,
            "mn": "ADBE Drop Shadow",
            "ix": 1,
            "en": 1,
            "ef": [
              {
                "ty": 2,
                "nm": "Couleur",
                "mn": "ADBE Drop Shadow-0001",
                "ix": 1,
                "v": {
                  "a": 0,
                  "k": [
                    0,
                    0,
                    0,
                    1
                  ],
                  "ix": 1
                }
              },
              {
                "ty": 0,
                "nm": "Opacité",
                "mn": "ADBE Drop Shadow-0002",
                "ix": 2,
                "v": {
                  "a": 0,
                  "k": 127.5,
                  "ix": 2
                }
              },
              {
                "ty": 0,
                "nm": "Direction",
                "mn": "ADBE Drop Shadow-0003",
                "ix": 3,
                "v": {
                  "a": 0,
                  "k": 135,
                  "ix": 3
                }
              },
              {
                "ty": 0,
                "nm": "Distance",
                "mn": "ADBE Drop Shadow-0004",
                "ix": 4,
                "v": {
                  "a": 0,
                  "k": 0,
                  "ix": 4
                }
              },
              {
                "ty": 0,
                "nm": "Lissage",
                "mn": "ADBE Drop Shadow-0005",
                "ix": 5,
                "v": {
                  "a": 0,
                  "k": 20,
                  "ix": 5
                }
              },
              {
                "ty": 7,
                "nm": "Ombre seulement",
                "mn": "ADBE Drop Shadow-0006",
                "ix": 6,
                "v": {
                  "a": 0,
                  "k": 0,
                  "ix": 6
                }
              }
            ]
          }
        ],
        "t": {
          "d": {
            "k": [
              {
                "s": {
                  "s": 70,
                  "f": "Lato-Regular",
                  "t": "Texte bas",
                  "j": 2,
                  "tr": -10,
                  "lh": 84,
                  "ls": 0,
                  "fc": [
                    1,
                    1,
                    1
                  ],
                  "sc": [
                    0,
                    0,
                    0
                  ],
                  "sw": 0.00999999977648,
                  "of": false
                },
                "t": 0
              }
            ]
          },
          "p": {},
          "m": {
            "g": 1,
            "a": {
              "a": 0,
              "k": [
                0,
                0
              ],
              "ix": 2
            }
          },
          "a": []
        },
        "ip": 0,
        "op": 171.428406982422,
        "st": 0,
        "bm": 0
      },
      {
        "ddd": 0,
        "ind": 3,
        "ty": 1,
        "nm": "textBottomContainer-subtitleBackground",
        "sr": 1,
        "ks": {
          "o": {
            "a": 1,
            "k": [
              {
                "i": {
                  "x": [
                    0.833
                  ],
                  "y": [
                    0.833
                  ]
                },
                "o": {
                  "x": [
                    0.167
                  ],
                  "y": [
                    0.167
                  ]
                },
                "t": 147.453,
                "s": [
                  100
                ],
                "e": [
                  0
                ]
              },
              {
                "t": 148.65125605469
              }
            ],
            "ix": 11
          },
          "r": {
            "a": 0,
            "k": 0,
            "ix": 10
          },
          "p": {
            "a": 0,
            "k": [
              841,
              221,
              0
            ],
            "ix": 2
          },
          "a": {
            "a": 0,
            "k": [
              840,
              81,
              0
            ],
            "ix": 1
          },
          "s": {
            "a": 1,
            "k": [
              {
                "i": {
                  "x": [
                    0.833,
                    0.833,
                    0.833
                  ],
                  "y": [
                    0.833,
                    0.833,
                    0.833
                  ]
                },
                "o": {
                  "x": [
                    0.167,
                    0.167,
                    0.167
                  ],
                  "y": [
                    0.167,
                    0.167,
                    0.167
                  ]
                },
                "t": 0,
                "s": [
                  0,
                  100,
                  100
                ],
                "e": [
                  100,
                  100,
                  100
                ]
              },
              {
                "t": 9.59000039060871
              }
            ],
            "ix": 6
          }
        },
        "ao": 0,
        "sw": 815,
        "sh": 80,
        "sc": "#E41919",
        "ip": 0,
        "op": 157.042806396484,
        "st": 0,
        "bm": 0
      }
    ],
    "markers": []
  }