{
    "v": "5.4.4",
    "fr": 29.9700012207031,
    "ip": 0,
    "op": 150.000006109625,
    "w": 260,
    "h": 136,
    "nm": "BALI-MUSTANG",
    "ddd": 0,
    "assets": [],
    "fonts": {
      "list": [
        {
          "origin": 0,
          "fPath": "",
          "fClass": "",
          "fFamily": "Roboto Condensed",
          "fWeight": "",
          "fStyle": "Bold",
          "fName": "RobotoCondensed-Bold",
          "ascent": 75
        },
        {
          "fName": "Lato-Bold",
          "fFamily": "Lato",
          "fStyle": "Bold",
          "ascent": 74
        },
        {
          "fName": "Lato-Regular",
          "fFamily": "Lato",
          "fStyle": "Regular",
          "ascent": 74
        }
      ]
    },
    "layers": [
      {
        "ddd": 0,
        "ind": 1,
        "ty": 5,
        "nm": "text-text-textBold-0",
        "sr": 1,
        "ks": {
          "o": {
            "a": 1,
            "k": [
              {
                "i": {
                  "x": [
                    0
                  ],
                  "y": [
                    1
                  ]
                },
                "o": {
                  "x": [
                    0
                  ],
                  "y": [
                    0
                  ]
                },
                "t": 18,
                "s": [
                  0
                ],
                "e": [
                  100
                ]
              },
              {
                "i": {
                  "x": [
                    0.667
                  ],
                  "y": [
                    1
                  ]
                },
                "o": {
                  "x": [
                    0.333
                  ],
                  "y": [
                    0
                  ]
                },
                "t": 28,
                "s": [
                  100
                ],
                "e": [
                  100
                ]
              },
              {
                "i": {
                  "x": [
                    1
                  ],
                  "y": [
                    1
                  ]
                },
                "o": {
                  "x": [
                    1
                  ],
                  "y": [
                    -0.124
                  ]
                },
                "t": 141,
                "s": [
                  100
                ],
                "e": [
                  0
                ]
              },
              {
                "t": 146.000005946702
              }
            ],
            "ix": 11
          },
          "r": {
            "a": 0,
            "k": 0,
            "ix": 10
          },
          "p": {
            "a": 0,
            "k": [
              130,
              90,
              0
            ],
            "ix": 2
          },
          "a": {
            "a": 0,
            "k": [
              -0.195,
              -2.452999,
              0
            ],
            "ix": 1
          },
          "s": {
            "a": 0,
            "k": [
              100,
              100,
              100
            ],
            "ix": 6
          }
        },
        "ao": 0,
        "t": {
          "d": {
            "k": [
              {
                "s": {
                  "s": 80,
                  "f": "Lato-Regular",
                  "t": "Texte",
                  "j": 2,
                  "tr": 0,
                  "lh": 96,
                  "ls": 0,
                  "fc": [
                    1,
                    1,
                    1
                  ]
                },
                "t": 0
              }
            ]
          },
          "p": {},
          "m": {
            "g": 1,
            "a": {
              "a": 0,
              "k": [
                0,
                0
              ],
              "ix": 2
            }
          },
          "a": []
        },
        "ip": 0,
        "op": 150.000006109625,
        "st": 0,
        "bm": 0
      },
      {
        "ddd": 0,
        "ind": 2,
        "ty": 1,
        "nm": "lineBottom-shape",
        "sr": 1,
        "ks": {
          "o": {
            "a": 0,
            "k": 100,
            "ix": 11
          },
          "r": {
            "a": 0,
            "k": 0,
            "ix": 10
          },
          "p": {
            "a": 0,
            "k": [
              800.062,
              131,
              0
            ],
            "ix": 2
          },
          "a": {
            "a": 0,
            "k": [
              800.062,
              5.034,
              0
            ],
            "ix": 1
          },
          "s": {
            "a": 1,
            "k": [
              {
                "i": {
                  "x": [
                    0,
                    0,
                    0.667
                  ],
                  "y": [
                    1,
                    1,
                    1
                  ]
                },
                "o": {
                  "x": [
                    0.031,
                    0,
                    0.333
                  ],
                  "y": [
                    0,
                    0,
                    0
                  ]
                },
                "t": 8,
                "s": [
                  0,
                  100,
                  100
                ],
                "e": [
                  100,
                  100,
                  100
                ]
              },
              {
                "i": {
                  "x": [
                    0.833,
                    0.833,
                    0.833
                  ],
                  "y": [
                    1,
                    1,
                    1
                  ]
                },
                "o": {
                  "x": [
                    0.167,
                    0.167,
                    0.167
                  ],
                  "y": [
                    0,
                    0,
                    0
                  ]
                },
                "t": 26,
                "s": [
                  100,
                  100,
                  100
                ],
                "e": [
                  100,
                  100,
                  100
                ]
              },
              {
                "i": {
                  "x": [
                    0.833,
                    0.833,
                    0.833
                  ],
                  "y": [
                    1,
                    1,
                    1
                  ]
                },
                "o": {
                  "x": [
                    0.167,
                    0.167,
                    0.167
                  ],
                  "y": [
                    0,
                    0,
                    0
                  ]
                },
                "t": 133,
                "s": [
                  100,
                  100,
                  100
                ],
                "e": [
                  0,
                  100,
                  100
                ]
              },
              {
                "t": 141.000005743048
              }
            ],
            "ix": 6
          }
        },
        "ao": 0,
        "sw": 260,
        "sh": 10,
        "sc": "#2E30DC",
        "ip": 0,
        "op": 150.000006109625,
        "st": 0,
        "bm": 0
      },
      {
        "ddd": 0,
        "ind": 3,
        "ty": 1,
        "nm": "lineTop-shape",
        "sr": 1,
        "ks": {
          "o": {
            "a": 0,
            "k": 100,
            "ix": 11
          },
          "r": {
            "a": 0,
            "k": 0,
            "ix": 10
          },
          "p": {
            "a": 0,
            "k": [
              0.022,
              5.075,
              0
            ],
            "ix": 2
          },
          "a": {
            "a": 0,
            "k": [
              0.022,
              5.075,
              0
            ],
            "ix": 1
          },
          "s": {
            "a": 1,
            "k": [
              {
                "i": {
                  "x": [
                    0,
                    0,
                    0.667
                  ],
                  "y": [
                    1,
                    1,
                    1
                  ]
                },
                "o": {
                  "x": [
                    0,
                    0,
                    0.333
                  ],
                  "y": [
                    0,
                    0,
                    0
                  ]
                },
                "t": 8,
                "s": [
                  0,
                  100,
                  100
                ],
                "e": [
                  100,
                  100,
                  100
                ]
              },
              {
                "i": {
                  "x": [
                    0.833,
                    0.833,
                    0.833
                  ],
                  "y": [
                    1,
                    1,
                    1
                  ]
                },
                "o": {
                  "x": [
                    0.167,
                    0.167,
                    0.167
                  ],
                  "y": [
                    0,
                    0,
                    0
                  ]
                },
                "t": 26,
                "s": [
                  100,
                  100,
                  100
                ],
                "e": [
                  100,
                  100,
                  100
                ]
              },
              {
                "i": {
                  "x": [
                    0.833,
                    0.833,
                    0.833
                  ],
                  "y": [
                    1,
                    1,
                    1
                  ]
                },
                "o": {
                  "x": [
                    0.167,
                    0.167,
                    0.167
                  ],
                  "y": [
                    0,
                    0,
                    0
                  ]
                },
                "t": 133,
                "s": [
                  100,
                  100,
                  100
                ],
                "e": [
                  0,
                  100,
                  100
                ]
              },
              {
                "t": 141.000005743048
              }
            ],
            "ix": 6
          }
        },
        "ao": 0,
        "sw": 260,
        "sh": 10,
        "sc": "#2E30DC",
        "ip": 0,
        "op": 150.000006109625,
        "st": 0,
        "bm": 0
      },
      {
        "ddd": 0,
        "ind": 4,
        "ty": 1,
        "nm": "lineRight-shape",
        "sr": 1,
        "ks": {
          "o": {
            "a": 0,
            "k": 100,
            "ix": 11
          },
          "r": {
            "a": 0,
            "k": 0,
            "ix": 10
          },
          "p": {
            "a": 0,
            "k": [
              255,
              0.062,
              0
            ],
            "ix": 2
          },
          "a": {
            "a": 0,
            "k": [
              5,
              0.062,
              0
            ],
            "ix": 1
          },
          "s": {
            "a": 1,
            "k": [
              {
                "i": {
                  "x": [
                    0,
                    0,
                    0.667
                  ],
                  "y": [
                    1,
                    1,
                    1
                  ]
                },
                "o": {
                  "x": [
                    0,
                    0,
                    0.333
                  ],
                  "y": [
                    0,
                    0,
                    0
                  ]
                },
                "t": 8,
                "s": [
                  100,
                  0,
                  100
                ],
                "e": [
                  100,
                  100,
                  100
                ]
              },
              {
                "i": {
                  "x": [
                    0.833,
                    0.833,
                    0.833
                  ],
                  "y": [
                    1,
                    1,
                    1
                  ]
                },
                "o": {
                  "x": [
                    0.167,
                    0.167,
                    0.167
                  ],
                  "y": [
                    0,
                    0,
                    0
                  ]
                },
                "t": 26,
                "s": [
                  100,
                  100,
                  100
                ],
                "e": [
                  100,
                  100,
                  100
                ]
              },
              {
                "i": {
                  "x": [
                    0.833,
                    0.833,
                    0.833
                  ],
                  "y": [
                    1,
                    1,
                    1
                  ]
                },
                "o": {
                  "x": [
                    0.167,
                    0.167,
                    0.167
                  ],
                  "y": [
                    0,
                    0,
                    0
                  ]
                },
                "t": 133,
                "s": [
                  100,
                  100,
                  100
                ],
                "e": [
                  100,
                  0,
                  100
                ]
              },
              {
                "t": 141.000005743048
              }
            ],
            "ix": 6
          }
        },
        "ao": 0,
        "sw": 10,
        "sh": 136,
        "sc": "#2E30DC",
        "ip": 0,
        "op": 150.000006109625,
        "st": 0,
        "bm": 0
      },
      {
        "ddd": 0,
        "ind": 5,
        "ty": 1,
        "nm": "lineLeft-shape",
        "sr": 1,
        "ks": {
          "o": {
            "a": 0,
            "k": 100,
            "ix": 11
          },
          "r": {
            "a": 0,
            "k": 0,
            "ix": 10
          },
          "p": {
            "a": 0,
            "k": [
              5.031,
              180.031,
              0
            ],
            "ix": 2
          },
          "a": {
            "a": 0,
            "k": [
              5.031,
              180.031,
              0
            ],
            "ix": 1
          },
          "s": {
            "a": 1,
            "k": [
              {
                "i": {
                  "x": [
                    0,
                    0,
                    0.667
                  ],
                  "y": [
                    1,
                    1,
                    1
                  ]
                },
                "o": {
                  "x": [
                    0,
                    0,
                    0.333
                  ],
                  "y": [
                    0,
                    0,
                    0
                  ]
                },
                "t": 8,
                "s": [
                  100,
                  0,
                  100
                ],
                "e": [
                  100,
                  100,
                  100
                ]
              },
              {
                "i": {
                  "x": [
                    0.833,
                    0.833,
                    0.833
                  ],
                  "y": [
                    1,
                    1,
                    1
                  ]
                },
                "o": {
                  "x": [
                    0.167,
                    0.167,
                    0.167
                  ],
                  "y": [
                    0,
                    0,
                    0
                  ]
                },
                "t": 26,
                "s": [
                  100,
                  100,
                  100
                ],
                "e": [
                  100,
                  100,
                  100
                ]
              },
              {
                "i": {
                  "x": [
                    0.833,
                    0.833,
                    0.833
                  ],
                  "y": [
                    1,
                    1,
                    1
                  ]
                },
                "o": {
                  "x": [
                    0.167,
                    0.167,
                    0.167
                  ],
                  "y": [
                    0,
                    0,
                    0
                  ]
                },
                "t": 133,
                "s": [
                  100,
                  100,
                  100
                ],
                "e": [
                  100,
                  0,
                  100
                ]
              },
              {
                "t": 141.000005743048
              }
            ],
            "ix": 6
          }
        },
        "ao": 0,
        "sw": 10,
        "sh": 136,
        "sc": "#2E30DC",
        "ip": 0,
        "op": 150.000006109625,
        "st": 0,
        "bm": 0
      },
      {
        "ddd": 0,
        "ind": 6,
        "ty": 4,
        "nm": "container-background",
        "sr": 1,
        "ks": {
          "o": {
            "a": 0,
            "k": 50,
            "ix": 11
          },
          "r": {
            "a": 0,
            "k": 0,
            "ix": 10
          },
          "p": {
            "a": 0,
            "k": [
              130,
              90,
              0
            ],
            "ix": 2
          },
          "a": {
            "a": 0,
            "k": [
              -0.023,
              -0.908,
              0
            ],
            "ix": 1
          },
          "s": {
            "a": 1,
            "k": [
              {
                "i": {
                  "x": [
                    0,
                    0,
                    0.667
                  ],
                  "y": [
                    1,
                    1,
                    1
                  ]
                },
                "o": {
                  "x": [
                    0,
                    0,
                    0.333
                  ],
                  "y": [
                    0,
                    0,
                    0
                  ]
                },
                "t": 0,
                "s": [
                  0,
                  0,
                  100
                ],
                "e": [
                  100,
                  100,
                  100
                ]
              },
              {
                "i": {
                  "x": [
                    0.693,
                    0.693,
                    0.667
                  ],
                  "y": [
                    1,
                    1,
                    1
                  ]
                },
                "o": {
                  "x": [
                    0.302,
                    0.302,
                    0.333
                  ],
                  "y": [
                    0,
                    0,
                    0
                  ]
                },
                "t": 10,
                "s": [
                  100,
                  100,
                  100
                ],
                "e": [
                  100,
                  100,
                  100
                ]
              },
              {
                "i": {
                  "x": [
                    1,
                    1,
                    0.667
                  ],
                  "y": [
                    1,
                    1,
                    1
                  ]
                },
                "o": {
                  "x": [
                    1,
                    1,
                    0.333
                  ],
                  "y": [
                    0,
                    0,
                    0
                  ]
                },
                "t": 141,
                "s": [
                  100,
                  100,
                  100
                ],
                "e": [
                  0,
                  0,
                  100
                ]
              },
              {
                "t": 149.000006068894
              }
            ],
            "ix": 6
          }
        },
        "ao": 0,
        "shapes": [
          {
            "ty": "gr",
            "it": [
              {
                "ty": "rc",
                "d": 1,
                "s": {
                  "a": 0,
                  "k": [
                    260,
                    180
                  ],
                  "ix": 2
                },
                "p": {
                  "a": 0,
                  "k": [
                    0,
                    0
                  ],
                  "ix": 3
                },
                "r": {
                  "a": 0,
                  "k": 0,
                  "ix": 4
                },
                "nm": "Tracé rectangulaire 1",
                "mn": "ADBE Vector Shape - Rect",
                "hd": false
              },
              {
                "ty": "fl",
                "c": {
                  "a": 0,
                  "k": [
                    0.89411765,
                    0.09803922,
                    0.09803922,
                    1
                  ],
                  "ix": 4
                },
                "o": {
                  "a": 0,
                  "k": 100,
                  "ix": 5
                },
                "r": 1,
                "bm": 0,
                "nm": "Fond 1",
                "mn": "ADBE Vector Graphic - Fill",
                "hd": false
              },
              {
                "ty": "tr",
                "p": {
                  "a": 0,
                  "k": [
                    -0.023,
                    -0.908
                  ],
                  "ix": 2
                },
                "a": {
                  "a": 0,
                  "k": [
                    0,
                    0
                  ],
                  "ix": 1
                },
                "s": {
                  "a": 0,
                  "k": [
                    100,
                    100
                  ],
                  "ix": 3
                },
                "r": {
                  "a": 0,
                  "k": 0,
                  "ix": 6
                },
                "o": {
                  "a": 0,
                  "k": 100,
                  "ix": 7
                },
                "sk": {
                  "a": 0,
                  "k": 0,
                  "ix": 4
                },
                "sa": {
                  "a": 0,
                  "k": 0,
                  "ix": 5
                },
                "nm": "Transformer "
              }
            ],
            "nm": "Rectangle 1",
            "np": 3,
            "cix": 2,
            "bm": 0,
            "ix": 1,
            "mn": "ADBE Vector Group",
            "hd": false
          }
        ],
        "ip": 0,
        "op": 150.000006109625,
        "st": 0,
        "bm": 0
      }
    ],
    "markers": []
  }