{
    "v": "5.4.4",
    "fr": 29.9700012207031,
    "ip": 0,
    "op": 150.000006109625,
    "w": 469,
    "h": 307,
    "nm": "BALI-NISSAN",
    "ddd": 0,
    "assets": [],
    "fonts": {
      "list": [
        {
          "origin": 0,
          "fPath": "",
          "fClass": "",
          "fFamily": "Roboto",
          "fWeight": "",
          "fStyle": "Regular",
          "fName": "Roboto-Regular",
          "ascent": 75
        },
        {
          "origin": 0,
          "fPath": "",
          "fClass": "",
          "fFamily": "Roboto",
          "fWeight": "",
          "fStyle": "Black",
          "fName": "Roboto-Black",
          "ascent": 75
        },
        {
          "fName": "Lato-Bold",
          "fFamily": "Lato",
          "fStyle": "Bold",
          "ascent": 74
        },
        {
          "fName": "Lato-Regular",
          "fFamily": "Lato",
          "fStyle": "Regular",
          "ascent": 74
        }
      ]
    },
    "layers": [
      {
        "ddd": 0,
        "ind": 1,
        "ty": 4,
        "nm": "lineRight-shape",
        "sr": 1,
        "ks": {
          "o": {
            "a": 0,
            "k": 100,
            "ix": 11
          },
          "r": {
            "a": 0,
            "k": 0,
            "ix": 10
          },
          "p": {
            "a": 0,
            "k": [
              464,
              0.938,
              0
            ],
            "ix": 2
          },
          "a": {
            "a": 0,
            "k": [
              -465.687,
              192.062,
              0
            ],
            "ix": 1
          },
          "s": {
            "a": 1,
            "k": [
              {
                "i": {
                  "x": [
                    0,
                    0,
                    0.667
                  ],
                  "y": [
                    1,
                    1,
                    1
                  ]
                },
                "o": {
                  "x": [
                    0,
                    0,
                    0.333
                  ],
                  "y": [
                    0,
                    0,
                    0
                  ]
                },
                "t": 14,
                "s": [
                  100,
                  0,
                  100
                ],
                "e": [
                  100,
                  100,
                  100
                ]
              },
              {
                "i": {
                  "x": [
                    0.667,
                    0.667,
                    0.667
                  ],
                  "y": [
                    1,
                    1,
                    1
                  ]
                },
                "o": {
                  "x": [
                    0.333,
                    0.333,
                    0.333
                  ],
                  "y": [
                    0,
                    0,
                    0
                  ]
                },
                "t": 30,
                "s": [
                  100,
                  100,
                  100
                ],
                "e": [
                  100,
                  100,
                  100
                ]
              },
              {
                "i": {
                  "x": [
                    0.94,
                    1,
                    0.667
                  ],
                  "y": [
                    1,
                    1,
                    1
                  ]
                },
                "o": {
                  "x": [
                    1,
                    1,
                    0.333
                  ],
                  "y": [
                    0,
                    0,
                    0
                  ]
                },
                "t": 121,
                "s": [
                  100,
                  100,
                  100
                ],
                "e": [
                  100,
                  0,
                  100
                ]
              },
              {
                "t": 133.000005417201
              }
            ],
            "ix": 6
          }
        },
        "ao": 0,
        "shapes": [
          {
            "ty": "gr",
            "it": [
              {
                "ind": 0,
                "ty": "sh",
                "ix": 1,
                "ks": {
                  "a": 0,
                  "k": {
                    "i": [
                      [
                        0,
                        0
                      ],
                      [
                        0,
                        0
                      ]
                    ],
                    "o": [
                      [
                        0,
                        0
                      ],
                      [
                        0,
                        0
                      ]
                    ],
                    "v": [
                      [
                        -466,
                        192
                      ],
                      [
                        -465.5,
                        497
                      ]
                    ],
                    "c": false
                  },
                  "ix": 2
                },
                "nm": "Tracé 1",
                "mn": "ADBE Vector Shape - Group",
                "hd": false
              },
              {
                "ty": "st",
                "c": {
                  "a": 0,
                  "k": [
                    0.18039216,
                    0.1882353,
                    0.8627451,
                    1
                  ],
                  "ix": 3
                },
                "o": {
                  "a": 0,
                  "k": 100,
                  "ix": 4
                },
                "w": {
                  "a": 0,
                  "k": 10,
                  "ix": 5
                },
                "lc": 1,
                "lj": 1,
                "ml": 4,
                "bm": 0,
                "nm": "Contour 1",
                "mn": "ADBE Vector Graphic - Stroke",
                "hd": false
              },
              {
                "ty": "tr",
                "p": {
                  "a": 0,
                  "k": [
                    0,
                    0
                  ],
                  "ix": 2
                },
                "a": {
                  "a": 0,
                  "k": [
                    0,
                    0
                  ],
                  "ix": 1
                },
                "s": {
                  "a": 0,
                  "k": [
                    100,
                    100
                  ],
                  "ix": 3
                },
                "r": {
                  "a": 0,
                  "k": 0,
                  "ix": 6
                },
                "o": {
                  "a": 0,
                  "k": 100,
                  "ix": 7
                },
                "sk": {
                  "a": 0,
                  "k": 0,
                  "ix": 4
                },
                "sa": {
                  "a": 0,
                  "k": 0,
                  "ix": 5
                },
                "nm": "Transformer "
              }
            ],
            "nm": "Forme 1",
            "np": 3,
            "cix": 2,
            "bm": 0,
            "ix": 1,
            "mn": "ADBE Vector Group",
            "hd": false
          }
        ],
        "ip": 0,
        "op": 155.000006313279,
        "st": 0,
        "bm": 0
      },
      {
        "ddd": 0,
        "ind": 2,
        "ty": 4,
        "nm": "lineLeft-shape",
        "sr": 1,
        "ks": {
          "o": {
            "a": 0,
            "k": 100,
            "ix": 11
          },
          "r": {
            "a": 0,
            "k": 0,
            "ix": 10
          },
          "p": {
            "a": 0,
            "k": [
              5.25,
              306.75,
              0
            ],
            "ix": 2
          },
          "a": {
            "a": 0,
            "k": [
              -465.5,
              497.25,
              0
            ],
            "ix": 1
          },
          "s": {
            "a": 1,
            "k": [
              {
                "i": {
                  "x": [
                    0,
                    0,
                    0.667
                  ],
                  "y": [
                    1,
                    1,
                    1
                  ]
                },
                "o": {
                  "x": [
                    0,
                    0,
                    0.333
                  ],
                  "y": [
                    0,
                    0,
                    0
                  ]
                },
                "t": 14,
                "s": [
                  100,
                  0,
                  100
                ],
                "e": [
                  100,
                  100,
                  100
                ]
              },
              {
                "i": {
                  "x": [
                    0.667,
                    0.667,
                    0.667
                  ],
                  "y": [
                    1,
                    1,
                    1
                  ]
                },
                "o": {
                  "x": [
                    0.333,
                    0.333,
                    0.333
                  ],
                  "y": [
                    0,
                    0,
                    0
                  ]
                },
                "t": 30,
                "s": [
                  100,
                  100,
                  100
                ],
                "e": [
                  100,
                  100,
                  100
                ]
              },
              {
                "i": {
                  "x": [
                    0.94,
                    1,
                    0.667
                  ],
                  "y": [
                    1,
                    1,
                    1
                  ]
                },
                "o": {
                  "x": [
                    1,
                    1,
                    0.333
                  ],
                  "y": [
                    0,
                    0,
                    0
                  ]
                },
                "t": 121,
                "s": [
                  100,
                  100,
                  100
                ],
                "e": [
                  100,
                  0,
                  100
                ]
              },
              {
                "t": 133.000005417201
              }
            ],
            "ix": 6
          }
        },
        "ao": 0,
        "shapes": [
          {
            "ty": "gr",
            "it": [
              {
                "ind": 0,
                "ty": "sh",
                "ix": 1,
                "ks": {
                  "a": 0,
                  "k": {
                    "i": [
                      [
                        0,
                        0
                      ],
                      [
                        0,
                        0
                      ]
                    ],
                    "o": [
                      [
                        0,
                        0
                      ],
                      [
                        0,
                        0
                      ]
                    ],
                    "v": [
                      [
                        -466,
                        192
                      ],
                      [
                        -465.5,
                        497
                      ]
                    ],
                    "c": false
                  },
                  "ix": 2
                },
                "nm": "Tracé 1",
                "mn": "ADBE Vector Shape - Group",
                "hd": false
              },
              {
                "ty": "st",
                "c": {
                  "a": 0,
                  "k": [
                    0.18039216,
                    0.1882353,
                    0.8627451,
                    1
                  ],
                  "ix": 3
                },
                "o": {
                  "a": 0,
                  "k": 100,
                  "ix": 4
                },
                "w": {
                  "a": 0,
                  "k": 10,
                  "ix": 5
                },
                "lc": 1,
                "lj": 1,
                "ml": 4,
                "bm": 0,
                "nm": "Contour 1",
                "mn": "ADBE Vector Graphic - Stroke",
                "hd": false
              },
              {
                "ty": "tr",
                "p": {
                  "a": 0,
                  "k": [
                    0,
                    0
                  ],
                  "ix": 2
                },
                "a": {
                  "a": 0,
                  "k": [
                    0,
                    0
                  ],
                  "ix": 1
                },
                "s": {
                  "a": 0,
                  "k": [
                    100,
                    100
                  ],
                  "ix": 3
                },
                "r": {
                  "a": 0,
                  "k": 0,
                  "ix": 6
                },
                "o": {
                  "a": 0,
                  "k": 100,
                  "ix": 7
                },
                "sk": {
                  "a": 0,
                  "k": 0,
                  "ix": 4
                },
                "sa": {
                  "a": 0,
                  "k": 0,
                  "ix": 5
                },
                "nm": "Transformer "
              }
            ],
            "nm": "Forme 1",
            "np": 3,
            "cix": 2,
            "bm": 0,
            "ix": 1,
            "mn": "ADBE Vector Group",
            "hd": false
          }
        ],
        "ip": 0,
        "op": 155.000006313279,
        "st": 0,
        "bm": 0
      },
      {
        "ddd": 0,
        "ind": 3,
        "ty": 4,
        "nm": "lineTop-shape",
        "sr": 1,
        "ks": {
          "o": {
            "a": 0,
            "k": 100,
            "ix": 11
          },
          "r": {
            "a": 0,
            "k": 0,
            "ix": 10
          },
          "p": {
            "a": 0,
            "k": [
              22,
              2.75,
              0
            ],
            "ix": 2
          },
          "a": {
            "a": 0,
            "k": [
              -212,
              194,
              0
            ],
            "ix": 1
          },
          "s": {
            "a": 1,
            "k": [
              {
                "i": {
                  "x": [
                    0,
                    0,
                    0.667
                  ],
                  "y": [
                    1,
                    1,
                    1
                  ]
                },
                "o": {
                  "x": [
                    0,
                    0,
                    0.333
                  ],
                  "y": [
                    0,
                    -0.031,
                    0
                  ]
                },
                "t": 14,
                "s": [
                  0,
                  100,
                  100
                ],
                "e": [
                  100,
                  100,
                  100
                ]
              },
              {
                "i": {
                  "x": [
                    0.667,
                    0.667,
                    0.667
                  ],
                  "y": [
                    1,
                    1,
                    1
                  ]
                },
                "o": {
                  "x": [
                    0.333,
                    0.333,
                    0.333
                  ],
                  "y": [
                    0,
                    0,
                    0
                  ]
                },
                "t": 30,
                "s": [
                  100,
                  100,
                  100
                ],
                "e": [
                  100,
                  100,
                  100
                ]
              },
              {
                "i": {
                  "x": [
                    0.94,
                    1,
                    0.667
                  ],
                  "y": [
                    1,
                    1,
                    1
                  ]
                },
                "o": {
                  "x": [
                    1,
                    1,
                    0.333
                  ],
                  "y": [
                    0,
                    0,
                    0
                  ]
                },
                "t": 121,
                "s": [
                  100,
                  100,
                  100
                ],
                "e": [
                  0,
                  100,
                  100
                ]
              },
              {
                "t": 133.000005417201
              }
            ],
            "ix": 6
          }
        },
        "ao": 0,
        "shapes": [
          {
            "ty": "gr",
            "it": [
              {
                "ind": 0,
                "ty": "sh",
                "ix": 1,
                "ks": {
                  "a": 0,
                  "k": {
                    "i": [
                      [
                        0,
                        0
                      ],
                      [
                        0,
                        0
                      ]
                    ],
                    "o": [
                      [
                        0,
                        0
                      ],
                      [
                        0,
                        0
                      ]
                    ],
                    "v": [
                      [
                        -226,
                        194
                      ],
                      [
                        226,
                        194
                      ]
                    ],
                    "c": false
                  },
                  "ix": 2
                },
                "nm": "Tracé 1",
                "mn": "ADBE Vector Shape - Group",
                "hd": false
              },
              {
                "ty": "st",
                "c": {
                  "a": 0,
                  "k": [
                    0.18039216,
                    0.1882353,
                    0.8627451,
                    1
                  ],
                  "ix": 3
                },
                "o": {
                  "a": 0,
                  "k": 100,
                  "ix": 4
                },
                "w": {
                  "a": 0,
                  "k": 10,
                  "ix": 5
                },
                "lc": 1,
                "lj": 1,
                "ml": 4,
                "bm": 0,
                "nm": "Contour 1",
                "mn": "ADBE Vector Graphic - Stroke",
                "hd": false
              },
              {
                "ty": "tr",
                "p": {
                  "a": 0,
                  "k": [
                    0,
                    0
                  ],
                  "ix": 2
                },
                "a": {
                  "a": 0,
                  "k": [
                    0,
                    0
                  ],
                  "ix": 1
                },
                "s": {
                  "a": 0,
                  "k": [
                    100.195,
                    101.375
                  ],
                  "ix": 3
                },
                "r": {
                  "a": 0,
                  "k": 0,
                  "ix": 6
                },
                "o": {
                  "a": 0,
                  "k": 100,
                  "ix": 7
                },
                "sk": {
                  "a": 0,
                  "k": 0,
                  "ix": 4
                },
                "sa": {
                  "a": 0,
                  "k": 0,
                  "ix": 5
                },
                "nm": "Transformer "
              }
            ],
            "nm": "Forme 1",
            "np": 3,
            "cix": 2,
            "bm": 0,
            "ix": 1,
            "mn": "ADBE Vector Group",
            "hd": false
          }
        ],
        "ip": 0,
        "op": 155.000006313279,
        "st": 0,
        "bm": 0
      },
      {
        "ddd": 0,
        "ind": 4,
        "ty": 4,
        "nm": "lineBottom-shape",
        "sr": 1,
        "ks": {
          "o": {
            "a": 0,
            "k": 100,
            "ix": 11
          },
          "r": {
            "a": 0,
            "k": 0,
            "ix": 10
          },
          "p": {
            "a": 0,
            "k": [
              446,
              301.875,
              0
            ],
            "ix": 2
          },
          "a": {
            "a": 0,
            "k": [
              212,
              196.625,
              0
            ],
            "ix": 1
          },
          "s": {
            "a": 1,
            "k": [
              {
                "i": {
                  "x": [
                    0,
                    0,
                    0.667
                  ],
                  "y": [
                    1,
                    1,
                    1
                  ]
                },
                "o": {
                  "x": [
                    0,
                    0,
                    0.333
                  ],
                  "y": [
                    0,
                    -0.031,
                    0
                  ]
                },
                "t": 14,
                "s": [
                  0,
                  100,
                  100
                ],
                "e": [
                  100,
                  100,
                  100
                ]
              },
              {
                "i": {
                  "x": [
                    0.667,
                    0.667,
                    0.667
                  ],
                  "y": [
                    1,
                    1,
                    1
                  ]
                },
                "o": {
                  "x": [
                    0.333,
                    0.333,
                    0.333
                  ],
                  "y": [
                    0,
                    0,
                    0
                  ]
                },
                "t": 30,
                "s": [
                  100,
                  100,
                  100
                ],
                "e": [
                  100,
                  100,
                  100
                ]
              },
              {
                "i": {
                  "x": [
                    0.94,
                    1,
                    0.667
                  ],
                  "y": [
                    1,
                    1,
                    1
                  ]
                },
                "o": {
                  "x": [
                    1,
                    1,
                    0.333
                  ],
                  "y": [
                    0,
                    0,
                    0
                  ]
                },
                "t": 121,
                "s": [
                  100,
                  100,
                  100
                ],
                "e": [
                  0,
                  100,
                  100
                ]
              },
              {
                "t": 133.000005417201
              }
            ],
            "ix": 6
          }
        },
        "ao": 0,
        "shapes": [
          {
            "ty": "gr",
            "it": [
              {
                "ind": 0,
                "ty": "sh",
                "ix": 1,
                "ks": {
                  "a": 0,
                  "k": {
                    "i": [
                      [
                        0,
                        0
                      ],
                      [
                        0,
                        0
                      ]
                    ],
                    "o": [
                      [
                        0,
                        0
                      ],
                      [
                        0,
                        0
                      ]
                    ],
                    "v": [
                      [
                        -226,
                        194
                      ],
                      [
                        226,
                        194
                      ]
                    ],
                    "c": false
                  },
                  "ix": 2
                },
                "nm": "Tracé 1",
                "mn": "ADBE Vector Shape - Group",
                "hd": false
              },
              {
                "ty": "st",
                "c": {
                  "a": 0,
                  "k": [
                    0.18039216,
                    0.1882353,
                    0.8627451,
                    1
                  ],
                  "ix": 3
                },
                "o": {
                  "a": 0,
                  "k": 100,
                  "ix": 4
                },
                "w": {
                  "a": 0,
                  "k": 10,
                  "ix": 5
                },
                "lc": 1,
                "lj": 1,
                "ml": 4,
                "bm": 0,
                "nm": "Contour 1",
                "mn": "ADBE Vector Graphic - Stroke",
                "hd": false
              },
              {
                "ty": "tr",
                "p": {
                  "a": 0,
                  "k": [
                    0,
                    0
                  ],
                  "ix": 2
                },
                "a": {
                  "a": 0,
                  "k": [
                    0,
                    0
                  ],
                  "ix": 1
                },
                "s": {
                  "a": 0,
                  "k": [
                    100.195,
                    101.375
                  ],
                  "ix": 3
                },
                "r": {
                  "a": 0,
                  "k": 0,
                  "ix": 6
                },
                "o": {
                  "a": 0,
                  "k": 100,
                  "ix": 7
                },
                "sk": {
                  "a": 0,
                  "k": 0,
                  "ix": 4
                },
                "sa": {
                  "a": 0,
                  "k": 0,
                  "ix": 5
                },
                "nm": "Transformer "
              }
            ],
            "nm": "Forme 1",
            "np": 3,
            "cix": 2,
            "bm": 0,
            "ix": 1,
            "mn": "ADBE Vector Group",
            "hd": false
          }
        ],
        "ip": 0,
        "op": 155.000006313279,
        "st": 0,
        "bm": 0
      },
      {
        "ddd": 0,
        "ind": 5,
        "ty": 5,
        "nm": "textTop-text-textBold-0",
        "sr": 1,
        "ks": {
          "o": {
            "a": 1,
            "k": [
              {
                "i": {
                  "x": [
                    0
                  ],
                  "y": [
                    1
                  ]
                },
                "o": {
                  "x": [
                    0
                  ],
                  "y": [
                    0
                  ]
                },
                "t": 10,
                "s": [
                  0
                ],
                "e": [
                  100
                ]
              },
              {
                "i": {
                  "x": [
                    0.675
                  ],
                  "y": [
                    1
                  ]
                },
                "o": {
                  "x": [
                    0.304
                  ],
                  "y": [
                    0
                  ]
                },
                "t": 14,
                "s": [
                  100
                ],
                "e": [
                  100
                ]
              },
              {
                "i": {
                  "x": [
                    1
                  ],
                  "y": [
                    1
                  ]
                },
                "o": {
                  "x": [
                    1
                  ],
                  "y": [
                    0
                  ]
                },
                "t": 133,
                "s": [
                  100
                ],
                "e": [
                  0
                ]
              },
              {
                "t": 136.000005539394
              }
            ],
            "ix": 11
          },
          "r": {
            "a": 0,
            "k": 0,
            "ix": 10
          },
          "p": {
            "a": 0,
            "k": [
              234,
              141.172,
              0
            ],
            "ix": 2
          },
          "a": {
            "a": 0,
            "k": [
              -2.125,
              5.813,
              0
            ],
            "ix": 1
          },
          "s": {
            "a": 0,
            "k": [
              100,
              100,
              100
            ],
            "ix": 6
          }
        },
        "ao": 0,
        "t": {
          "d": {
            "k": [
              {
                "s": {
                  "s": 90,
                  "f": "Lato-Regular",
                  "t": "Texte haut",
                  "j": 2,
                  "tr": 0,
                  "lh": 108,
                  "ls": 0,
                  "fc": [
                    1,
                    1,
                    1
                  ]
                },
                "t": 0
              }
            ]
          },
          "p": {},
          "m": {
            "g": 1,
            "a": {
              "a": 0,
              "k": [
                0,
                0
              ],
              "ix": 2
            }
          },
          "a": []
        },
        "ip": 0,
        "op": 155.000006313279,
        "st": 0,
        "bm": 0
      },
      {
        "ddd": 0,
        "ind": 6,
        "ty": 5,
        "nm": "textBottom-text-text-1",
        "sr": 1,
        "ks": {
          "o": {
            "a": 1,
            "k": [
              {
                "i": {
                  "x": [
                    0
                  ],
                  "y": [
                    1
                  ]
                },
                "o": {
                  "x": [
                    0
                  ],
                  "y": [
                    0
                  ]
                },
                "t": 10,
                "s": [
                  0
                ],
                "e": [
                  100
                ]
              },
              {
                "i": {
                  "x": [
                    0.675
                  ],
                  "y": [
                    1
                  ]
                },
                "o": {
                  "x": [
                    0.304
                  ],
                  "y": [
                    0
                  ]
                },
                "t": 14,
                "s": [
                  100
                ],
                "e": [
                  100
                ]
              },
              {
                "i": {
                  "x": [
                    1
                  ],
                  "y": [
                    1
                  ]
                },
                "o": {
                  "x": [
                    1
                  ],
                  "y": [
                    0
                  ]
                },
                "t": 133,
                "s": [
                  100
                ],
                "e": [
                  0
                ]
              },
              {
                "t": 136.000005539394
              }
            ],
            "ix": 11
          },
          "r": {
            "a": 0,
            "k": 0,
            "ix": 10
          },
          "p": {
            "a": 0,
            "k": [
              234,
              253.797,
              0
            ],
            "ix": 2
          },
          "a": {
            "a": 0,
            "k": [
              0.625,
              18.438,
              0
            ],
            "ix": 1
          },
          "s": {
            "a": 0,
            "k": [
              100,
              100,
              100
            ],
            "ix": 6
          }
        },
        "ao": 0,
        "t": {
          "d": {
            "k": [
              {
                "s": {
                  "s": 70,
                  "f": "Lato-Regular",
                  "t": "Texte bas",
                  "j": 2,
                  "tr": 0,
                  "lh": 84,
                  "ls": 0,
                  "fc": [
                    1,
                    1,
                    1
                  ]
                },
                "t": 0
              }
            ]
          },
          "p": {},
          "m": {
            "g": 1,
            "a": {
              "a": 0,
              "k": [
                0,
                0
              ],
              "ix": 2
            }
          },
          "a": []
        },
        "ip": 0,
        "op": 155.000006313279,
        "st": 0,
        "bm": 0
      },
      {
        "ddd": 0,
        "ind": 7,
        "ty": 4,
        "nm": "container-background",
        "sr": 1,
        "ks": {
          "o": {
            "a": 0,
            "k": 50,
            "ix": 11
          },
          "r": {
            "a": 0,
            "k": 0,
            "ix": 10
          },
          "p": {
            "a": 0,
            "k": [
              212,
              153.56,
              0
            ],
            "ix": 2
          },
          "a": {
            "a": 0,
            "k": [
              -0.713,
              344.06,
              0
            ],
            "ix": 1
          },
          "s": {
            "a": 1,
            "k": [
              {
                "i": {
                  "x": [
                    0,
                    0,
                    0.667
                  ],
                  "y": [
                    1,
                    1,
                    1
                  ]
                },
                "o": {
                  "x": [
                    0,
                    0,
                    0.333
                  ],
                  "y": [
                    0,
                    0,
                    0
                  ]
                },
                "t": 0,
                "s": [
                  0,
                  0,
                  100
                ],
                "e": [
                  140,
                  130,
                  100
                ]
              },
              {
                "i": {
                  "x": [
                    0.677,
                    0.677,
                    0.667
                  ],
                  "y": [
                    1,
                    1,
                    1
                  ]
                },
                "o": {
                  "x": [
                    0.315,
                    0.315,
                    0.333
                  ],
                  "y": [
                    0,
                    0,
                    0
                  ]
                },
                "t": 10,
                "s": [
                  140,
                  130,
                  100
                ],
                "e": [
                  140,
                  130,
                  100
                ]
              },
              {
                "i": {
                  "x": [
                    1,
                    1,
                    0.667
                  ],
                  "y": [
                    1,
                    1,
                    1
                  ]
                },
                "o": {
                  "x": [
                    1,
                    1,
                    0.333
                  ],
                  "y": [
                    0,
                    0,
                    0
                  ]
                },
                "t": 135,
                "s": [
                  140,
                  130,
                  100
                ],
                "e": [
                  0,
                  0,
                  100
                ]
              },
              {
                "t": 148.000006028164
              }
            ],
            "ix": 6
          }
        },
        "ao": 0,
        "shapes": [
          {
            "ty": "gr",
            "it": [
              {
                "ind": 0,
                "ty": "sh",
                "ix": 1,
                "ks": {
                  "a": 0,
                  "k": {
                    "i": [
                      [
                        0,
                        0
                      ],
                      [
                        0,
                        0
                      ]
                    ],
                    "o": [
                      [
                        0,
                        0
                      ],
                      [
                        0,
                        0
                      ]
                    ],
                    "v": [
                      [
                        -333.57,
                        227.091
                      ],
                      [
                        330.716,
                        227.091
                      ]
                    ],
                    "c": false
                  },
                  "ix": 2
                },
                "nm": "Tracé 1",
                "mn": "ADBE Vector Shape - Group",
                "hd": false
              },
              {
                "ty": "fl",
                "c": {
                  "a": 0,
                  "k": [
                    0.89411765,
                    0.09803922,
                    0.09803922,
                    1
                  ],
                  "ix": 4
                },
                "o": {
                  "a": 0,
                  "k": 100,
                  "ix": 5
                },
                "r": 1,
                "bm": 0,
                "nm": "Fond 1",
                "mn": "ADBE Vector Graphic - Fill",
                "hd": false
              },
              {
                "ty": "tr",
                "p": {
                  "a": 0,
                  "k": [
                    0,
                    0
                  ],
                  "ix": 2
                },
                "a": {
                  "a": 0,
                  "k": [
                    0,
                    0
                  ],
                  "ix": 1
                },
                "s": {
                  "a": 0,
                  "k": [
                    100,
                    100
                  ],
                  "ix": 3
                },
                "r": {
                  "a": 0,
                  "k": 0,
                  "ix": 6
                },
                "o": {
                  "a": 0,
                  "k": 100,
                  "ix": 7
                },
                "sk": {
                  "a": 0,
                  "k": 0,
                  "ix": 4
                },
                "sa": {
                  "a": 0,
                  "k": 0,
                  "ix": 5
                },
                "nm": "Transformer "
              }
            ],
            "nm": "Forme 1",
            "np": 3,
            "cix": 2,
            "bm": 0,
            "ix": 1,
            "mn": "ADBE Vector Group",
            "hd": false
          },
          {
            "ty": "gr",
            "it": [
              {
                "ty": "rc",
                "d": 1,
                "s": {
                  "a": 0,
                  "k": [
                    424,
                    236
                  ],
                  "ix": 2
                },
                "p": {
                  "a": 0,
                  "k": [
                    0,
                    0
                  ],
                  "ix": 3
                },
                "r": {
                  "a": 0,
                  "k": 0,
                  "ix": 4
                },
                "nm": "Tracé rectangulaire 1",
                "mn": "ADBE Vector Shape - Rect",
                "hd": false
              },
              {
                "ty": "fl",
                "c": {
                  "a": 0,
                  "k": [
                    0.89411765,
                    0.09803922,
                    0.09803922,
                    1
                  ],
                  "ix": 4
                },
                "o": {
                  "a": 0,
                  "k": 100,
                  "ix": 5
                },
                "r": 1,
                "bm": 0,
                "nm": "Fond 1",
                "mn": "ADBE Vector Graphic - Fill",
                "hd": false
              },
              {
                "ty": "tr",
                "p": {
                  "a": 0,
                  "k": [
                    -0.713,
                    344.06
                  ],
                  "ix": 2
                },
                "a": {
                  "a": 0,
                  "k": [
                    0,
                    0
                  ],
                  "ix": 1
                },
                "s": {
                  "a": 0,
                  "k": [
                    100,
                    100
                  ],
                  "ix": 3
                },
                "r": {
                  "a": 0,
                  "k": 0,
                  "ix": 6
                },
                "o": {
                  "a": 0,
                  "k": 100,
                  "ix": 7
                },
                "sk": {
                  "a": 0,
                  "k": 0,
                  "ix": 4
                },
                "sa": {
                  "a": 0,
                  "k": 0,
                  "ix": 5
                },
                "nm": "Transformer "
              }
            ],
            "nm": "Rectangle 1",
            "np": 3,
            "cix": 2,
            "bm": 0,
            "ix": 2,
            "mn": "ADBE Vector Group",
            "hd": false
          }
        ],
        "ip": 0,
        "op": 155.000006313279,
        "st": 0,
        "bm": 0
      }
    ],
    "markers": []
  }