{
    "v": "5.8.1",
    "fr": 29.9700012207031,
    "ip": 0,
    "op": 149.8500061035155,
    "w": 1920,
    "h": 1080,
    "nm": "Butterfly_169",
    "ddd": 0,
    "assets": [],
    "fonts": {
      "list": [
        {
          "origin": 3,
          "fPath": "",
          "fClass": "",
          "fFamily": "Helvetica Neue",
          "fWeight": "",
          "fStyle": "Bold",
          "fName": "HelveticaNeue-Bold",
          "ascent": 75.902514718473
        },
        {
          "fName": "Lato-Regular",
          "fFamily": "Lato",
          "fStyle": "Regular",
          "ascent": 74
        }
      ]
    },
    "layers": [
      {
        "ddd": 0,
        "ind": 1,
        "ty": 5,
        "nm": "top text",
        "sr": 1,
        "ks": {
          "o": {
            "a": 0,
            "k": 100,
            "ix": 11
          },
          "r": {
            "a": 0,
            "k": 0,
            "ix": 10
          },
          "p": {
            "a": 1,
            "k": [
              {
                "i": {
                  "x": 1,
                  "y": 1
                },
                "o": {
                  "x": 0.7,
                  "y": 0
                },
                "t": 14,
                "s": [
                  960,
                  540,
                  0
                ],
                "to": [
                  -133.333,
                  0,
                  0
                ],
                "ti": [
                  133.333,
                  0,
                  0
                ]
              },
              {
                "t": 27.0000010997325,
                "s": [
                  183,
                  540,
                  0
                ]
              }
            ],
            "ix": 2,
            "l": 2
          },
          "a": {
            "a": 0,
            "k": [
              0,
              -120.5,
              0
            ],
            "ix": 1,
            "l": 2
          },
          "s": {
            "a": 1,
            "k": [
              {
                "i": {
                  "x": [
                    0.3,
                    0.3,
                    0.3
                  ],
                  "y": [
                    1,
                    1,
                    1
                  ]
                },
                "o": {
                  "x": [
                    0.001,
                    0.001,
                    0.001
                  ],
                  "y": [
                    0.003,
                    0.003,
                    -0.003
                  ]
                },
                "t": 4,
                "s": [
                  300,
                  300,
                  100
                ]
              },
              {
                "t": 16.0000006516934,
                "s": [
                  100,
                  100,
                  100
                ]
              }
            ],
            "ix": 6,
            "l": 2
          }
        },
        "ao": 0,
        "ef": [],
        "t": {
          "d": {
            "k": [
              {
                "s": {
                  "s": 200,
                  "f": "Lato-Regular",
                  "t": "1",
                  "ca": 1,
                  "j": 2,
                  "tr": 0,
                  "lh": 240.000015258789,
                  "ls": 0,
                  "fc": [
                    1,
                    1,
                    1
                  ]
                },
                "t": 0
              }
            ]
          },
          "p": {},
          "m": {
            "g": 1,
            "a": {
              "a": 0,
              "k": [
                0,
                0
              ],
              "ix": 2
            }
          },
          "a": [
            {
              "nm": "Animation 1",
              "s": {
                "t": 0,
                "xe": {
                  "k": 0
                },
                "ne": {
                  "k": 0
                },
                "a": {
                  "k": 100
                },
                "b": 1,
                "sh": 0,
                "s": {
                  "k": 0
                },
                "e": {
                  "k": 100
                },
                "o": {
                  "k": 0
                }
              },
              "a": {
                "fc": {
                  "a": 1,
                  "k": [
                    {
                      "i": {
                        "x": [
                          0.999
                        ],
                        "y": [
                          1
                        ]
                      },
                      "o": {
                        "x": [
                          0.7
                        ],
                        "y": [
                          0
                        ]
                      },
                      "t": 14,
                      "s": [
                        1,
                        1,
                        1,
                        1
                      ]
                    },
                    {
                      "t": 27.0000010997325,
                      "s": [
                        0.89411765,
                        0.09803922,
                        0.09803922,
                        1
                      ]
                    }
                  ],
                  "ix": 12
                }
              }
            }
          ]
        },
        "ip": 0,
        "op": 150,
        "st": 0,
        "bm": 0
      },
      {
        "ddd": 0,
        "ind": 2,
        "ty": 5,
        "nm": "main text",
        "sr": 1,
        "ks": {
          "o": {
            "a": 0,
            "k": 100,
            "ix": 11
          },
          "r": {
            "a": 0,
            "k": 0,
            "ix": 10
          },
          "p": {
            "a": 1,
            "k": [
              {
                "i": {
                  "x": 0.999,
                  "y": 0.997
                },
                "o": {
                  "x": 0.7,
                  "y": 0
                },
                "t": 14,
                "s": [
                  -1800,
                  819.5,
                  0
                ],
                "to": [
                  320.833,
                  0,
                  0
                ],
                "ti": [
                  -320.833,
                  0,
                  0
                ]
              },
              {
                "t": 27.0000010997325,
                "s": [
                  125,
                  819.5,
                  0
                ]
              }
            ],
            "ix": 2,
            "l": 2
          },
          "a": {
            "a": 0,
            "k": [
              0,
              0,
              0
            ],
            "ix": 1,
            "l": 2
          },
          "s": {
            "a": 0,
            "k": [
              100,
              100,
              100
            ],
            "ix": 6,
            "l": 2
          }
        },
        "ao": 0,
        "ef": [],
        "t": {
          "d": {
            "k": [
              {
                "s": {
                  "s": 80,
                  "f": "Lato-Regular",
                  "t": "TEXTE",
                  "ca": 1,
                  "j": 0,
                  "tr": 0,
                  "lh": 96,
                  "ls": 0,
                  "fc": [
                    1,
                    1,
                    1
                  ]
                },
                "t": 0
              }
            ]
          },
          "p": {},
          "m": {
            "g": 1,
            "a": {
              "a": 0,
              "k": [
                0,
                0
              ],
              "ix": 2
            }
          },
          "a": []
        },
        "ip": 0,
        "op": 150,
        "st": 0,
        "bm": 0
      },
      {
        "ddd": 0,
        "ind": 3,
        "ty": 5,
        "nm": "background text",
        "sr": 1,
        "ks": {
          "o": {
            "a": 1,
            "k": [
              {
                "i": {
                  "x": [
                    0.833
                  ],
                  "y": [
                    0.833
                  ]
                },
                "o": {
                  "x": [
                    0.167
                  ],
                  "y": [
                    0.167
                  ]
                },
                "t": 16,
                "s": [
                  20
                ]
              },
              {
                "t": 22.0000008960784,
                "s": [
                  0
                ]
              }
            ],
            "ix": 11
          },
          "r": {
            "a": 0,
            "k": 0,
            "ix": 10
          },
          "p": {
            "a": 1,
            "k": [
              {
                "i": {
                  "x": 0.999,
                  "y": 0.997
                },
                "o": {
                  "x": 0.7,
                  "y": 0
                },
                "t": 0,
                "s": [
                  960,
                  540,
                  0
                ],
                "to": [
                  0,
                  0,
                  0
                ],
                "ti": [
                  0,
                  0,
                  0
                ]
              },
              {
                "t": 22.0000008960784,
                "s": [
                  680,
                  540,
                  0
                ]
              }
            ],
            "ix": 2,
            "l": 2
          },
          "a": {
            "a": 0,
            "k": [
              0,
              -660.5,
              0
            ],
            "ix": 1,
            "l": 2
          },
          "s": {
            "a": 0,
            "k": [
              100,
              100,
              100
            ],
            "ix": 6,
            "l": 2
          }
        },
        "ao": 0,
        "ef": [],
        "t": {
          "d": {
            "k": [
              {
                "s": {
                  "s": 1100,
                  "f": "Lato-Regular",
                  "t": "1",
                  "ca": 1,
                  "j": 2,
                  "tr": 0,
                  "lh": 1320,
                  "ls": 0,
                  "fc": [
                    1,
                    1,
                    1
                  ]
                },
                "t": 0
              }
            ]
          },
          "p": {},
          "m": {
            "g": 1,
            "a": {
              "a": 0,
              "k": [
                0,
                0
              ],
              "ix": 2
            }
          },
          "a": []
        },
        "ip": 0,
        "op": 23.0000009368092,
        "st": 0,
        "bm": 0
      },
      {
        "ddd": 0,
        "ind": 4,
        "ty": 4,
        "nm": "background",
        "sr": 1,
        "ks": {
          "o": {
            "a": 1,
            "k": [
              {
                "i": {
                  "x": [
                    0.667
                  ],
                  "y": [
                    1
                  ]
                },
                "o": {
                  "x": [
                    0.333
                  ],
                  "y": [
                    0
                  ]
                },
                "t": 0,
                "s": [
                  100
                ]
              },
              {
                "t": 10.0000004073083,
                "s": [
                  0
                ]
              }
            ],
            "ix": 11
          },
          "r": {
            "a": 0,
            "k": 0,
            "ix": 10
          },
          "p": {
            "a": 0,
            "k": [
              960,
              540,
              0
            ],
            "ix": 2,
            "l": 2
          },
          "a": {
            "a": 0,
            "k": [
              0,
              0,
              0
            ],
            "ix": 1,
            "l": 2
          },
          "s": {
            "a": 0,
            "k": [
              100,
              100,
              100
            ],
            "ix": 6,
            "l": 2
          }
        },
        "ao": 0,
        "shapes": [
          {
            "ty": "gr",
            "it": [
              {
                "ty": "rc",
                "d": 1,
                "s": {
                  "a": 0,
                  "k": [
                    1920,
                    1080
                  ],
                  "ix": 2
                },
                "p": {
                  "a": 0,
                  "k": [
                    0,
                    0
                  ],
                  "ix": 3
                },
                "r": {
                  "a": 0,
                  "k": 0,
                  "ix": 4
                },
                "nm": "Tracé rectangulaire 1",
                "mn": "ADBE Vector Shape - Rect",
                "hd": false
              },
              {
                "ty": "fl",
                "c": {
                  "a": 0,
                  "k": [
                    0.89411765,
                    0.09803922,
                    0.09803922,
                    1
                  ],
                  "ix": 4
                },
                "o": {
                  "a": 0,
                  "k": 100,
                  "ix": 5
                },
                "r": 1,
                "bm": 0,
                "nm": "Fond 1",
                "mn": "ADBE Vector Graphic - Fill",
                "hd": false
              },
              {
                "ty": "tr",
                "p": {
                  "a": 0,
                  "k": [
                    0,
                    0
                  ],
                  "ix": 2
                },
                "a": {
                  "a": 0,
                  "k": [
                    0,
                    0
                  ],
                  "ix": 1
                },
                "s": {
                  "a": 0,
                  "k": [
                    100,
                    100
                  ],
                  "ix": 3
                },
                "r": {
                  "a": 0,
                  "k": 0,
                  "ix": 6
                },
                "o": {
                  "a": 0,
                  "k": 100,
                  "ix": 7
                },
                "sk": {
                  "a": 0,
                  "k": 0,
                  "ix": 4
                },
                "sa": {
                  "a": 0,
                  "k": 0,
                  "ix": 5
                },
                "nm": "Transform"
              }
            ],
            "nm": "Rectangle 1",
            "np": 3,
            "cix": 2,
            "bm": 0,
            "ix": 1,
            "mn": "ADBE Vector Group",
            "hd": false
          }
        ],
        "ip": 0,
        "op": 10.0000004073083,
        "st": 0,
        "bm": 0
      }
    ],
    "markers": []
  }