{
    "v": "5.8.1",
    "fr": 29.9700012207031,
    "ip": 0,
    "op": 149.8500061035155,
    "w": 1920,
    "h": 1080,
    "nm": "FOX_169",
    "ddd": 0,
    "assets": [],
    "fonts": {
      "list": [
        {
          "origin": 0,
          "fPath": "",
          "fClass": "",
          "fFamily": "Helvetica",
          "fWeight": "",
          "fStyle": "Bold",
          "fName": "Helvetica-Bold",
          "ascent": 71.8536376953125
        },
        {
          "fName": "Lato-Regular",
          "fFamily": "Lato",
          "fStyle": "Regular",
          "ascent": 74
        }
      ]
    },
    "layers": [
      {
        "ddd": 0,
        "ind": 1,
        "ty": 5,
        "nm": "main_text",
        "sr": 1,
        "ks": {
          "o": {
            "a": 0,
            "k": 100,
            "ix": 11
          },
          "r": {
            "a": 0,
            "k": 0,
            "ix": 10
          },
          "p": {
            "a": 1,
            "k": [
              {
                "i": {
                  "x": 0,
                  "y": 1
                },
                "o": {
                  "x": 0,
                  "y": 0
                },
                "t": 75,
                "s": [
                  960,
                  840,
                  0
                ],
                "to": [
                  0,
                  0,
                  0
                ],
                "ti": [
                  0,
                  0,
                  0
                ]
              },
              {
                "t": 85.000003462121,
                "s": [
                  960,
                  596.545,
                  0
                ]
              }
            ],
            "ix": 2,
            "l": 2
          },
          "a": {
            "a": 0,
            "k": [
              0,
              0,
              0
            ],
            "ix": 1,
            "l": 2
          },
          "s": {
            "a": 1,
            "k": [
              {
                "i": {
                  "x": [
                    0,
                    0,
                    0
                  ],
                  "y": [
                    1,
                    1,
                    1
                  ]
                },
                "o": {
                  "x": [
                    0.001,
                    0.001,
                    0.001
                  ],
                  "y": [
                    0.005,
                    0.005,
                    0
                  ]
                },
                "t": 75,
                "s": [
                  100,
                  100,
                  100
                ]
              },
              {
                "i": {
                  "x": [
                    0.833,
                    0.833,
                    0.833
                  ],
                  "y": [
                    0.833,
                    0.833,
                    1
                  ]
                },
                "o": {
                  "x": [
                    0.333,
                    0.333,
                    0.333
                  ],
                  "y": [
                    0,
                    0,
                    0
                  ]
                },
                "t": 85,
                "s": [
                  40,
                  40,
                  100
                ]
              },
              {
                "t": 165.000006720588,
                "s": [
                  43,
                  43,
                  100
                ]
              }
            ],
            "ix": 6,
            "l": 2
          }
        },
        "ao": 0,
        "ef": [],
        "t": {
          "d": {
            "k": [
              {
                "s": {
                  "sz": [
                    3567.7763671875,
                    1049.86047363281
                  ],
                  "ps": [
                    -1783.88818359375,
                    -504
                  ],
                  "s": 320,
                  "f": "Lato-Regular",
                  "t": "TEXTE EN HAUT\rTEXTE EN BAS",
                  "ca": 1,
                  "j": 2,
                  "tr": 0,
                  "lh": 360,
                  "ls": 0,
                  "fc": [
                    0.89411765,
                    0.09803922,
                    0.09803922
                  ]
                },
                "t": 0
              }
            ]
          },
          "p": {},
          "m": {
            "g": 1,
            "a": {
              "a": 0,
              "k": [
                0,
                0
              ],
              "ix": 2
            }
          },
          "a": []
        },
        "ip": 75.0000030548126,
        "op": 512.000020854187,
        "st": 75.0000030548126,
        "bm": 0
      },
      {
        "ddd": 0,
        "ind": 2,
        "ty": 5,
        "nm": "bg_text_top",
        "sr": 1,
        "ks": {
          "o": {
            "a": 0,
            "k": 25,
            "ix": 11
          },
          "r": {
            "a": 0,
            "k": 0,
            "ix": 10
          },
          "p": {
            "a": 1,
            "k": [
              {
                "i": {
                  "x": 0.833,
                  "y": 0.833
                },
                "o": {
                  "x": 0.167,
                  "y": 0.167
                },
                "t": 75,
                "s": [
                  -8957.5,
                  215,
                  0
                ],
                "to": [
                  0,
                  0,
                  0
                ],
                "ti": [
                  0,
                  0,
                  0
                ]
              },
              {
                "t": 165.000006720588,
                "s": [
                  -7207.5,
                  215,
                  0
                ]
              }
            ],
            "ix": 2,
            "l": 2
          },
          "a": {
            "a": 0,
            "k": [
              0,
              0,
              0
            ],
            "ix": 1,
            "l": 2
          },
          "s": {
            "a": 0,
            "k": [
              100,
              100,
              100
            ],
            "ix": 6,
            "l": 2
          }
        },
        "ao": 0,
        "t": {
          "d": {
            "k": [
              {
                "s": {
                  "s": 600,
                  "f": "Lato-Regular",
                  "t": "TEXTE EN HAUT TEXTE EN HAUT TEXTE EN HAUT TEXTE EN HAUT",
                  "ca": 1,
                  "j": 0,
                  "tr": 0,
                  "lh": 720,
                  "ls": 0,
                  "fc": [
                    0.89411765,
                    0.09803922,
                    0.09803922
                  ]
                },
                "t": 0
              }
            ]
          },
          "p": {},
          "m": {
            "g": 1,
            "a": {
              "a": 0,
              "k": [
                0,
                0
              ],
              "ix": 2
            }
          },
          "a": []
        },
        "ip": 75.0000030548126,
        "op": 174.000007087165,
        "st": 75.0000030548126,
        "bm": 0
      },
      {
        "ddd": 0,
        "ind": 3,
        "ty": 5,
        "nm": "bg_text_bottom",
        "sr": 1,
        "ks": {
          "o": {
            "a": 0,
            "k": 25,
            "ix": 11
          },
          "r": {
            "a": 0,
            "k": 0,
            "ix": 10
          },
          "p": {
            "a": 1,
            "k": [
              {
                "i": {
                  "x": 0.833,
                  "y": 0.833
                },
                "o": {
                  "x": 0.167,
                  "y": 0.167
                },
                "t": 75,
                "s": [
                  -8357.5,
                  1295,
                  0
                ],
                "to": [
                  0,
                  0,
                  0
                ],
                "ti": [
                  0,
                  0,
                  0
                ]
              },
              {
                "t": 165.000006720588,
                "s": [
                  -10107.5,
                  1295,
                  0
                ]
              }
            ],
            "ix": 2,
            "l": 2
          },
          "a": {
            "a": 0,
            "k": [
              0,
              0,
              0
            ],
            "ix": 1,
            "l": 2
          },
          "s": {
            "a": 0,
            "k": [
              100,
              100,
              100
            ],
            "ix": 6,
            "l": 2
          }
        },
        "ao": 0,
        "t": {
          "d": {
            "k": [
              {
                "s": {
                  "s": 600,
                  "f": "Lato-Regular",
                  "t": "TEXTE EN HAUT TEXTE EN HAUT TEXTE EN HAUT TEXTE EN HAUT",
                  "ca": 1,
                  "j": 0,
                  "tr": 0,
                  "lh": 720,
                  "ls": 0,
                  "fc": [
                    0.89411765,
                    0.09803922,
                    0.09803922
                  ]
                },
                "t": 0
              }
            ]
          },
          "p": {},
          "m": {
            "g": 1,
            "a": {
              "a": 0,
              "k": [
                0,
                0
              ],
              "ix": 2
            }
          },
          "a": []
        },
        "ip": 75.0000030548126,
        "op": 174.000007087165,
        "st": 75.0000030548126,
        "bm": 0
      },
      {
        "ddd": 0,
        "ind": 4,
        "ty": 5,
        "nm": "title_top",
        "sr": 1,
        "ks": {
          "o": {
            "a": 0,
            "k": 100,
            "ix": 11
          },
          "r": {
            "a": 0,
            "k": 0,
            "ix": 10
          },
          "p": {
            "a": 1,
            "k": [
              {
                "i": {
                  "x": 0.799,
                  "y": 0.879
                },
                "o": {
                  "x": 0.588,
                  "y": 0.668
                },
                "t": 40,
                "s": [
                  -4173,
                  294,
                  0
                ],
                "to": [
                  0,
                  0,
                  0
                ],
                "ti": [
                  0,
                  0,
                  0
                ]
              },
              {
                "t": 75.0000030548126,
                "s": [
                  -530.5,
                  294,
                  0
                ]
              }
            ],
            "ix": 2,
            "l": 2
          },
          "a": {
            "a": 0,
            "k": [
              0,
              0,
              0
            ],
            "ix": 1,
            "l": 2
          },
          "s": {
            "a": 0,
            "k": [
              100,
              100,
              100
            ],
            "ix": 6,
            "l": 2
          }
        },
        "ao": 0,
        "t": {
          "d": {
            "k": [
              {
                "s": {
                  "s": 320,
                  "f": "Lato-Regular",
                  "t": "TEXTE EN HAUT TEXTE EN HAUT TEXTE EN HAUT TEXTE EN HAUT",
                  "ca": 1,
                  "j": 0,
                  "tr": 0,
                  "lh": 384,
                  "ls": 0,
                  "fc": [
                    0.89411765,
                    0.09803922,
                    0.09803922
                  ]
                },
                "t": 0
              }
            ]
          },
          "p": {},
          "m": {
            "g": 1,
            "a": {
              "a": 0,
              "k": [
                0,
                0
              ],
              "ix": 2
            }
          },
          "a": []
        },
        "ip": 40.0000016292334,
        "op": 75.0000030548126,
        "st": 40.0000016292334,
        "bm": 0
      },
      {
        "ddd": 0,
        "ind": 5,
        "ty": 5,
        "nm": "title_middle",
        "sr": 1,
        "ks": {
          "o": {
            "a": 0,
            "k": 100,
            "ix": 11
          },
          "r": {
            "a": 0,
            "k": 0,
            "ix": 10
          },
          "p": {
            "a": 1,
            "k": [
              {
                "i": {
                  "x": 0.799,
                  "y": 0.879
                },
                "o": {
                  "x": 0.588,
                  "y": 0.668
                },
                "t": 40,
                "s": [
                  -4173,
                  652,
                  0
                ],
                "to": [
                  0,
                  0,
                  0
                ],
                "ti": [
                  0,
                  0,
                  0
                ]
              },
              {
                "t": 75.0000030548126,
                "s": [
                  -7815.5,
                  652,
                  0
                ]
              }
            ],
            "ix": 2,
            "l": 2
          },
          "a": {
            "a": 0,
            "k": [
              0,
              0,
              0
            ],
            "ix": 1,
            "l": 2
          },
          "s": {
            "a": 0,
            "k": [
              100,
              100,
              100
            ],
            "ix": 6,
            "l": 2
          }
        },
        "ao": 0,
        "t": {
          "d": {
            "k": [
              {
                "s": {
                  "s": 320,
                  "f": "Lato-Regular",
                  "t": "TEXTE EN HAUT TEXTE EN HAUT TEXTE EN HAUT TEXTE EN HAUT",
                  "ca": 1,
                  "j": 0,
                  "tr": 0,
                  "lh": 384,
                  "ls": 0,
                  "fc": [
                    0.89411765,
                    0.09803922,
                    0.09803922
                  ]
                },
                "t": 0
              }
            ]
          },
          "p": {},
          "m": {
            "g": 1,
            "a": {
              "a": 0,
              "k": [
                0,
                0
              ],
              "ix": 2
            }
          },
          "a": []
        },
        "ip": 40.0000016292334,
        "op": 75.0000030548126,
        "st": 40.0000016292334,
        "bm": 0
      },
      {
        "ddd": 0,
        "ind": 6,
        "ty": 5,
        "nm": "title_bottom",
        "sr": 1,
        "ks": {
          "o": {
            "a": 0,
            "k": 100,
            "ix": 11
          },
          "r": {
            "a": 0,
            "k": 0,
            "ix": 10
          },
          "p": {
            "a": 1,
            "k": [
              {
                "i": {
                  "x": 0.799,
                  "y": 0.879
                },
                "o": {
                  "x": 0.588,
                  "y": 0.668
                },
                "t": 40,
                "s": [
                  -4173,
                  1013,
                  0
                ],
                "to": [
                  0,
                  0,
                  0
                ],
                "ti": [
                  0,
                  0,
                  0
                ]
              },
              {
                "t": 75.0000030548126,
                "s": [
                  -530.5,
                  1013,
                  0
                ]
              }
            ],
            "ix": 2,
            "l": 2
          },
          "a": {
            "a": 0,
            "k": [
              0,
              0,
              0
            ],
            "ix": 1,
            "l": 2
          },
          "s": {
            "a": 0,
            "k": [
              100,
              100,
              100
            ],
            "ix": 6,
            "l": 2
          }
        },
        "ao": 0,
        "t": {
          "d": {
            "k": [
              {
                "s": {
                  "s": 320,
                  "f": "Lato-Regular",
                  "t": "TEXTE EN HAUT TEXTE EN HAUT TEXTE EN HAUT TEXTE EN HAUT",
                  "ca": 1,
                  "j": 0,
                  "tr": 0,
                  "lh": 384,
                  "ls": 0,
                  "fc": [
                    0.89411765,
                    0.09803922,
                    0.09803922
                  ]
                },
                "t": 0
              }
            ]
          },
          "p": {},
          "m": {
            "g": 1,
            "a": {
              "a": 0,
              "k": [
                0,
                0
              ],
              "ix": 2
            }
          },
          "a": []
        },
        "ip": 40.0000016292334,
        "op": 75.0000030548126,
        "st": 40.0000016292334,
        "bm": 0
      },
      {
        "ddd": 0,
        "ind": 7,
        "ty": 5,
        "nm": "big_title",
        "sr": 1,
        "ks": {
          "o": {
            "a": 0,
            "k": 100,
            "ix": 11
          },
          "r": {
            "a": 0,
            "k": 0,
            "ix": 10
          },
          "p": {
            "a": 1,
            "k": [
              {
                "i": {
                  "x": 0.38,
                  "y": 0.253
                },
                "o": {
                  "x": 0.164,
                  "y": 0
                },
                "t": 0,
                "s": [
                  606,
                  970,
                  0
                ],
                "to": [
                  0,
                  0,
                  0
                ],
                "ti": [
                  0,
                  0,
                  0
                ]
              },
              {
                "t": 40.0000016292334,
                "s": [
                  -8824,
                  970,
                  0
                ]
              }
            ],
            "ix": 2,
            "l": 2
          },
          "a": {
            "a": 0,
            "k": [
              0,
              0,
              0
            ],
            "ix": 1,
            "l": 2
          },
          "s": {
            "a": 0,
            "k": [
              100,
              100,
              100
            ],
            "ix": 6,
            "l": 2
          }
        },
        "ao": 0,
        "t": {
          "d": {
            "k": [
              {
                "s": {
                  "s": 1200,
                  "f": "Lato-Regular",
                  "t": "TEXTE EN HAUT TEXTE EN HAUT TEXTE EN HAUT TEXTE EN HAUT",
                  "ca": 1,
                  "j": 0,
                  "tr": 0,
                  "lh": 1440,
                  "ls": 0,
                  "fc": [
                    1,
                    1,
                    1
                  ]
                },
                "t": 0
              }
            ]
          },
          "p": {},
          "m": {
            "g": 1,
            "a": {
              "a": 0,
              "k": [
                0,
                0
              ],
              "ix": 2
            }
          },
          "a": []
        },
        "ip": 0,
        "op": 40.0000016292334,
        "st": 0,
        "bm": 0
      },
      {
        "ddd": 0,
        "ind": 8,
        "ty": 4,
        "nm": "background",
        "sr": 1,
        "ks": {
          "o": {
            "a": 1,
            "k": [
              {
                "i": {
                  "x": [
                    0
                  ],
                  "y": [
                    1
                  ]
                },
                "o": {
                  "x": [
                    0.001
                  ],
                  "y": [
                    0.006
                  ]
                },
                "t": 75,
                "s": [
                  100
                ]
              },
              {
                "t": 85.000003462121,
                "s": [
                  65
                ]
              }
            ],
            "ix": 11
          },
          "r": {
            "a": 0,
            "k": 0,
            "ix": 10
          },
          "p": {
            "a": 0,
            "k": [
              960,
              540,
              0
            ],
            "ix": 2,
            "l": 2
          },
          "a": {
            "a": 0,
            "k": [
              0,
              0,
              0
            ],
            "ix": 1,
            "l": 2
          },
          "s": {
            "a": 0,
            "k": [
              100,
              100,
              100
            ],
            "ix": 6,
            "l": 2
          }
        },
        "ao": 0,
        "shapes": [
          {
            "ty": "gr",
            "it": [
              {
                "ty": "rc",
                "d": 1,
                "s": {
                  "a": 0,
                  "k": [
                    1920,
                    1080
                  ],
                  "ix": 2
                },
                "p": {
                  "a": 0,
                  "k": [
                    0,
                    0
                  ],
                  "ix": 3
                },
                "r": {
                  "a": 0,
                  "k": 0,
                  "ix": 4
                },
                "nm": "Rectangle Path 1",
                "mn": "ADBE Vector Shape - Rect",
                "hd": false
              },
              {
                "ty": "fl",
                "c": {
                  "a": 1,
                  "k": [
                    {
                      "t": 0,
                      "s": [
                        0.89411765,
                        0.09803922,
                        0.09803922,
                        1
                      ],
                      "h": 1
                    },
                    {
                      "t": 40.0000016292334,
                      "s": [
                        1,
                        1,
                        1,
                        1
                      ],
                      "h": 1
                    }
                  ],
                  "ix": 4
                },
                "o": {
                  "a": 0,
                  "k": 100,
                  "ix": 5
                },
                "r": 1,
                "bm": 0,
                "nm": "Fill 1",
                "mn": "ADBE Vector Graphic - Fill",
                "hd": false
              },
              {
                "ty": "tr",
                "p": {
                  "a": 0,
                  "k": [
                    0,
                    0
                  ],
                  "ix": 2
                },
                "a": {
                  "a": 0,
                  "k": [
                    0,
                    0
                  ],
                  "ix": 1
                },
                "s": {
                  "a": 0,
                  "k": [
                    100,
                    100
                  ],
                  "ix": 3
                },
                "r": {
                  "a": 0,
                  "k": 0,
                  "ix": 6
                },
                "o": {
                  "a": 0,
                  "k": 100,
                  "ix": 7
                },
                "sk": {
                  "a": 0,
                  "k": 0,
                  "ix": 4
                },
                "sa": {
                  "a": 0,
                  "k": 0,
                  "ix": 5
                },
                "nm": "Transform"
              }
            ],
            "nm": "Rectangle 1",
            "np": 3,
            "cix": 2,
            "bm": 0,
            "ix": 1,
            "mn": "ADBE Vector Group",
            "hd": false
          }
        ],
        "ip": 0,
        "op": 437.000017799375,
        "st": 0,
        "bm": 0
      }
    ],
    "markers": []
  }