{
    "v": "5.4.4",
    "fr": 29.9700012207031,
    "ip": 0,
    "op": 149.8500061035155,
    "w": 1920,
    "h": 1080,
    "nm": "SEATTLE-PLANE",
    "ddd": 0,
    "assets": [],
    "fonts": {
      "list": [
        {
          "origin": 0,
          "fPath": "",
          "fClass": "",
          "fFamily": "Signika",
          "fWeight": "",
          "fStyle": "Regular",
          "fName": "Signika-Regular",
          "ascent": 78.2474122010171
        },
        {
          "origin": 0,
          "fPath": "",
          "fClass": "",
          "fFamily": "Signika",
          "fWeight": "",
          "fStyle": "Bold",
          "fName": "Signika-Bold",
          "ascent": 78.4481202252209
        },
        {
          "fName": "Lato-Bold",
          "fFamily": "Lato",
          "fStyle": "Bold",
          "ascent": 74
        },
        {
          "fName": "Lato-Regular",
          "fFamily": "Lato",
          "fStyle": "Regular",
          "ascent": 74
        }
      ]
    },
    "layers": [
      {
        "ddd": 0,
        "ind": 1,
        "ty": 5,
        "nm": "titleTop-titleText-title-0",
        "sr": 1,
        "ks": {
          "o": {
            "a": 1,
            "k": [
              {
                "i": {
                  "x": [
                    0
                  ],
                  "y": [
                    1
                  ]
                },
                "o": {
                  "x": [
                    0.333
                  ],
                  "y": [
                    0
                  ]
                },
                "t": 0,
                "s": [
                  0
                ],
                "e": [
                  100
                ]
              },
              {
                "i": {
                  "x": [
                    0.667
                  ],
                  "y": [
                    1
                  ]
                },
                "o": {
                  "x": [
                    0.333
                  ],
                  "y": [
                    0
                  ]
                },
                "t": 6,
                "s": [
                  100
                ],
                "e": [
                  100
                ]
              },
              {
                "i": {
                  "x": [
                    0
                  ],
                  "y": [
                    1
                  ]
                },
                "o": {
                  "x": [
                    0.566
                  ],
                  "y": [
                    0
                  ]
                },
                "t": 47,
                "s": [
                  100
                ],
                "e": [
                  0
                ]
              },
              {
                "t": 54.0000021994651
              }
            ],
            "ix": 11
          },
          "r": {
            "a": 0,
            "k": 0,
            "ix": 10
          },
          "p": {
            "a": 1,
            "k": [
              {
                "i": {
                  "x": 0,
                  "y": 1
                },
                "o": {
                  "x": 0.333,
                  "y": 0
                },
                "t": 0,
                "s": [
                  0,
                  436,
                  0
                ],
                "e": [
                  960,
                  436,
                  0
                ],
                "to": [
                  160,
                  0,
                  0
                ],
                "ti": [
                  -160,
                  0,
                  0
                ]
              },
              {
                "i": {
                  "x": 0.667,
                  "y": 0.667
                },
                "o": {
                  "x": 0.333,
                  "y": 0.333
                },
                "t": 6,
                "s": [
                  960,
                  436,
                  0
                ],
                "e": [
                  960,
                  436,
                  0
                ],
                "to": [
                  0,
                  0,
                  0
                ],
                "ti": [
                  0,
                  0,
                  0
                ]
              },
              {
                "i": {
                  "x": 0,
                  "y": 1
                },
                "o": {
                  "x": 0.333,
                  "y": 0
                },
                "t": 47,
                "s": [
                  960,
                  436,
                  0
                ],
                "e": [
                  1940,
                  436,
                  0
                ],
                "to": [
                  163.333,
                  0,
                  0
                ],
                "ti": [
                  -163.333,
                  0,
                  0
                ]
              },
              {
                "t": 54.0000021994651
              }
            ],
            "ix": 2
          },
          "a": {
            "a": 0,
            "k": [
              0,
              0,
              0
            ],
            "ix": 1
          },
          "s": {
            "a": 0,
            "k": [
              100,
              100,
              100
            ],
            "ix": 6
          }
        },
        "ao": 0,
        "t": {
          "d": {
            "k": [
              {
                "s": {
                  "s": 250,
                  "f": "Lato-Bold",
                  "t": "Titre en haut",
                  "j": 2,
                  "tr": 0,
                  "lh": 300,
                  "ls": 0,
                  "fc": [
                    1,
                    1,
                    1
                  ]
                },
                "t": 0
              }
            ]
          },
          "p": {},
          "m": {
            "g": 1,
            "a": {
              "a": 0,
              "k": [
                0,
                0
              ],
              "ix": 2
            }
          },
          "a": []
        },
        "ip": 0,
        "op": 180.00000733155,
        "st": 0,
        "bm": 0
      },
      {
        "ddd": 0,
        "ind": 2,
        "ty": 5,
        "nm": "titleBottom-titleText-title-1",
        "sr": 1,
        "ks": {
          "o": {
            "a": 1,
            "k": [
              {
                "i": {
                  "x": [
                    0
                  ],
                  "y": [
                    1
                  ]
                },
                "o": {
                  "x": [
                    0.333
                  ],
                  "y": [
                    0
                  ]
                },
                "t": 9,
                "s": [
                  0
                ],
                "e": [
                  100
                ]
              },
              {
                "i": {
                  "x": [
                    0.667
                  ],
                  "y": [
                    1
                  ]
                },
                "o": {
                  "x": [
                    0.333
                  ],
                  "y": [
                    0
                  ]
                },
                "t": 15,
                "s": [
                  100
                ],
                "e": [
                  100
                ]
              },
              {
                "i": {
                  "x": [
                    0
                  ],
                  "y": [
                    1
                  ]
                },
                "o": {
                  "x": [
                    0.333
                  ],
                  "y": [
                    0
                  ]
                },
                "t": 55,
                "s": [
                  100
                ],
                "e": [
                  0
                ]
              },
              {
                "t": 61.0000024845809
              }
            ],
            "ix": 11
          },
          "r": {
            "a": 0,
            "k": 0,
            "ix": 10
          },
          "p": {
            "a": 1,
            "k": [
              {
                "i": {
                  "x": 0,
                  "y": 1
                },
                "o": {
                  "x": 0.333,
                  "y": 0
                },
                "t": 9,
                "s": [
                  0,
                  837,
                  0
                ],
                "e": [
                  960,
                  837,
                  0
                ],
                "to": [
                  160,
                  0,
                  0
                ],
                "ti": [
                  -160,
                  0,
                  0
                ]
              },
              {
                "i": {
                  "x": 0.667,
                  "y": 0.667
                },
                "o": {
                  "x": 0.333,
                  "y": 0.333
                },
                "t": 15,
                "s": [
                  960,
                  837,
                  0
                ],
                "e": [
                  960,
                  837,
                  0
                ],
                "to": [
                  0,
                  0,
                  0
                ],
                "ti": [
                  0,
                  0,
                  0
                ]
              },
              {
                "i": {
                  "x": 0.667,
                  "y": 0.667
                },
                "o": {
                  "x": 0.333,
                  "y": 0.333
                },
                "t": 47,
                "s": [
                  960,
                  837,
                  0
                ],
                "e": [
                  960,
                  837,
                  0
                ],
                "to": [
                  0,
                  0,
                  0
                ],
                "ti": [
                  0,
                  0,
                  0
                ]
              },
              {
                "i": {
                  "x": 0,
                  "y": 1
                },
                "o": {
                  "x": 0.333,
                  "y": 0
                },
                "t": 55,
                "s": [
                  960,
                  837,
                  0
                ],
                "e": [
                  1950,
                  837,
                  0
                ],
                "to": [
                  165,
                  0,
                  0
                ],
                "ti": [
                  -165,
                  0,
                  0
                ]
              },
              {
                "t": 61.0000024845809
              }
            ],
            "ix": 2
          },
          "a": {
            "a": 0,
            "k": [
              0,
              0,
              0
            ],
            "ix": 1
          },
          "s": {
            "a": 0,
            "k": [
              100,
              100,
              100
            ],
            "ix": 6
          }
        },
        "ao": 0,
        "t": {
          "d": {
            "k": [
              {
                "s": {
                  "s": 250,
                  "f": "Lato-Bold",
                  "t": "Titre en bas",
                  "j": 2,
                  "tr": 0,
                  "lh": 300,
                  "ls": 0,
                  "fc": [
                    1,
                    1,
                    1
                  ]
                },
                "t": 0
              }
            ]
          },
          "p": {},
          "m": {
            "g": 1,
            "a": {
              "a": 0,
              "k": [
                0,
                0
              ],
              "ix": 2
            }
          },
          "a": []
        },
        "ip": 0,
        "op": 180.00000733155,
        "st": 0,
        "bm": 0
      },
      {
        "ddd": 0,
        "ind": 3,
        "ty": 4,
        "nm": "textTopContainer-subtitleTopBackground 2",
        "td": 1,
        "sr": 1,
        "ks": {
          "o": {
            "a": 1,
            "k": [
              {
                "i": {
                  "x": [
                    0.667
                  ],
                  "y": [
                    1
                  ]
                },
                "o": {
                  "x": [
                    0.333
                  ],
                  "y": [
                    0
                  ]
                },
                "t": 0,
                "s": [
                  0
                ],
                "e": [
                  0
                ]
              },
              {
                "i": {
                  "x": [
                    0.667
                  ],
                  "y": [
                    1
                  ]
                },
                "o": {
                  "x": [
                    0.333
                  ],
                  "y": [
                    0
                  ]
                },
                "t": 58,
                "s": [
                  0
                ],
                "e": [
                  100
                ]
              },
              {
                "t": 63.0000025660426
              }
            ],
            "ix": 11
          },
          "r": {
            "a": 0,
            "k": 0,
            "ix": 10
          },
          "p": {
            "a": 0,
            "k": [
              960,
              817,
              0
            ],
            "ix": 2
          },
          "a": {
            "a": 0,
            "k": [
              0,
              0,
              0
            ],
            "ix": 1
          },
          "s": {
            "a": 1,
            "k": [
              {
                "i": {
                  "x": [
                    0.667,
                    0.667,
                    0.667
                  ],
                  "y": [
                    1,
                    1,
                    1
                  ]
                },
                "o": {
                  "x": [
                    0.333,
                    0.333,
                    0.333
                  ],
                  "y": [
                    0,
                    0,
                    0
                  ]
                },
                "t": 58,
                "s": [
                  0,
                  10,
                  100
                ],
                "e": [
                  100,
                  10,
                  100
                ]
              },
              {
                "i": {
                  "x": [
                    0.667,
                    0.667,
                    0.667
                  ],
                  "y": [
                    1,
                    1,
                    1
                  ]
                },
                "o": {
                  "x": [
                    0.333,
                    0.333,
                    0.333
                  ],
                  "y": [
                    0,
                    0,
                    0
                  ]
                },
                "t": 63,
                "s": [
                  100,
                  10,
                  100
                ],
                "e": [
                  100,
                  100,
                  100
                ]
              },
              {
                "t": 66.0000026882351
              }
            ],
            "ix": 6
          }
        },
        "ao": 0,
        "shapes": [
          {
            "ty": "gr",
            "it": [
              {
                "ty": "rc",
                "d": 1,
                "s": {
                  "a": 0,
                  "k": [
                    697,
                    160
                  ],
                  "ix": 2
                },
                "p": {
                  "a": 0,
                  "k": [
                    0,
                    0
                  ],
                  "ix": 3
                },
                "r": {
                  "a": 0,
                  "k": 0,
                  "ix": 4
                },
                "nm": "Tracé rectangulaire 1",
                "mn": "ADBE Vector Shape - Rect",
                "hd": false
              },
              {
                "ty": "fl",
                "c": {
                  "a": 0,
                  "k": [
                    1,
                    1,
                    1,
                    1
                  ],
                  "ix": 4
                },
                "o": {
                  "a": 0,
                  "k": 100,
                  "ix": 5
                },
                "r": 1,
                "bm": 0,
                "nm": "Fond 1",
                "mn": "ADBE Vector Graphic - Fill",
                "hd": false
              },
              {
                "ty": "tr",
                "p": {
                  "a": 0,
                  "k": [
                    0,
                    0
                  ],
                  "ix": 2
                },
                "a": {
                  "a": 0,
                  "k": [
                    0,
                    0
                  ],
                  "ix": 1
                },
                "s": {
                  "a": 0,
                  "k": [
                    100,
                    100
                  ],
                  "ix": 3
                },
                "r": {
                  "a": 0,
                  "k": 0,
                  "ix": 6
                },
                "o": {
                  "a": 0,
                  "k": 100,
                  "ix": 7
                },
                "sk": {
                  "a": 0,
                  "k": 0,
                  "ix": 4
                },
                "sa": {
                  "a": 0,
                  "k": 0,
                  "ix": 5
                },
                "nm": "Transformer "
              }
            ],
            "nm": "Rectangle 1",
            "np": 3,
            "cix": 2,
            "bm": 0,
            "ix": 1,
            "mn": "ADBE Vector Group",
            "hd": false
          }
        ],
        "ip": 0,
        "op": 180.00000733155,
        "st": 0,
        "bm": 0
      },
      {
        "ddd": 0,
        "ind": 4,
        "ty": 5,
        "nm": "textTop-subtitleTopText-textBold-2",
        "tt": 1,
        "sr": 1,
        "ks": {
          "o": {
            "a": 1,
            "k": [
              {
                "i": {
                  "x": [
                    0.667
                  ],
                  "y": [
                    1
                  ]
                },
                "o": {
                  "x": [
                    0.333
                  ],
                  "y": [
                    0
                  ]
                },
                "t": 0,
                "s": [
                  0
                ],
                "e": [
                  0
                ]
              },
              {
                "i": {
                  "x": [
                    0.667
                  ],
                  "y": [
                    1
                  ]
                },
                "o": {
                  "x": [
                    0.333
                  ],
                  "y": [
                    0
                  ]
                },
                "t": 66,
                "s": [
                  0
                ],
                "e": [
                  100
                ]
              },
              {
                "i": {
                  "x": [
                    0.667
                  ],
                  "y": [
                    1
                  ]
                },
                "o": {
                  "x": [
                    0.333
                  ],
                  "y": [
                    0
                  ]
                },
                "t": 71,
                "s": [
                  100
                ],
                "e": [
                  100
                ]
              },
              {
                "i": {
                  "x": [
                    0.667
                  ],
                  "y": [
                    1
                  ]
                },
                "o": {
                  "x": [
                    0.333
                  ],
                  "y": [
                    0
                  ]
                },
                "t": 166,
                "s": [
                  100
                ],
                "e": [
                  0
                ]
              },
              {
                "t": 170.000006924242
              }
            ],
            "ix": 11
          },
          "r": {
            "a": 0,
            "k": 0,
            "ix": 10
          },
          "p": {
            "a": 1,
            "k": [
              {
                "i": {
                  "x": 0.667,
                  "y": 1
                },
                "o": {
                  "x": 0.333,
                  "y": 0
                },
                "t": 66,
                "s": [
                  31.027,
                  848,
                  0
                ],
                "e": [
                  960,
                  848,
                  0
                ],
                "to": [
                  106.583,
                  0,
                  0
                ],
                "ti": [
                  -106.583,
                  0,
                  0
                ]
              },
              {
                "i": {
                  "x": 0.667,
                  "y": 0.667
                },
                "o": {
                  "x": 0.333,
                  "y": 0.333
                },
                "t": 71,
                "s": [
                  960,
                  848,
                  0
                ],
                "e": [
                  960,
                  848,
                  0
                ],
                "to": [
                  0,
                  0,
                  0
                ],
                "ti": [
                  0,
                  0,
                  0
                ]
              },
              {
                "i": {
                  "x": 0.667,
                  "y": 1
                },
                "o": {
                  "x": 0.333,
                  "y": 0
                },
                "t": 166,
                "s": [
                  960,
                  848,
                  0
                ],
                "e": [
                  200.527,
                  848,
                  0
                ],
                "to": [
                  -78.333,
                  0,
                  0
                ],
                "ti": [
                  78.333,
                  0,
                  0
                ]
              },
              {
                "t": 170.000006924242
              }
            ],
            "ix": 2
          },
          "a": {
            "a": 0,
            "k": [
              0,
              0,
              0
            ],
            "ix": 1
          },
          "s": {
            "a": 0,
            "k": [
              100,
              100,
              100
            ],
            "ix": 6
          }
        },
        "ao": 0,
        "t": {
          "d": {
            "k": [
              {
                "s": {
                  "s": 80,
                  "f": "Lato-Regular",
                  "t": "Sous-titre en haut",
                  "j": 2,
                  "tr": 0,
                  "lh": 96,
                  "ls": 0,
                  "fc": [
                    0.89411765,
                    0.09803922,
                    0.09803922
                  ]
                },
                "t": 0
              }
            ]
          },
          "p": {},
          "m": {
            "g": 1,
            "a": {
              "a": 0,
              "k": [
                0,
                0
              ],
              "ix": 2
            }
          },
          "a": []
        },
        "ip": 0,
        "op": 180.00000733155,
        "st": 0,
        "bm": 0
      },
      {
        "ddd": 0,
        "ind": 5,
        "ty": 4,
        "nm": "textTopContainer-subtitleTopBackground",
        "sr": 1,
        "ks": {
          "o": {
            "a": 1,
            "k": [
              {
                "i": {
                  "x": [
                    0.667
                  ],
                  "y": [
                    1
                  ]
                },
                "o": {
                  "x": [
                    0.333
                  ],
                  "y": [
                    0
                  ]
                },
                "t": 0,
                "s": [
                  0
                ],
                "e": [
                  0
                ]
              },
              {
                "i": {
                  "x": [
                    0.667
                  ],
                  "y": [
                    1
                  ]
                },
                "o": {
                  "x": [
                    0.333
                  ],
                  "y": [
                    0
                  ]
                },
                "t": 58,
                "s": [
                  0
                ],
                "e": [
                  100
                ]
              },
              {
                "i": {
                  "x": [
                    0.667
                  ],
                  "y": [
                    1
                  ]
                },
                "o": {
                  "x": [
                    0.333
                  ],
                  "y": [
                    0
                  ]
                },
                "t": 63,
                "s": [
                  100
                ],
                "e": [
                  100
                ]
              },
              {
                "i": {
                  "x": [
                    0.667
                  ],
                  "y": [
                    1
                  ]
                },
                "o": {
                  "x": [
                    0.333
                  ],
                  "y": [
                    0
                  ]
                },
                "t": 177,
                "s": [
                  100
                ],
                "e": [
                  0
                ]
              },
              {
                "t": 179.000007290819
              }
            ],
            "ix": 11
          },
          "r": {
            "a": 0,
            "k": 0,
            "ix": 10
          },
          "p": {
            "a": 0,
            "k": [
              960,
              817,
              0
            ],
            "ix": 2
          },
          "a": {
            "a": 0,
            "k": [
              0,
              0,
              0
            ],
            "ix": 1
          },
          "s": {
            "a": 1,
            "k": [
              {
                "i": {
                  "x": [
                    0.667,
                    0.667,
                    0.667
                  ],
                  "y": [
                    1,
                    1,
                    1
                  ]
                },
                "o": {
                  "x": [
                    0.333,
                    0.333,
                    0.333
                  ],
                  "y": [
                    0,
                    0,
                    0
                  ]
                },
                "t": 58,
                "s": [
                  0,
                  10,
                  100
                ],
                "e": [
                  100,
                  10,
                  100
                ]
              },
              {
                "i": {
                  "x": [
                    0.667,
                    0.667,
                    0.667
                  ],
                  "y": [
                    1,
                    1,
                    1
                  ]
                },
                "o": {
                  "x": [
                    0.333,
                    0.333,
                    0.333
                  ],
                  "y": [
                    0,
                    0,
                    0
                  ]
                },
                "t": 63,
                "s": [
                  100,
                  10,
                  100
                ],
                "e": [
                  100,
                  100,
                  100
                ]
              },
              {
                "i": {
                  "x": [
                    0.667,
                    0.667,
                    0.667
                  ],
                  "y": [
                    1,
                    1,
                    1
                  ]
                },
                "o": {
                  "x": [
                    0.333,
                    0.333,
                    0.333
                  ],
                  "y": [
                    0,
                    0,
                    0
                  ]
                },
                "t": 66,
                "s": [
                  100,
                  100,
                  100
                ],
                "e": [
                  100,
                  100,
                  100
                ]
              },
              {
                "i": {
                  "x": [
                    0.667,
                    0.667,
                    0.667
                  ],
                  "y": [
                    1,
                    1,
                    1
                  ]
                },
                "o": {
                  "x": [
                    0.333,
                    0.333,
                    0.333
                  ],
                  "y": [
                    0,
                    0,
                    0
                  ]
                },
                "t": 174,
                "s": [
                  100,
                  100,
                  100
                ],
                "e": [
                  100,
                  10,
                  100
                ]
              },
              {
                "t": 177.000007209358
              }
            ],
            "ix": 6
          }
        },
        "ao": 0,
        "shapes": [
          {
            "ty": "gr",
            "it": [
              {
                "ty": "rc",
                "d": 1,
                "s": {
                  "a": 0,
                  "k": [
                    697,
                    160
                  ],
                  "ix": 2
                },
                "p": {
                  "a": 0,
                  "k": [
                    0,
                    0
                  ],
                  "ix": 3
                },
                "r": {
                  "a": 0,
                  "k": 0,
                  "ix": 4
                },
                "nm": "Tracé rectangulaire 1",
                "mn": "ADBE Vector Shape - Rect",
                "hd": false
              },
              {
                "ty": "fl",
                "c": {
                  "a": 0,
                  "k": [
                    1,
                    1,
                    1,
                    1
                  ],
                  "ix": 4
                },
                "o": {
                  "a": 0,
                  "k": 100,
                  "ix": 5
                },
                "r": 1,
                "bm": 0,
                "nm": "Fond 1",
                "mn": "ADBE Vector Graphic - Fill",
                "hd": false
              },
              {
                "ty": "tr",
                "p": {
                  "a": 0,
                  "k": [
                    0,
                    0
                  ],
                  "ix": 2
                },
                "a": {
                  "a": 0,
                  "k": [
                    0,
                    0
                  ],
                  "ix": 1
                },
                "s": {
                  "a": 0,
                  "k": [
                    100,
                    100
                  ],
                  "ix": 3
                },
                "r": {
                  "a": 0,
                  "k": 0,
                  "ix": 6
                },
                "o": {
                  "a": 0,
                  "k": 100,
                  "ix": 7
                },
                "sk": {
                  "a": 0,
                  "k": 0,
                  "ix": 4
                },
                "sa": {
                  "a": 0,
                  "k": 0,
                  "ix": 5
                },
                "nm": "Transformer "
              }
            ],
            "nm": "Rectangle 1",
            "np": 3,
            "cix": 2,
            "bm": 0,
            "ix": 1,
            "mn": "ADBE Vector Group",
            "hd": false
          }
        ],
        "ip": 0,
        "op": 180.00000733155,
        "st": 0,
        "bm": 0
      },
      {
        "ddd": 0,
        "ind": 6,
        "ty": 4,
        "nm": "textBottomContainer-subtitleBottomBackground2",
        "td": 1,
        "sr": 1,
        "ks": {
          "o": {
            "a": 1,
            "k": [
              {
                "i": {
                  "x": [
                    0.667
                  ],
                  "y": [
                    1
                  ]
                },
                "o": {
                  "x": [
                    0.333
                  ],
                  "y": [
                    0
                  ]
                },
                "t": 0,
                "s": [
                  0
                ],
                "e": [
                  0
                ]
              },
              {
                "i": {
                  "x": [
                    0.667
                  ],
                  "y": [
                    1
                  ]
                },
                "o": {
                  "x": [
                    0.333
                  ],
                  "y": [
                    0
                  ]
                },
                "t": 58,
                "s": [
                  0
                ],
                "e": [
                  70
                ]
              },
              {
                "i": {
                  "x": [
                    0.667
                  ],
                  "y": [
                    1
                  ]
                },
                "o": {
                  "x": [
                    0.333
                  ],
                  "y": [
                    0
                  ]
                },
                "t": 63,
                "s": [
                  70
                ],
                "e": [
                  100
                ]
              },
              {
                "t": 89.0000036250443
              }
            ],
            "ix": 11
          },
          "r": {
            "a": 0,
            "k": 0,
            "ix": 10
          },
          "p": {
            "a": 0,
            "k": [
              960,
              956.5,
              0
            ],
            "ix": 2
          },
          "a": {
            "a": 0,
            "k": [
              0,
              0,
              0
            ],
            "ix": 1
          },
          "s": {
            "a": 1,
            "k": [
              {
                "i": {
                  "x": [
                    0.667,
                    0.667,
                    0.667
                  ],
                  "y": [
                    1,
                    1,
                    1
                  ]
                },
                "o": {
                  "x": [
                    0.333,
                    0.333,
                    0.333
                  ],
                  "y": [
                    0,
                    0,
                    0
                  ]
                },
                "t": 58,
                "s": [
                  0,
                  20,
                  100
                ],
                "e": [
                  100,
                  15,
                  100
                ]
              },
              {
                "i": {
                  "x": [
                    0.667,
                    0.667,
                    0.667
                  ],
                  "y": [
                    1,
                    1,
                    1
                  ]
                },
                "o": {
                  "x": [
                    0.333,
                    0.333,
                    0.333
                  ],
                  "y": [
                    0,
                    0,
                    0
                  ]
                },
                "t": 63,
                "s": [
                  100,
                  15,
                  100
                ],
                "e": [
                  100,
                  100,
                  100
                ]
              },
              {
                "t": 66.0000026882351
              }
            ],
            "ix": 6
          }
        },
        "ao": 0,
        "shapes": [
          {
            "ty": "gr",
            "it": [
              {
                "ty": "rc",
                "d": 1,
                "s": {
                  "a": 0,
                  "k": [
                    697,
                    119
                  ],
                  "ix": 2
                },
                "p": {
                  "a": 0,
                  "k": [
                    0,
                    0
                  ],
                  "ix": 3
                },
                "r": {
                  "a": 0,
                  "k": 0,
                  "ix": 4
                },
                "nm": "Tracé rectangulaire 1",
                "mn": "ADBE Vector Shape - Rect",
                "hd": false
              },
              {
                "ty": "fl",
                "c": {
                  "a": 0,
                  "k": [
                    0.192156862745,
                    0.756862745098,
                    0.803921568627,
                    1
                  ],
                  "ix": 4
                },
                "o": {
                  "a": 0,
                  "k": 100,
                  "ix": 5
                },
                "r": 1,
                "bm": 0,
                "nm": "Fond 1",
                "mn": "ADBE Vector Graphic - Fill",
                "hd": false
              },
              {
                "ty": "tr",
                "p": {
                  "a": 0,
                  "k": [
                    0,
                    0
                  ],
                  "ix": 2
                },
                "a": {
                  "a": 0,
                  "k": [
                    0,
                    0
                  ],
                  "ix": 1
                },
                "s": {
                  "a": 0,
                  "k": [
                    100,
                    100
                  ],
                  "ix": 3
                },
                "r": {
                  "a": 0,
                  "k": 0,
                  "ix": 6
                },
                "o": {
                  "a": 0,
                  "k": 100,
                  "ix": 7
                },
                "sk": {
                  "a": 0,
                  "k": 0,
                  "ix": 4
                },
                "sa": {
                  "a": 0,
                  "k": 0,
                  "ix": 5
                },
                "nm": "Transformer "
              }
            ],
            "nm": "Rectangle 1",
            "np": 3,
            "cix": 2,
            "bm": 0,
            "ix": 1,
            "mn": "ADBE Vector Group",
            "hd": false
          }
        ],
        "ip": 0,
        "op": 180.00000733155,
        "st": 0,
        "bm": 0
      },
      {
        "ddd": 0,
        "ind": 7,
        "ty": 5,
        "nm": "textBottom-subtitleBottomText-text-3",
        "tt": 1,
        "sr": 1,
        "ks": {
          "o": {
            "a": 1,
            "k": [
              {
                "i": {
                  "x": [
                    0.667
                  ],
                  "y": [
                    1
                  ]
                },
                "o": {
                  "x": [
                    0.333
                  ],
                  "y": [
                    0
                  ]
                },
                "t": 0,
                "s": [
                  0
                ],
                "e": [
                  0
                ]
              },
              {
                "i": {
                  "x": [
                    0.667
                  ],
                  "y": [
                    1
                  ]
                },
                "o": {
                  "x": [
                    0.333
                  ],
                  "y": [
                    0
                  ]
                },
                "t": 70,
                "s": [
                  0
                ],
                "e": [
                  100
                ]
              },
              {
                "i": {
                  "x": [
                    0.667
                  ],
                  "y": [
                    1
                  ]
                },
                "o": {
                  "x": [
                    0.333
                  ],
                  "y": [
                    0
                  ]
                },
                "t": 76,
                "s": [
                  100
                ],
                "e": [
                  100
                ]
              },
              {
                "i": {
                  "x": [
                    0.667
                  ],
                  "y": [
                    1
                  ]
                },
                "o": {
                  "x": [
                    0.333
                  ],
                  "y": [
                    0
                  ]
                },
                "t": 170,
                "s": [
                  100
                ],
                "e": [
                  0
                ]
              },
              {
                "t": 174.000007087165
              }
            ],
            "ix": 11
          },
          "r": {
            "a": 0,
            "k": 0,
            "ix": 10
          },
          "p": {
            "a": 1,
            "k": [
              {
                "i": {
                  "x": 0.667,
                  "y": 1
                },
                "o": {
                  "x": 0.333,
                  "y": 0
                },
                "t": 70,
                "s": [
                  200.875,
                  980,
                  0
                ],
                "e": [
                  960,
                  980,
                  0
                ],
                "to": [
                  106.583,
                  0,
                  0
                ],
                "ti": [
                  -106.583,
                  0,
                  0
                ]
              },
              {
                "i": {
                  "x": 0.667,
                  "y": 0.667
                },
                "o": {
                  "x": 0.333,
                  "y": 0.333
                },
                "t": 76,
                "s": [
                  960,
                  980,
                  0
                ],
                "e": [
                  960,
                  980,
                  0
                ],
                "to": [
                  0,
                  0,
                  0
                ],
                "ti": [
                  0,
                  0,
                  0
                ]
              },
              {
                "i": {
                  "x": 0.667,
                  "y": 1
                },
                "o": {
                  "x": 0.333,
                  "y": 0
                },
                "t": 170,
                "s": [
                  960,
                  980,
                  0
                ],
                "e": [
                  370.375,
                  980,
                  0
                ],
                "to": [
                  -78.333,
                  0,
                  0
                ],
                "ti": [
                  78.333,
                  0,
                  0
                ]
              },
              {
                "t": 174.000007087165
              }
            ],
            "ix": 2
          },
          "a": {
            "a": 0,
            "k": [
              0,
              0,
              0
            ],
            "ix": 1
          },
          "s": {
            "a": 0,
            "k": [
              100,
              100,
              100
            ],
            "ix": 6
          }
        },
        "ao": 0,
        "t": {
          "d": {
            "k": [
              {
                "s": {
                  "s": 60,
                  "f": "Lato-Regular",
                  "t": "Sous-titre en bas",
                  "j": 2,
                  "tr": 0,
                  "lh": 72,
                  "ls": 0,
                  "fc": [
                    1,
                    1,
                    1
                  ]
                },
                "t": 0
              }
            ]
          },
          "p": {},
          "m": {
            "g": 1,
            "a": {
              "a": 0,
              "k": [
                0,
                0
              ],
              "ix": 2
            }
          },
          "a": []
        },
        "ip": 0,
        "op": 180.00000733155,
        "st": 0,
        "bm": 0
      },
      {
        "ddd": 0,
        "ind": 8,
        "ty": 4,
        "nm": "textBottomContainer-subtitleBottomBackground",
        "sr": 1,
        "ks": {
          "o": {
            "a": 1,
            "k": [
              {
                "i": {
                  "x": [
                    0.667
                  ],
                  "y": [
                    1
                  ]
                },
                "o": {
                  "x": [
                    0.333
                  ],
                  "y": [
                    0
                  ]
                },
                "t": 0,
                "s": [
                  0
                ],
                "e": [
                  0
                ]
              },
              {
                "i": {
                  "x": [
                    0.667
                  ],
                  "y": [
                    1
                  ]
                },
                "o": {
                  "x": [
                    0.333
                  ],
                  "y": [
                    0
                  ]
                },
                "t": 58,
                "s": [
                  0
                ],
                "e": [
                  70
                ]
              },
              {
                "i": {
                  "x": [
                    0.667
                  ],
                  "y": [
                    1
                  ]
                },
                "o": {
                  "x": [
                    0.333
                  ],
                  "y": [
                    0
                  ]
                },
                "t": 63,
                "s": [
                  70
                ],
                "e": [
                  70
                ]
              },
              {
                "i": {
                  "x": [
                    0.667
                  ],
                  "y": [
                    1
                  ]
                },
                "o": {
                  "x": [
                    0.333
                  ],
                  "y": [
                    0
                  ]
                },
                "t": 177,
                "s": [
                  70
                ],
                "e": [
                  0
                ]
              },
              {
                "t": 179.000007290819
              }
            ],
            "ix": 11
          },
          "r": {
            "a": 0,
            "k": 0,
            "ix": 10
          },
          "p": {
            "a": 0,
            "k": [
              960,
              956.5,
              0
            ],
            "ix": 2
          },
          "a": {
            "a": 0,
            "k": [
              0,
              0,
              0
            ],
            "ix": 1
          },
          "s": {
            "a": 1,
            "k": [
              {
                "i": {
                  "x": [
                    0.667,
                    0.667,
                    0.667
                  ],
                  "y": [
                    1,
                    1,
                    1
                  ]
                },
                "o": {
                  "x": [
                    0.333,
                    0.333,
                    0.333
                  ],
                  "y": [
                    0,
                    0,
                    0
                  ]
                },
                "t": 58,
                "s": [
                  0,
                  20,
                  100
                ],
                "e": [
                  100,
                  15,
                  100
                ]
              },
              {
                "i": {
                  "x": [
                    0.667,
                    0.667,
                    0.667
                  ],
                  "y": [
                    1,
                    1,
                    1
                  ]
                },
                "o": {
                  "x": [
                    0.333,
                    0.333,
                    0.333
                  ],
                  "y": [
                    0,
                    0,
                    0
                  ]
                },
                "t": 63,
                "s": [
                  100,
                  15,
                  100
                ],
                "e": [
                  100,
                  100,
                  100
                ]
              },
              {
                "i": {
                  "x": [
                    0.667,
                    0.667,
                    0.667
                  ],
                  "y": [
                    1,
                    1,
                    1
                  ]
                },
                "o": {
                  "x": [
                    0.333,
                    0.333,
                    0.333
                  ],
                  "y": [
                    0,
                    0,
                    0
                  ]
                },
                "t": 66,
                "s": [
                  100,
                  100,
                  100
                ],
                "e": [
                  100,
                  100,
                  100
                ]
              },
              {
                "i": {
                  "x": [
                    0.667,
                    0.667,
                    0.667
                  ],
                  "y": [
                    1,
                    1,
                    1
                  ]
                },
                "o": {
                  "x": [
                    0.333,
                    0.333,
                    0.333
                  ],
                  "y": [
                    0,
                    0,
                    0
                  ]
                },
                "t": 174,
                "s": [
                  100,
                  100,
                  100
                ],
                "e": [
                  100,
                  13.178,
                  100
                ]
              },
              {
                "t": 177.000007209358
              }
            ],
            "ix": 6
          }
        },
        "ao": 0,
        "shapes": [
          {
            "ty": "gr",
            "it": [
              {
                "ty": "rc",
                "d": 1,
                "s": {
                  "a": 0,
                  "k": [
                    697,
                    119
                  ],
                  "ix": 2
                },
                "p": {
                  "a": 0,
                  "k": [
                    0,
                    0
                  ],
                  "ix": 3
                },
                "r": {
                  "a": 0,
                  "k": 0,
                  "ix": 4
                },
                "nm": "Tracé rectangulaire 1",
                "mn": "ADBE Vector Shape - Rect",
                "hd": false
              },
              {
                "ty": "fl",
                "c": {
                  "a": 0,
                  "k": [
                    0.89411765,
                    0.09803922,
                    0.09803922,
                    1
                  ],
                  "ix": 4
                },
                "o": {
                  "a": 0,
                  "k": 100,
                  "ix": 5
                },
                "r": 1,
                "bm": 0,
                "nm": "Fond 1",
                "mn": "ADBE Vector Graphic - Fill",
                "hd": false
              },
              {
                "ty": "tr",
                "p": {
                  "a": 0,
                  "k": [
                    0,
                    0
                  ],
                  "ix": 2
                },
                "a": {
                  "a": 0,
                  "k": [
                    0,
                    0
                  ],
                  "ix": 1
                },
                "s": {
                  "a": 0,
                  "k": [
                    100,
                    100
                  ],
                  "ix": 3
                },
                "r": {
                  "a": 0,
                  "k": 0,
                  "ix": 6
                },
                "o": {
                  "a": 0,
                  "k": 100,
                  "ix": 7
                },
                "sk": {
                  "a": 0,
                  "k": 0,
                  "ix": 4
                },
                "sa": {
                  "a": 0,
                  "k": 0,
                  "ix": 5
                },
                "nm": "Transformer "
              }
            ],
            "nm": "Rectangle 1",
            "np": 3,
            "cix": 2,
            "bm": 0,
            "ix": 1,
            "mn": "ADBE Vector Group",
            "hd": false
          }
        ],
        "ip": 0,
        "op": 180.00000733155,
        "st": 0,
        "bm": 0
      },
      {
        "ddd": 0,
        "ind": 9,
        "ty": 1,
        "nm": "container-titleBackground",
        "sr": 1,
        "ks": {
          "o": {
            "a": 0,
            "k": 80,
            "ix": 11
          },
          "r": {
            "a": 0,
            "k": 0,
            "ix": 10
          },
          "p": {
            "a": 0,
            "k": [
              960,
              540,
              0
            ],
            "ix": 2
          },
          "a": {
            "a": 0,
            "k": [
              960,
              540,
              0
            ],
            "ix": 1
          },
          "s": {
            "a": 0,
            "k": [
              100,
              100,
              100
            ],
            "ix": 6
          }
        },
        "ao": 0,
        "sw": 1920,
        "sh": 1080,
        "sc": "#000000",
        "ip": 0,
        "op": 180.00000733155,
        "st": 0,
        "bm": 0
      }
    ],
    "markers": []
  }