{
    "v": "5.4.4",
    "fr": 29.9700012207031,
    "ip": 0,
    "op": 150.000006109625,
    "w": 236,
    "h": 116,
    "nm": "SEATTLE-MUSTANG",
    "ddd": 0,
    "assets": [],
    "fonts": {
      "list": [
        {
          "origin": 0,
          "fPath": "",
          "fClass": "",
          "fFamily": "Signika",
          "fWeight": "",
          "fStyle": "Bold",
          "fName": "Signika-Bold",
          "ascent": 74.3992432020605
        },
        {
          "fName": "Lato-Bold",
          "fFamily": "Lato",
          "fStyle": "Bold",
          "ascent": 74
        },
        {
          "fName": "Lato-Regular",
          "fFamily": "Lato",
          "fStyle": "Regular",
          "ascent": 74
        }
      ]
    },
    "layers": [
      {
        "ddd": 0,
        "ind": 1,
        "ty": 5,
        "nm": "text-floatingText-textBold-0",
        "sr": 1,
        "ks": {
          "o": {
            "a": 0,
            "k": 100,
            "ix": 11
          },
          "r": {
            "a": 0,
            "k": 0,
            "ix": 10
          },
          "p": {
            "a": 1,
            "k": [
              {
                "i": {
                  "x": 0,
                  "y": 1
                },
                "o": {
                  "x": 0.022,
                  "y": 0
                },
                "t": 15,
                "s": [
                  -118,
                  58,
                  0
                ],
                "e": [
                  118,
                  58,
                  0
                ],
                "to": [
                  145.133,
                  0,
                  0
                ],
                "ti": [
                  -145.133,
                  0,
                  0
                ]
              },
              {
                "i": {
                  "x": 0,
                  "y": 0
                },
                "o": {
                  "x": 0.333,
                  "y": 0.333
                },
                "t": 24,
                "s": [
                  118,
                  58,
                  0
                ],
                "e": [
                  118,
                  58,
                  0
                ],
                "to": [
                  0,
                  0,
                  0
                ],
                "ti": [
                  0,
                  0,
                  0
                ]
              },
              {
                "i": {
                  "x": 0,
                  "y": 1
                },
                "o": {
                  "x": 0.333,
                  "y": 0
                },
                "t": 134,
                "s": [
                  118,
                  58,
                  0
                ],
                "e": [
                  -118,
                  58,
                  0
                ],
                "to": [
                  -145,
                  0,
                  0
                ],
                "ti": [
                  145,
                  0,
                  0
                ]
              },
              {
                "t": 141.000005743048
              }
            ],
            "ix": 2
          },
          "a": {
            "a": 0,
            "k": [
              -0.999,
              -27.76,
              0
            ],
            "ix": 1
          },
          "s": {
            "a": 0,
            "k": [
              100,
              100,
              100
            ],
            "ix": 6
          }
        },
        "ao": 0,
        "t": {
          "d": {
            "k": [
              {
                "s": {
                  "s": 80,
                  "f": "Lato-Regular",
                  "t": "Texte",
                  "j": 2,
                  "tr": 0,
                  "lh": 96,
                  "ls": 0,
                  "fc": [
                    0.89411765,
                    0.09803922,
                    0.09803922
                  ]
                },
                "t": 0
              }
            ]
          },
          "p": {},
          "m": {
            "g": 1,
            "a": {
              "a": 0,
              "k": [
                0,
                0
              ],
              "ix": 2
            }
          },
          "a": []
        },
        "ip": 0,
        "op": 150.000006109625,
        "st": 0,
        "bm": 0
      },
      {
        "ddd": 0,
        "ind": 2,
        "ty": 4,
        "nm": "container-floatingBackground",
        "sr": 1,
        "ks": {
          "o": {
            "a": 1,
            "k": [
              {
                "i": {
                  "x": [
                    0
                  ],
                  "y": [
                    1
                  ]
                },
                "o": {
                  "x": [
                    0
                  ],
                  "y": [
                    0
                  ]
                },
                "t": 0,
                "s": [
                  0
                ],
                "e": [
                  100
                ]
              },
              {
                "i": {
                  "x": [
                    0.667
                  ],
                  "y": [
                    1
                  ]
                },
                "o": {
                  "x": [
                    0.333
                  ],
                  "y": [
                    0
                  ]
                },
                "t": 1,
                "s": [
                  100
                ],
                "e": [
                  100
                ]
              },
              {
                "i": {
                  "x": [
                    1
                  ],
                  "y": [
                    1
                  ]
                },
                "o": {
                  "x": [
                    1
                  ],
                  "y": [
                    0
                  ]
                },
                "t": 147,
                "s": [
                  100
                ],
                "e": [
                  0
                ]
              },
              {
                "t": 149.000006068894
              }
            ],
            "ix": 11
          },
          "r": {
            "a": 0,
            "k": 0,
            "ix": 10
          },
          "p": {
            "a": 0,
            "k": [
              118,
              58,
              0
            ],
            "ix": 2
          },
          "a": {
            "a": 0,
            "k": [
              -1.016,
              1.238,
              0
            ],
            "ix": 1
          },
          "s": {
            "a": 1,
            "k": [
              {
                "i": {
                  "x": [
                    0,
                    0,
                    0.667
                  ],
                  "y": [
                    1,
                    1,
                    1
                  ]
                },
                "o": {
                  "x": [
                    0,
                    0,
                    0.333
                  ],
                  "y": [
                    0,
                    0,
                    0
                  ]
                },
                "t": 0,
                "s": [
                  1,
                  6,
                  100
                ],
                "e": [
                  100,
                  6,
                  100
                ]
              },
              {
                "i": {
                  "x": [
                    0.667,
                    0.667,
                    0.667
                  ],
                  "y": [
                    1,
                    1,
                    1
                  ]
                },
                "o": {
                  "x": [
                    0.333,
                    0.333,
                    0.333
                  ],
                  "y": [
                    0,
                    0,
                    0
                  ]
                },
                "t": 9,
                "s": [
                  100,
                  6,
                  100
                ],
                "e": [
                  100,
                  6,
                  100
                ]
              },
              {
                "i": {
                  "x": [
                    0,
                    0,
                    0.667
                  ],
                  "y": [
                    1,
                    1,
                    1
                  ]
                },
                "o": {
                  "x": [
                    0,
                    0.044,
                    0.333
                  ],
                  "y": [
                    0,
                    0,
                    0
                  ]
                },
                "t": 10,
                "s": [
                  100,
                  6,
                  100
                ],
                "e": [
                  100,
                  100,
                  100
                ]
              },
              {
                "i": {
                  "x": [
                    0.667,
                    0.667,
                    0.667
                  ],
                  "y": [
                    1,
                    1,
                    1
                  ]
                },
                "o": {
                  "x": [
                    0.333,
                    0.333,
                    0.333
                  ],
                  "y": [
                    0,
                    0,
                    0
                  ]
                },
                "t": 17,
                "s": [
                  100,
                  100,
                  100
                ],
                "e": [
                  100,
                  100,
                  100
                ]
              },
              {
                "i": {
                  "x": [
                    0,
                    0,
                    0.833
                  ],
                  "y": [
                    1,
                    1,
                    1
                  ]
                },
                "o": {
                  "x": [
                    0,
                    0.015,
                    0.333
                  ],
                  "y": [
                    0,
                    0,
                    0
                  ]
                },
                "t": 139,
                "s": [
                  100,
                  100,
                  100
                ],
                "e": [
                  100,
                  6,
                  100
                ]
              },
              {
                "t": 147.000005987433
              }
            ],
            "ix": 6
          }
        },
        "ao": 0,
        "shapes": [
          {
            "ty": "gr",
            "it": [
              {
                "ty": "rc",
                "d": 1,
                "s": {
                  "a": 0,
                  "k": [
                    236,
                    96
                  ],
                  "ix": 2
                },
                "p": {
                  "a": 0,
                  "k": [
                    0,
                    0
                  ],
                  "ix": 3
                },
                "r": {
                  "a": 0,
                  "k": 0,
                  "ix": 4
                },
                "nm": "Tracé rectangulaire 1",
                "mn": "ADBE Vector Shape - Rect",
                "hd": false
              },
              {
                "ty": "fl",
                "c": {
                  "a": 0,
                  "k": [
                    1,
                    1,
                    1,
                    1
                  ],
                  "ix": 4
                },
                "o": {
                  "a": 0,
                  "k": 100,
                  "ix": 5
                },
                "r": 1,
                "bm": 0,
                "nm": "Fond 1",
                "mn": "ADBE Vector Graphic - Fill",
                "hd": false
              },
              {
                "ty": "tr",
                "p": {
                  "a": 0,
                  "k": [
                    -1.016,
                    1.238
                  ],
                  "ix": 2
                },
                "a": {
                  "a": 0,
                  "k": [
                    0,
                    0
                  ],
                  "ix": 1
                },
                "s": {
                  "a": 0,
                  "k": [
                    100,
                    100
                  ],
                  "ix": 3
                },
                "r": {
                  "a": 0,
                  "k": 0,
                  "ix": 6
                },
                "o": {
                  "a": 0,
                  "k": 100,
                  "ix": 7
                },
                "sk": {
                  "a": 0,
                  "k": 0,
                  "ix": 4
                },
                "sa": {
                  "a": 0,
                  "k": 0,
                  "ix": 5
                },
                "nm": "Transformer "
              }
            ],
            "nm": "Rectangle 1",
            "np": 3,
            "cix": 2,
            "bm": 0,
            "ix": 1,
            "mn": "ADBE Vector Group",
            "hd": false
          }
        ],
        "ip": 0,
        "op": 150.000006109625,
        "st": 0,
        "bm": 0
      },
      {
        "ddd": 0,
        "ind": 3,
        "ty": 4,
        "nm": "lineTop-shape",
        "sr": 1,
        "ks": {
          "o": {
            "a": 1,
            "k": [
              {
                "i": {
                  "x": [
                    0
                  ],
                  "y": [
                    1
                  ]
                },
                "o": {
                  "x": [
                    0
                  ],
                  "y": [
                    0
                  ]
                },
                "t": 0,
                "s": [
                  0
                ],
                "e": [
                  70
                ]
              },
              {
                "i": {
                  "x": [
                    0.833
                  ],
                  "y": [
                    1
                  ]
                },
                "o": {
                  "x": [
                    0.333
                  ],
                  "y": [
                    0
                  ]
                },
                "t": 1,
                "s": [
                  70
                ],
                "e": [
                  70
                ]
              },
              {
                "i": {
                  "x": [
                    0.833
                  ],
                  "y": [
                    1
                  ]
                },
                "o": {
                  "x": [
                    0.167
                  ],
                  "y": [
                    0
                  ]
                },
                "t": 147,
                "s": [
                  70
                ],
                "e": [
                  0
                ]
              },
              {
                "t": 149.000006068894
              }
            ],
            "ix": 11
          },
          "r": {
            "a": 0,
            "k": 0,
            "ix": 10
          },
          "p": {
            "a": 1,
            "k": [
              {
                "i": {
                  "x": 0.667,
                  "y": 0.667
                },
                "o": {
                  "x": 0,
                  "y": 0
                },
                "t": 0,
                "s": [
                  118,
                  52.24,
                  0
                ],
                "e": [
                  118,
                  52.24,
                  0
                ],
                "to": [
                  0,
                  0,
                  0
                ],
                "ti": [
                  0,
                  0,
                  0
                ]
              },
              {
                "i": {
                  "x": 0,
                  "y": 1
                },
                "o": {
                  "x": 0,
                  "y": 0
                },
                "t": 10,
                "s": [
                  118,
                  52.24,
                  0
                ],
                "e": [
                  118,
                  5,
                  0
                ],
                "to": [
                  0,
                  -13.333,
                  0
                ],
                "ti": [
                  0,
                  13.333,
                  0
                ]
              },
              {
                "i": {
                  "x": 0,
                  "y": 0
                },
                "o": {
                  "x": 0.333,
                  "y": 0.333
                },
                "t": 17,
                "s": [
                  118,
                  5,
                  0
                ],
                "e": [
                  118,
                  5,
                  0
                ],
                "to": [
                  0,
                  0,
                  0
                ],
                "ti": [
                  0,
                  0,
                  0
                ]
              },
              {
                "i": {
                  "x": 0,
                  "y": 1
                },
                "o": {
                  "x": 0,
                  "y": 0
                },
                "t": 139,
                "s": [
                  118,
                  5,
                  0
                ],
                "e": [
                  118,
                  52.24,
                  0
                ],
                "to": [
                  0,
                  13.333,
                  0
                ],
                "ti": [
                  0,
                  -13.333,
                  0
                ]
              },
              {
                "t": 147.000005987433
              }
            ],
            "ix": 2
          },
          "a": {
            "a": 0,
            "k": [
              0.207,
              -33.51,
              0
            ],
            "ix": 1
          },
          "s": {
            "a": 1,
            "k": [
              {
                "i": {
                  "x": [
                    0,
                    0,
                    0.667
                  ],
                  "y": [
                    1,
                    1,
                    1
                  ]
                },
                "o": {
                  "x": [
                    0,
                    0,
                    0.333
                  ],
                  "y": [
                    0,
                    0,
                    0
                  ]
                },
                "t": 0,
                "s": [
                  1,
                  40,
                  100
                ],
                "e": [
                  100,
                  40,
                  100
                ]
              },
              {
                "i": {
                  "x": [
                    0.667,
                    0.667,
                    0.667
                  ],
                  "y": [
                    1,
                    1,
                    1
                  ]
                },
                "o": {
                  "x": [
                    0.333,
                    0.333,
                    0.333
                  ],
                  "y": [
                    0,
                    0,
                    0
                  ]
                },
                "t": 9,
                "s": [
                  100,
                  40,
                  100
                ],
                "e": [
                  100,
                  40,
                  100
                ]
              },
              {
                "t": 10.0000004073083
              }
            ],
            "ix": 6
          }
        },
        "ao": 0,
        "shapes": [
          {
            "ty": "gr",
            "it": [
              {
                "ty": "rc",
                "d": 1,
                "s": {
                  "a": 0,
                  "k": [
                    236,
                    25
                  ],
                  "ix": 2
                },
                "p": {
                  "a": 0,
                  "k": [
                    0,
                    0
                  ],
                  "ix": 3
                },
                "r": {
                  "a": 0,
                  "k": 0,
                  "ix": 4
                },
                "nm": "Tracé rectangulaire 1",
                "mn": "ADBE Vector Shape - Rect",
                "hd": false
              },
              {
                "ty": "fl",
                "c": {
                  "a": 0,
                  "k": [
                    0.89411765,
                    0.09803922,
                    0.09803922,
                    1
                  ],
                  "ix": 4
                },
                "o": {
                  "a": 0,
                  "k": 100,
                  "ix": 5
                },
                "r": 1,
                "bm": 0,
                "nm": "Fond 1",
                "mn": "ADBE Vector Graphic - Fill",
                "hd": false
              },
              {
                "ty": "tr",
                "p": {
                  "a": 0,
                  "k": [
                    0.207,
                    -33.51
                  ],
                  "ix": 2
                },
                "a": {
                  "a": 0,
                  "k": [
                    0,
                    0
                  ],
                  "ix": 1
                },
                "s": {
                  "a": 0,
                  "k": [
                    100,
                    100
                  ],
                  "ix": 3
                },
                "r": {
                  "a": 0,
                  "k": 0,
                  "ix": 6
                },
                "o": {
                  "a": 0,
                  "k": 100,
                  "ix": 7
                },
                "sk": {
                  "a": 0,
                  "k": 0,
                  "ix": 4
                },
                "sa": {
                  "a": 0,
                  "k": 0,
                  "ix": 5
                },
                "nm": "Transformer "
              }
            ],
            "nm": "Rectangle 1",
            "np": 3,
            "cix": 2,
            "bm": 0,
            "ix": 1,
            "mn": "ADBE Vector Group",
            "hd": false
          }
        ],
        "ip": 0,
        "op": 150.000006109625,
        "st": 0,
        "bm": 0
      },
      {
        "ddd": 0,
        "ind": 4,
        "ty": 4,
        "nm": "lineBottom-shape",
        "sr": 1,
        "ks": {
          "o": {
            "a": 1,
            "k": [
              {
                "i": {
                  "x": [
                    0
                  ],
                  "y": [
                    1
                  ]
                },
                "o": {
                  "x": [
                    0
                  ],
                  "y": [
                    0
                  ]
                },
                "t": 0,
                "s": [
                  0
                ],
                "e": [
                  70
                ]
              },
              {
                "i": {
                  "x": [
                    0.833
                  ],
                  "y": [
                    1
                  ]
                },
                "o": {
                  "x": [
                    0.333
                  ],
                  "y": [
                    0
                  ]
                },
                "t": 1,
                "s": [
                  70
                ],
                "e": [
                  70
                ]
              },
              {
                "i": {
                  "x": [
                    0.833
                  ],
                  "y": [
                    1
                  ]
                },
                "o": {
                  "x": [
                    0.167
                  ],
                  "y": [
                    0
                  ]
                },
                "t": 147,
                "s": [
                  70
                ],
                "e": [
                  0
                ]
              },
              {
                "t": 149.000006068894
              }
            ],
            "ix": 11
          },
          "r": {
            "a": 0,
            "k": 0,
            "ix": 10
          },
          "p": {
            "a": 1,
            "k": [
              {
                "i": {
                  "x": 0.667,
                  "y": 0.667
                },
                "o": {
                  "x": 0.007,
                  "y": 0.007
                },
                "t": 0,
                "s": [
                  118,
                  63.76,
                  0
                ],
                "e": [
                  118,
                  63.76,
                  0
                ],
                "to": [
                  0,
                  0,
                  0
                ],
                "ti": [
                  0,
                  0,
                  0
                ]
              },
              {
                "i": {
                  "x": 0,
                  "y": 1
                },
                "o": {
                  "x": 0,
                  "y": 0
                },
                "t": 10,
                "s": [
                  118,
                  63.76,
                  0
                ],
                "e": [
                  118,
                  111,
                  0
                ],
                "to": [
                  0,
                  13.333,
                  0
                ],
                "ti": [
                  0,
                  -13.333,
                  0
                ]
              },
              {
                "i": {
                  "x": 0,
                  "y": 0
                },
                "o": {
                  "x": 0.333,
                  "y": 0.333
                },
                "t": 17,
                "s": [
                  118,
                  111,
                  0
                ],
                "e": [
                  118,
                  111,
                  0
                ],
                "to": [
                  0,
                  0,
                  0
                ],
                "ti": [
                  0,
                  0,
                  0
                ]
              },
              {
                "i": {
                  "x": 0,
                  "y": 1
                },
                "o": {
                  "x": 0,
                  "y": 0
                },
                "t": 139,
                "s": [
                  118,
                  111,
                  0
                ],
                "e": [
                  118,
                  63.76,
                  0
                ],
                "to": [
                  0,
                  -13.333,
                  0
                ],
                "ti": [
                  0,
                  13.333,
                  0
                ]
              },
              {
                "t": 147.000005987433
              }
            ],
            "ix": 2
          },
          "a": {
            "a": 0,
            "k": [
              0.207,
              -33.51,
              0
            ],
            "ix": 1
          },
          "s": {
            "a": 1,
            "k": [
              {
                "i": {
                  "x": [
                    0,
                    0,
                    0.667
                  ],
                  "y": [
                    1,
                    1,
                    1
                  ]
                },
                "o": {
                  "x": [
                    0,
                    0,
                    0.333
                  ],
                  "y": [
                    0,
                    0,
                    0
                  ]
                },
                "t": 0,
                "s": [
                  1,
                  40,
                  100
                ],
                "e": [
                  100,
                  40,
                  100
                ]
              },
              {
                "t": 9.00000036657752
              }
            ],
            "ix": 6
          }
        },
        "ao": 0,
        "shapes": [
          {
            "ty": "gr",
            "it": [
              {
                "ty": "rc",
                "d": 1,
                "s": {
                  "a": 0,
                  "k": [
                    236,
                    25
                  ],
                  "ix": 2
                },
                "p": {
                  "a": 0,
                  "k": [
                    0,
                    0
                  ],
                  "ix": 3
                },
                "r": {
                  "a": 0,
                  "k": 0,
                  "ix": 4
                },
                "nm": "Tracé rectangulaire 1",
                "mn": "ADBE Vector Shape - Rect",
                "hd": false
              },
              {
                "ty": "fl",
                "c": {
                  "a": 0,
                  "k": [
                    0.89411765,
                    0.09803922,
                    0.09803922,
                    1
                  ],
                  "ix": 4
                },
                "o": {
                  "a": 0,
                  "k": 100,
                  "ix": 5
                },
                "r": 1,
                "bm": 0,
                "nm": "Fond 1",
                "mn": "ADBE Vector Graphic - Fill",
                "hd": false
              },
              {
                "ty": "tr",
                "p": {
                  "a": 0,
                  "k": [
                    0.207,
                    -33.51
                  ],
                  "ix": 2
                },
                "a": {
                  "a": 0,
                  "k": [
                    0,
                    0
                  ],
                  "ix": 1
                },
                "s": {
                  "a": 0,
                  "k": [
                    100,
                    100
                  ],
                  "ix": 3
                },
                "r": {
                  "a": 0,
                  "k": 0,
                  "ix": 6
                },
                "o": {
                  "a": 0,
                  "k": 100,
                  "ix": 7
                },
                "sk": {
                  "a": 0,
                  "k": 0,
                  "ix": 4
                },
                "sa": {
                  "a": 0,
                  "k": 0,
                  "ix": 5
                },
                "nm": "Transformer "
              }
            ],
            "nm": "Rectangle 1",
            "np": 3,
            "cix": 2,
            "bm": 0,
            "ix": 1,
            "mn": "ADBE Vector Group",
            "hd": false
          }
        ],
        "ip": 0,
        "op": 150.000006109625,
        "st": 0,
        "bm": 0
      }
    ],
    "markers": []
  }