{
	"v": "5.12.1",
	"fr": 25,
	"ip": 0,
	"op": 126,
	"w": 1920,
	"h": 1080,
	"nm": "SlideLeftRight In/Out BG",
	"ddd": 0,
	"assets": [
		
	],
	"fonts": {
		"list": [
			{
				"origin": 0,
				"fPath": "",
				"fClass": "",
				"fFamily": "Poppins",
				"fWeight": "",
				"fStyle": "Bold",
				"fName": "Poppins-Bold",
				"ascent": 73.9990234375
			}
		]
	},
	"layers": [
		{
			"ddd": 0,
			"ind": 1,
			"ty": 3,
			"nm": "Out",
			"sr": 1,
			"ks": {
				"o": {
					"a": 0,
					"k": 0,
					"ix": 11
				},
				"r": {
					"a": 0,
					"k": 0,
					"ix": 10
				},
				"p": {
					"a": 0,
					"k": [
						1626.5,
						540,
						0
					],
					"ix": 2,
					"l": 2
				},
				"a": {
					"a": 0,
					"k": [
						0,
						0,
						0
					],
					"ix": 1,
					"l": 2
				},
				"s": {
					"a": 1,
					"k": [
						{
							"i": {
								"x": [
									0.667,
									0.667,
									0.667
								],
								"y": [
									1,
									1,
									1
								]
							},
							"o": {
								"x": [
									1,
									0.333,
									0.333
								],
								"y": [
									0,
									0,
									0
								]
							},
							"t": 105,
							"s": [
								100,
								100,
								100
							]
						},
						{
							"t": 125,
							"s": [
								0,
								100,
								100
							]
						}
					],
					"ix": 6,
					"l": 2
				}
			},
			"ao": 0,
			"ip": 0,
			"op": 126,
			"st": 0,
			"bm": 0
		},
		{
			"ddd": 0,
			"ind": 2,
			"ty": 5,
			"nm": "#text1",
			"ln": "text1",
			"tt": 1,
			"tp": 4,
			"sr": 1,
			"ks": {
				"o": {
					"a": 0,
					"k": 100,
					"ix": 11
				},
				"r": {
					"a": 0,
					"k": 0,
					"ix": 10
				},
				"p": {
					"s": true,
					"x": {
						"a": 1,
						"k": [
							{
								"i": {
									"x": [
										0.007
									],
									"y": [
										1
									]
								},
								"o": {
									"x": [
										0.333
									],
									"y": [
										0
									]
								},
								"t": 0,
								"s": [
									-300
								]
							},
							{
								"i": {
									"x": [
										0.667
									],
									"y": [
										1
									]
								},
								"o": {
									"x": [
										0.333
									],
									"y": [
										0
									]
								},
								"t": 25,
								"s": [
									960.6
								]
							},
							{
								"i": {
									"x": [
										0.667
									],
									"y": [
										1
									]
								},
								"o": {
									"x": [
										1
									],
									"y": [
										0
									]
								},
								"t": 100,
								"s": [
									960.6
								]
							},
							{
								"t": 125,
								"s": [
									2220
								]
							}
						],
						"ix": 3
					},
					"y": {
						"a": 0,
						"k": 540,
						"ix": 4
					}
				},
				"a": {
					"a": 0,
					"k": [
						-0.85,
						-38.15,
						0
					],
					"ix": 1,
					"l": 2
				},
				"s": {
					"a": 0,
					"k": [
						100,
						100,
						100
					],
					"ix": 6,
					"l": 2
				}
			},
			"ao": 0,
			"t": {
				"d": {
					"k": [
						{
							"s": {
								"s": 100,
								"f": "Poppins-Bold",
								"t": "Animation Slide in/out",
								"ca": 0,
								"j": 2,
								"tr": 0,
								"lh": 120.000007629395,
								"ls": 0,
								"fc": [
									1,
									1,
									1
								]
							},
							"t": 0
						}
					]
				},
				"p": {
					
				},
				"m": {
					"g": 1,
					"a": {
						"a": 0,
						"k": [
							0,
							0
						],
						"ix": 2
					}
				},
				"a": [
					{
						"nm": "Animator 1",
						"s": {
							"t": 0,
							"xe": {
								"a": 0,
								"k": 0,
								"ix": 7
							},
							"ne": {
								"a": 0,
								"k": 0,
								"ix": 8
							},
							"a": {
								"a": 0,
								"k": 100,
								"ix": 4
							},
							"b": 1,
							"rn": 0,
							"sh": 2,
							"sm": {
								"a": 0,
								"k": 100,
								"ix": 6
							},
							"o": {
								"a": 0,
								"k": 100,
								"ix": 3
							},
							"r": 1
						},
						"a": {
							"o": {
								"a": 0,
								"k": 0,
								"ix": 9
							}
						}
					}
				]
			},
			"ip": 0,
			"op": 126,
			"st": 0,
			"ct": 1,
			"bm": 0
		},
		{
			"ddd": 0,
			"ind": 3,
			"ty": 4,
			"nm": "#background",
			"ln": "background",
			"parent": 1,
			"sr": 1,
			"ks": {
				"o": {
					"a": 0,
					"k": 100,
					"ix": 11
				},
				"r": {
					"a": 0,
					"k": 0,
					"ix": 10
				},
				"p": {
					"a": 0,
					"k": [
						-1333,
						0,
						0
					],
					"ix": 2,
					"l": 2
				},
				"a": {
					"a": 0,
					"k": [
						-650.5,
						13,
						0
					],
					"ix": 1,
					"l": 2
				},
				"s": {
					"a": 1,
					"k": [
						{
							"i": {
								"x": [
									0,
									0.667,
									0.667
								],
								"y": [
									1,
									1,
									1
								]
							},
							"o": {
								"x": [
									0.333,
									0.333,
									0.333
								],
								"y": [
									0,
									0,
									0
								]
							},
							"t": 0,
							"s": [
								0,
								100,
								100
							]
						},
						{
							"t": 20,
							"s": [
								100,
								100,
								100
							]
						}
					],
					"ix": 6,
					"l": 2
				}
			},
			"ao": 0,
			"shapes": [
				{
					"ty": "gr",
					"it": [
						{
							"ty": "rc",
							"d": 1,
							"s": {
								"a": 0,
								"k": [
									1333,
									206.745
								],
								"ix": 2
							},
							"p": {
								"a": 0,
								"k": [
									0,
									0
								],
								"ix": 3
							},
							"r": {
								"a": 0,
								"k": 0,
								"ix": 4
							},
							"nm": "Rectangle Path 1",
							"mn": "ADBE Vector Shape - Rect",
							"hd": false
						},
						{
							"ty": "fl",
							"c": {
								"a": 0,
								"k": [
									0,
									0.435294117647,
									0.988235294118,
									1
								],
								"ix": 4
							},
							"o": {
								"a": 0,
								"k": 100,
								"ix": 5
							},
							"r": 1,
							"bm": 0,
							"nm": "Fill 1",
							"mn": "ADBE Vector Graphic - Fill",
							"hd": false
						},
						{
							"ty": "tr",
							"p": {
								"a": 0,
								"k": [
									16,
									13
								],
								"ix": 2
							},
							"a": {
								"a": 0,
								"k": [
									0,
									0
								],
								"ix": 1
							},
							"s": {
								"a": 0,
								"k": [
									100,
									100
								],
								"ix": 3
							},
							"r": {
								"a": 0,
								"k": 0,
								"ix": 6
							},
							"o": {
								"a": 0,
								"k": 100,
								"ix": 7
							},
							"sk": {
								"a": 0,
								"k": 0,
								"ix": 4
							},
							"sa": {
								"a": 0,
								"k": 0,
								"ix": 5
							},
							"nm": "Transform"
						}
					],
					"nm": "Rectangle 1",
					"np": 3,
					"cix": 2,
					"bm": 0,
					"ix": 1,
					"mn": "ADBE Vector Group",
					"hd": false
				}
			],
			"ip": 0,
			"op": 126,
			"st": 0,
			"ct": 1,
			"bm": 0
		},
		{
			"ddd": 0,
			"ind": 4,
			"ty": 4,
			"nm": "mask",
			"parent": 1,
			"td": 1,
			"sr": 1,
			"ks": {
				"o": {
					"a": 0,
					"k": 100,
					"ix": 11
				},
				"r": {
					"a": 0,
					"k": 0,
					"ix": 10
				},
				"p": {
					"a": 0,
					"k": [
						-1333,
						0,
						0
					],
					"ix": 2,
					"l": 2
				},
				"a": {
					"a": 0,
					"k": [
						-650.5,
						13,
						0
					],
					"ix": 1,
					"l": 2
				},
				"s": {
					"a": 1,
					"k": [
						{
							"i": {
								"x": [
									0,
									0.667,
									0.667
								],
								"y": [
									1,
									1,
									1
								]
							},
							"o": {
								"x": [
									0.333,
									0.333,
									0.333
								],
								"y": [
									0,
									0,
									0
								]
							},
							"t": 0,
							"s": [
								0,
								100,
								100
							]
						},
						{
							"t": 20,
							"s": [
								100,
								100,
								100
							]
						}
					],
					"ix": 6,
					"l": 2
				}
			},
			"ao": 0,
			"shapes": [
				{
					"ty": "gr",
					"it": [
						{
							"ty": "rc",
							"d": 1,
							"s": {
								"a": 0,
								"k": [
									1333,
									206.745
								],
								"ix": 2
							},
							"p": {
								"a": 0,
								"k": [
									0,
									0
								],
								"ix": 3
							},
							"r": {
								"a": 0,
								"k": 0,
								"ix": 4
							},
							"nm": "Rectangle Path 1",
							"mn": "ADBE Vector Shape - Rect",
							"hd": false
						},
						{
							"ty": "fl",
							"c": {
								"a": 0,
								"k": [
									0,
									0.435294117647,
									0.988235294118,
									1
								],
								"ix": 4
							},
							"o": {
								"a": 0,
								"k": 100,
								"ix": 5
							},
							"r": 1,
							"bm": 0,
							"nm": "Fill 1",
							"mn": "ADBE Vector Graphic - Fill",
							"hd": false
						},
						{
							"ty": "tr",
							"p": {
								"a": 0,
								"k": [
									16,
									13
								],
								"ix": 2
							},
							"a": {
								"a": 0,
								"k": [
									0,
									0
								],
								"ix": 1
							},
							"s": {
								"a": 0,
								"k": [
									100,
									100
								],
								"ix": 3
							},
							"r": {
								"a": 0,
								"k": 0,
								"ix": 6
							},
							"o": {
								"a": 0,
								"k": 100,
								"ix": 7
							},
							"sk": {
								"a": 0,
								"k": 0,
								"ix": 4
							},
							"sa": {
								"a": 0,
								"k": 0,
								"ix": 5
							},
							"nm": "Transform"
						}
					],
					"nm": "Rectangle 1",
					"np": 3,
					"cix": 2,
					"bm": 0,
					"ix": 1,
					"mn": "ADBE Vector Group",
					"hd": false
				}
			],
			"ip": 0,
			"op": 126,
			"st": 0,
			"ct": 1,
			"bm": 0
		}
	],
	"markers": [
		
	],
	"props": {
		
	}
}