{
	"v": "5.10.1",
	"fr": 25,
	"ip": 0,
	"op": 126,
	"w": 1920,
	"h": 1080,
	"nm": "Zoom In/Out BG",
	"ddd": 0,
	"assets": [
		
	],
	"fonts": {
		"list": [
			{
				"origin": 0,
				"fPath": "",
				"fClass": "",
				"fFamily": "Poppins",
				"fWeight": "",
				"fStyle": "Bold",
				"fName": "Poppins-Bold",
				"ascent": 74.0090234372765
			}
		]
	},
	"layers": [
		{
			"ddd": 0,
			"ind": 1,
			"ty": 5,
			"nm": "#text1",
			"ln": "text1",
			"sr": 1,
			"ks": {
				"o": {
					"a": 0,
					"k": 100,
					"ix": 11
				},
				"r": {
					"a": 0,
					"k": 0,
					"ix": 10
				},
				"p": {
					"a": 0,
					"k": [
						960,
						540,
						0
					],
					"ix": 2,
					"l": 2
				},
				"a": {
					"a": 0,
					"k": [
						-0.85,
						-38.15,
						0
					],
					"ix": 1,
					"l": 2
				},
				"s": {
					"a": 1,
					"k": [
						{
							"i": {
								"x": [
									0.667,
									0.667,
									0.667
								],
								"y": [
									1,
									1,
									1
								]
							},
							"o": {
								"x": [
									0.008,
									0.008,
									0.333
								],
								"y": [
									1.5,
									1.5,
									0
								]
							},
							"t": 0,
							"s": [
								0,
								0,
								100
							]
						},
						{
							"i": {
								"x": [
									0.667,
									0.667,
									0.667
								],
								"y": [
									1,
									1,
									1
								]
							},
							"o": {
								"x": [
									0.333,
									0.333,
									0.333
								],
								"y": [
									0,
									0,
									0
								]
							},
							"t": 32,
							"s": [
								100,
								100,
								100
							]
						},
						{
							"i": {
								"x": [
									0.993,
									0.993,
									0.667
								],
								"y": [
									-0.455,
									-0.455,
									1
								]
							},
							"o": {
								"x": [
									0.857,
									0.857,
									0.333
								],
								"y": [
									0,
									0,
									0
								]
							},
							"t": 89,
							"s": [
								100,
								100,
								100
							]
						},
						{
							"t": 125,
							"s": [
								0,
								0,
								100
							]
						}
					],
					"ix": 6,
					"l": 2
				}
			},
			"ao": 0,
			"ef": [
				{
					"ty": 5,
					"nm": "Point Control",
					"np": 3,
					"mn": "ADBE Point Control",
					"ix": 1,
					"en": 1,
					"ef": [
						{
							"ty": 3,
							"nm": "Point",
							"mn": "ADBE Point Control-0001",
							"ix": 1,
							"v": {
								"a": 0,
								"k": [
									960,
									540
								],
								"ix": 1,
								"x": "var $bm_rt;\nvar w, h;\nw = sourceRectAtTime().width;\nh = sourceRectAtTime().height;\n$bm_rt = [\n    w,\n    h\n];"
							}
						}
					]
				}
			],
			"t": {
				"d": {
					"k": [
						{
							"s": {
								"s": 100,
								"f": "Poppins-Bold",
								"t": "Animation Zoom in/out",
								"ca": 0,
								"j": 2,
								"tr": 0,
								"lh": 120.000007629395,
								"ls": 0,
								"fc": [
									1,
									1,
									1
								]
							},
							"t": 0
						}
					]
				},
				"p": {
					
				},
				"m": {
					"g": 1,
					"a": {
						"a": 0,
						"k": [
							0,
							0
						],
						"ix": 2
					}
				},
				"a": [
					
				]
			},
			"ip": 0,
			"op": 126,
			"st": 0,
			"ct": 1,
			"bm": 0
		},
		{
			"ddd": 0,
			"ind": 2,
			"ty": 4,
			"nm": "#background",
			"ln": "background",
			"sr": 1,
			"ks": {
				"o": {
					"a": 0,
					"k": 100,
					"ix": 11
				},
				"r": {
					"a": 0,
					"k": 0,
					"ix": 10
				},
				"p": {
					"a": 0,
					"k": [
						960,
						540.974,
						0
					],
					"ix": 2,
					"l": 2
				},
				"a": {
					"a": 0,
					"k": [
						24,
						11,
						0
					],
					"ix": 1,
					"l": 2
				},
				"s": {
					"a": 1,
					"k": [
						{
							"i": {
								"x": [
									0.667,
									0.667,
									0.667
								],
								"y": [
									1,
									1,
									1
								]
							},
							"o": {
								"x": [
									0.008,
									0.008,
									0.333
								],
								"y": [
									1.5,
									1.5,
									0
								]
							},
							"t": 0,
							"s": [
								0,
								0,
								100
							]
						},
						{
							"i": {
								"x": [
									0.667,
									0.667,
									0.667
								],
								"y": [
									1,
									1,
									1
								]
							},
							"o": {
								"x": [
									0.333,
									0.333,
									0.333
								],
								"y": [
									0,
									0,
									0
								]
							},
							"t": 32,
							"s": [
								100,
								100,
								100
							]
						},
						{
							"i": {
								"x": [
									0.993,
									0.993,
									0.667
								],
								"y": [
									-0.455,
									-0.455,
									1
								]
							},
							"o": {
								"x": [
									0.857,
									0.857,
									0.333
								],
								"y": [
									0,
									0,
									0
								]
							},
							"t": 89,
							"s": [
								100,
								100,
								100
							]
						},
						{
							"t": 125,
							"s": [
								0,
								0,
								100
							]
						}
					],
					"ix": 6,
					"l": 2
				}
			},
			"ao": 0,
			"shapes": [
				{
					"ty": "gr",
					"it": [
						{
							"ty": "rc",
							"d": 1,
							"s": {
								"a": 0,
								"k": [
									1333,
									206.745
								],
								"ix": 2
							},
							"p": {
								"a": 0,
								"k": [
									0,
									0
								],
								"ix": 3
							},
							"r": {
								"a": 0,
								"k": 0,
								"ix": 4
							},
							"nm": "Rectangle Path 1",
							"mn": "ADBE Vector Shape - Rect",
							"hd": false
						},
						{
							"ty": "fl",
							"c": {
								"a": 0,
								"k": [
									0,
									0.43529399797,
									0.988234994926,
									1
								],
								"ix": 4
							},
							"o": {
								"a": 0,
								"k": 100,
								"ix": 5
							},
							"r": 1,
							"bm": 0,
							"nm": "Fill 1",
							"mn": "ADBE Vector Graphic - Fill",
							"hd": false
						},
						{
							"ty": "tr",
							"p": {
								"a": 0,
								"k": [
									24,
									11
								],
								"ix": 2
							},
							"a": {
								"a": 0,
								"k": [
									0,
									0
								],
								"ix": 1
							},
							"s": {
								"a": 0,
								"k": [
									100,
									100
								],
								"ix": 3
							},
							"r": {
								"a": 0,
								"k": 0,
								"ix": 6
							},
							"o": {
								"a": 0,
								"k": 100,
								"ix": 7
							},
							"sk": {
								"a": 0,
								"k": 0,
								"ix": 4
							},
							"sa": {
								"a": 0,
								"k": 0,
								"ix": 5
							},
							"nm": "Transform"
						}
					],
					"nm": "Rectangle 1",
					"np": 3,
					"cix": 2,
					"bm": 0,
					"ix": 1,
					"mn": "ADBE Vector Group",
					"hd": false
				}
			],
			"ip": 0,
			"op": 126,
			"st": 0,
			"ct": 1,
			"bm": 0
		}
	],
	"markers": [
		
	]
}