{
    "v": "5.4.4",
    "fr": 29.9700012207031,
    "ip": 0,
    "op": 59.9400024414062,
    "w": 1920,
    "h": 1080,
    "nm": "ALGIERS-FORD",
    "ddd": 0,
    "assets": [],
    "fonts": {
      "list": [
        {
          "origin": 0,
          "fPath": "",
          "fClass": "",
          "fFamily": "Ubuntu",
          "fWeight": "",
          "fStyle": "Bold Italic",
          "fName": "Ubuntu-BoldItalic",
          "ascent": 77.5985717773438
        },
        {
          "fName": "Lato-Regular",
          "fFamily": "Lato",
          "fStyle": "Regular",
          "ascent": 74
        }
      ]
    },
    "layers": [
      {
        "ddd": 0,
        "ind": 1,
        "ty": 5,
        "nm": "textTop-gradientText-textBoldItalic-0",
        "sr": 1,
        "ks": {
          "o": {
            "a": 0,
            "k": 100,
            "ix": 11
          },
          "r": {
            "a": 0,
            "k": 0,
            "ix": 10
          },
          "p": {
            "a": 1,
            "k": [
              {
                "i": {
                  "x": 0,
                  "y": 1
                },
                "o": {
                  "x": 0,
                  "y": 0
                },
                "t": 0,
                "s": [
                  -1179.875,
                  482,
                  0
                ],
                "e": [
                  960,
                  482,
                  0
                ],
                "to": [
                  356.667,
                  0,
                  0
                ],
                "ti": [
                  -356.667,
                  0,
                  0
                ]
              },
              {
                "t": 10.0000004073083
              }
            ],
            "ix": 2
          },
          "a": {
            "a": 0,
            "k": [
              0,
              0,
              0
            ],
            "ix": 1
          },
          "s": {
            "a": 0,
            "k": [
              100,
              100,
              100
            ],
            "ix": 6
          }
        },
        "ao": 0,
        "t": {
          "d": {
            "k": [
              {
                "s": {
                  "s": 140,
                  "f": "Lato-Regular",
                  "t": "Première partie",
                  "j": 2,
                  "tr": 0,
                  "lh": 168,
                  "ls": 0,
                  "fc": [
                    1,
                    1,
                    1
                  ]
                },
                "t": 0
              }
            ]
          },
          "p": {},
          "m": {
            "g": 1,
            "a": {
              "a": 0,
              "k": [
                0,
                0
              ],
              "ix": 2
            }
          },
          "a": []
        },
        "ip": 0,
        "op": 60.0000024438501,
        "st": 0,
        "bm": 0
      },
      {
        "ddd": 0,
        "ind": 2,
        "ty": 5,
        "nm": "textBottom-gradientText-textBoldItalic-1",
        "sr": 1,
        "ks": {
          "o": {
            "a": 0,
            "k": 100,
            "ix": 11
          },
          "r": {
            "a": 0,
            "k": 0,
            "ix": 10
          },
          "p": {
            "a": 1,
            "k": [
              {
                "i": {
                  "x": 0,
                  "y": 1
                },
                "o": {
                  "x": 0,
                  "y": 0
                },
                "t": 6,
                "s": [
                  -1179.885,
                  707,
                  0
                ],
                "e": [
                  960,
                  707,
                  0
                ],
                "to": [
                  356.667,
                  0,
                  0
                ],
                "ti": [
                  -356.667,
                  0,
                  0
                ]
              },
              {
                "t": 16.0000006516934
              }
            ],
            "ix": 2
          },
          "a": {
            "a": 0,
            "k": [
              0,
              0,
              0
            ],
            "ix": 1
          },
          "s": {
            "a": 0,
            "k": [
              100,
              100,
              100
            ],
            "ix": 6
          }
        },
        "ao": 0,
        "t": {
          "d": {
            "k": [
              {
                "s": {
                  "s": 140,
                  "f": "Lato-Regular",
                  "t": "Deuxième partie",
                  "j": 2,
                  "tr": 0,
                  "lh": 168,
                  "ls": 0,
                  "fc": [
                    1,
                    1,
                    1
                  ]
                },
                "t": 0
              }
            ]
          },
          "p": {},
          "m": {
            "g": 1,
            "a": {
              "a": 0,
              "k": [
                0,
                0
              ],
              "ix": 2
            }
          },
          "a": []
        },
        "ip": 0,
        "op": 60.0000024438501,
        "st": 0,
        "bm": 0
      },
      {
        "ddd": 0,
        "ind": 3,
        "ty": 4,
        "nm": "textContainerGradient-gradientLeft_gradientRight",
        "sr": 1,
        "ks": {
          "o": {
            "a": 0,
            "k": 100,
            "ix": 11
          },
          "r": {
            "a": 0,
            "k": 0,
            "ix": 10
          },
          "p": {
            "a": 0,
            "k": [
              960,
              540,
              0
            ],
            "ix": 2
          },
          "a": {
            "a": 0,
            "k": [
              -0.498,
              -2.42,
              0
            ],
            "ix": 1
          },
          "s": {
            "a": 0,
            "k": [
              100,
              100,
              100
            ],
            "ix": 6
          }
        },
        "ao": 0,
        "shapes": [
          {
            "ty": "gr",
            "it": [
              {
                "ty": "rc",
                "d": 1,
                "s": {
                  "a": 0,
                  "k": [
                    1925.004,
                    1081.16
                  ],
                  "ix": 2
                },
                "p": {
                  "a": 0,
                  "k": [
                    0,
                    0
                  ],
                  "ix": 3
                },
                "r": {
                  "a": 0,
                  "k": 0,
                  "ix": 4
                },
                "nm": "Tracé rectangulaire 1",
                "mn": "ADBE Vector Shape - Rect",
                "hd": false
              },
              {
                "ty": "gf",
                "o": {
                  "a": 0,
                  "k": 100,
                  "ix": 10
                },
                "r": 1,
                "bm": 0,
                "g": {
                  "p": 2,
                  "k": {
                    "a": 0,
                    "k": [
                      0,
                      0.89411765,
                      0.09803922,
                      0.09803922,
                      1,
                      0.89411765,
                      0.09803922,
                      0.09803922
                    ],
                    "ix": 9
                  }
                },
                "s": {
                  "a": 0,
                  "k": [
                    -956.367,
                    -531.645
                  ],
                  "ix": 5
                },
                "e": {
                  "a": 0,
                  "k": [
                    965.488,
                    544.383
                  ],
                  "ix": 6
                },
                "t": 1,
                "nm": "Fond en dégradé 1",
                "mn": "ADBE Vector Graphic - G-Fill",
                "hd": false
              },
              {
                "ty": "tr",
                "p": {
                  "a": 0,
                  "k": [
                    -0.498,
                    -2.42
                  ],
                  "ix": 2
                },
                "a": {
                  "a": 0,
                  "k": [
                    0,
                    0
                  ],
                  "ix": 1
                },
                "s": {
                  "a": 0,
                  "k": [
                    100,
                    100
                  ],
                  "ix": 3
                },
                "r": {
                  "a": 0,
                  "k": 0,
                  "ix": 6
                },
                "o": {
                  "a": 0,
                  "k": 100,
                  "ix": 7
                },
                "sk": {
                  "a": 0,
                  "k": 0,
                  "ix": 4
                },
                "sa": {
                  "a": 0,
                  "k": 0,
                  "ix": 5
                },
                "nm": "Transformer "
              }
            ],
            "nm": "Rectangle 1",
            "np": 3,
            "cix": 2,
            "bm": 0,
            "ix": 1,
            "mn": "ADBE Vector Group",
            "hd": false
          }
        ],
        "ip": 0,
        "op": 60.0000024438501,
        "st": 0,
        "bm": 0
      }
    ],
    "markers": []
  }
