{
    "v": "5.4.4",
    "fr": 29.9700012207031,
    "ip": 0,
    "op": 59.9400024414062,
    "w": 1920,
    "h": 1080,
    "nm": "ALGIERS-PEUGEOT",
    "ddd": 0,
    "assets": [],
    "fonts": {
      "list": [
        {
          "origin": 0,
          "fPath": "",
          "fClass": "",
          "fFamily": "Ubuntu",
          "fWeight": "",
          "fStyle": "Bold Italic",
          "fName": "Ubuntu-BoldItalic",
          "ascent": 77.5985717773438
        },
        {
          "fName": "Lato-Regular",
          "fFamily": "Lato",
          "fStyle": "Regular",
          "ascent": 74
        }
      ]
    },
    "layers": [
      {
        "ddd": 0,
        "ind": 1,
        "ty": 5,
        "nm": "textTop-slideSplitTopText-textBoldItalic-0",
        "sr": 1,
        "ks": {
          "o": {
            "a": 0,
            "k": 100,
            "ix": 11
          },
          "r": {
            "a": 0,
            "k": 0,
            "ix": 10
          },
          "p": {
            "a": 1,
            "k": [
              {
                "i": {
                  "x": 0,
                  "y": 1
                },
                "o": {
                  "x": 0,
                  "y": 0
                },
                "t": 0,
                "s": [
                  -1470,
                  347.5,
                  0
                ],
                "e": [
                  960,
                  347.5,
                  0
                ],
                "to": [
                  405,
                  0,
                  0
                ],
                "ti": [
                  -405,
                  0,
                  0
                ]
              },
              {
                "t": 10.0000004073083
              }
            ],
            "ix": 2
          },
          "a": {
            "a": 0,
            "k": [
              0,
              0,
              0
            ],
            "ix": 1
          },
          "s": {
            "a": 0,
            "k": [
              100,
              100,
              100
            ],
            "ix": 6
          }
        },
        "ao": 0,
        "t": {
          "d": {
            "k": [
              {
                "s": {
                  "s": 200,
                  "f": "Lato-Regular",
                  "t": "Option A",
                  "j": 2,
                  "tr": 0,
                  "lh": 240,
                  "ls": 0,
                  "fc": [
                    1,
                    1,
                    1
                  ]
                },
                "t": 0
              }
            ]
          },
          "p": {},
          "m": {
            "g": 1,
            "a": {
              "a": 0,
              "k": [
                0,
                0
              ],
              "ix": 2
            }
          },
          "a": []
        },
        "ip": 0,
        "op": 60.0000024438501,
        "st": 0,
        "bm": 0
      },
      {
        "ddd": 0,
        "ind": 2,
        "ty": 5,
        "nm": "textBottom-slideSplitBottomText-textBoldItalic-1",
        "sr": 1,
        "ks": {
          "o": {
            "a": 0,
            "k": 100,
            "ix": 11
          },
          "r": {
            "a": 0,
            "k": 0,
            "ix": 10
          },
          "p": {
            "a": 1,
            "k": [
              {
                "i": {
                  "x": 0,
                  "y": 1
                },
                "o": {
                  "x": 0.03,
                  "y": 0
                },
                "t": 7,
                "s": [
                  -933.033,
                  887.5,
                  0
                ],
                "e": [
                  960,
                  887.5,
                  0
                ],
                "to": [
                  315.505,
                  0,
                  0
                ],
                "ti": [
                  -315.505,
                  0,
                  0
                ]
              },
              {
                "t": 17.0000006924242
              }
            ],
            "ix": 2
          },
          "a": {
            "a": 0,
            "k": [
              0,
              0,
              0
            ],
            "ix": 1
          },
          "s": {
            "a": 0,
            "k": [
              100,
              100,
              100
            ],
            "ix": 6
          }
        },
        "ao": 0,
        "t": {
          "d": {
            "k": [
              {
                "s": {
                  "s": 200,
                  "f": "Lato-Regular",
                  "t": "Option B",
                  "j": 2,
                  "tr": 0,
                  "lh": 240,
                  "ls": 0,
                  "fc": [
                    1,
                    1,
                    1
                  ]
                },
                "t": 0
              }
            ]
          },
          "p": {},
          "m": {
            "g": 1,
            "a": {
              "a": 0,
              "k": [
                0,
                0
              ],
              "ix": 2
            }
          },
          "a": []
        },
        "ip": 0,
        "op": 60.0000024438501,
        "st": 0,
        "bm": 0
      },
      {
        "ddd": 0,
        "ind": 3,
        "ty": 1,
        "nm": "textTopContainer-slideSplitTopBackground",
        "sr": 1,
        "ks": {
          "o": {
            "a": 0,
            "k": 100,
            "ix": 11
          },
          "r": {
            "a": 0,
            "k": 0,
            "ix": 10
          },
          "p": {
            "a": 0,
            "k": [
              960,
              270,
              0
            ],
            "ix": 2
          },
          "a": {
            "a": 0,
            "k": [
              960,
              270,
              0
            ],
            "ix": 1
          },
          "s": {
            "a": 0,
            "k": [
              100,
              100,
              100
            ],
            "ix": 6
          }
        },
        "ao": 0,
        "sw": 1920,
        "sh": 540,
        "sc": "#2E30DC",
        "ip": 0,
        "op": 60.0000024438501,
        "st": 0,
        "bm": 0
      },
      {
        "ddd": 0,
        "ind": 4,
        "ty": 1,
        "nm": "textBottomContainer-slideSplitBottomBackground",
        "sr": 1,
        "ks": {
          "o": {
            "a": 0,
            "k": 100,
            "ix": 11
          },
          "r": {
            "a": 0,
            "k": 0,
            "ix": 10
          },
          "p": {
            "a": 0,
            "k": [
              960,
              810,
              0
            ],
            "ix": 2
          },
          "a": {
            "a": 0,
            "k": [
              960,
              270,
              0
            ],
            "ix": 1
          },
          "s": {
            "a": 0,
            "k": [
              100,
              100,
              100
            ],
            "ix": 6
          }
        },
        "ao": 0,
        "sw": 1920,
        "sh": 540,
        "sc": "#E41919",
        "ip": 0,
        "op": 60.0000024438501,
        "st": 0,
        "bm": 0
      }
    ],
    "markers": []
  }
