{
  "layerRules": [
    {
      "ind": 1,
      "layerName": "text-gradientText-textBoldItalic-0",
      "fontKey": "textBoldItalic",
      "textInd": [0],
      "maxLines": 1,
      "maxWidth": 1632,
      "colorKey": "gradientText"
    },
    {
      "ind": 2,
      "gradientColorKey": ["gradientLeft", "gradientRight"]
    }
  ],
  "variables": [
    {
      "key": "$var0",
      "transformNodes" : [
          {
              "ind": 1,
              "layerType": 5,
              "transformKeyframeIndexes": [0],
              "transformType": "position_start_y",
              "description": "title y position"
          },
          {
              "ind": 1,
              "layerType": 5,
              "transformKeyframeIndexes": [0],
              "transformType": "position_end_y",              
              "description": "title y position"
          }
      ],
      "value": "540-getTextMeasureHeight(1)/2+getAscent(1)",
      "type": "number"
    }
  ]
}
