{
  "layerRules": [
    {
      "ind": 1,
      "layerName": "titleTop-titleText-title-0",
      "fontKey": "title",
      "textInd": [0],
      "maxLines": 1,
      "maxWidth": 1632,
      "colorKey": "titleText"
    },
    {
      "ind": 2,
      "layerName": "titleBottom-titleText-title-1",
      "fontKey": "title",
      "textInd": [1],
      "maxLines": 1,
      "maxWidth": 1632,
      "colorKey": "titleText"
    },
    {
      "ind": 3,
      "layerName": "textTop-subtitleTopText-textBold-2",
      "fontKey": "textBold",
      "textInd": [2],
      "maxLines": 1,
      "maxWidth": 1440,
      "colorKey": "subtitleTopText"
    },
    {
      "ind": 4,
      "colorKey": "subtitleTopBackground",
      "opacityKey": "subtitleOpacity"
    },
    {
      "ind": 5,
      "layerName": "textBottom-subtitleBottomText-text-3",
      "fontKey": "text",
      "textInd": [3],
      "maxLines": 1,
      "maxWidth": 1440,
      "colorKey": "subtitleBottomText"
    },
    {
      "ind": 6,
      "colorKey": "subtitleBottomBackground",
      "opacityKey": "subtitleOpacity"
    },
    {
      "ind": 7,
      "colorKey": "titleBackground",
      "opacityKey": "titleBackgroundOpacity"
    }
  ],
  "variables": [
    {
      "key": "",
      "value": "harmonizeFontSize(1,2)",
      "type": "unit",
      "description": "harmonize titleTop and titleBottom fontSize"
    },
    {
      "key": "$var0",
      "transformNodes" : [
          {
              "ind": 4,
              "layerType": 4,
              "transformShapeIndex": 0,
              "transformShapeItIndex": 0,
              "transformType": "frame_it_width",
              "description": "textTopContainer width"
          },
          {
              "ind": 6,
              "layerType": 4,
              "transformShapeIndex": 0,
              "transformShapeItIndex": 0,
              "transformType": "frame_it_width",
              "description": "textBottomContainer width"
          }
      ],
      "value": "max(getTextLayerWidth(3),getTextLayerWidth(5))+200",
      "type": "number"
    },
    {
      "key": "$var3",
      "transformNodes" : [
          {
              "ind": 5,
              "layerType": 5,
              "transformKeyframeIndexes": [0, 1, 2],
              "transformType": "position_start_y",
              "description": "textBottom y position"
          },
          {
              "ind": 5,
              "layerType": 5,
              "transformKeyframeIndexes": [0, 1, 2],
              "transformType": "position_end_y",
              "description": "textBottom y position"
          }
      ],
      "value": "min(getBottomOfSafeArea()+getAscent(5)-getTextMeasureHeight(5)+getLastLineDescent(5)-100,925+getAscent(5)-getTextMeasureHeight(5)+getLastLineDescent(5))",
      "type": "number"
    },
    {
      "key": "$var4",
      "transformNodes" : [
          {
              "ind": 6,
              "layerType": 4,
              "transformKeyframeIndexes": [0, 1, 2],
              "transformType": "position_start_y",
              "description": "textBottomContainer y position"
          },
          {
              "ind": 6,
              "layerType": 4,
              "transformKeyframeIndexes": [0, 1, 2],
              "transformType": "position_end_y",
              "description": "textBottomContainer y position"
          }
      ],
      "value": "getResultForKey(\"$var3\")-getAscent(5)+getTextMeasureHeight(5)/2",
      "type": "number"
    },
    {
      "key": "$var5",
      "transformNodes" : [
          {
              "ind": 3,
              "layerType": 5,
              "transformKeyframeIndexes": [0, 1, 2],
              "transformType": "position_start_y",
              "description": "textTop y position"
          },
          {
              "ind": 3,
              "layerType": 5,
              "transformKeyframeIndexes": [0, 1, 2],
              "transformType": "position_end_y",
              "description": "textTop y position"
          },
          {
              "ind": 4,
              "layerType": 4,
              "transformKeyframeIndexes": [0],
              "transformType": "position_start_y",
              "description": "textTopContainer y position"
          }
      ],
      "value": "getResultForKey(\"$var4\")-getShapeHeight(6)/2-getShapeHeight(4)/2-getTextMeasureHeight(3)/2+getAscent(3)",
      "type": "number"
    },
    {
      "key": "$var6",
      "transformNodes" : [
          {
              "ind": 4,
              "layerType": 4,
              "transformKeyframeIndexes": [0],
              "transformType": "position_end_y",
              "description": "textTopContainer y position"
          },
          {
              "ind": 4,
              "layerType": 4,
              "transformKeyframeIndexes": [1, 2],
              "transformType": "position_start_y",
              "description": "textTop y position"
          },
          {
              "ind": 4,
              "layerType": 4,
              "transformKeyframeIndexes": [1, 2],
              "transformType": "position_end_y",
              "description": "textTop y position"
          }
      ],
      "value": "getResultForKey(\"$var5\")-getAscent(3)+getTextMeasureHeight(3)/2",
      "type": "number",
      "description": "textTopContainer y position"
    },
    {
      "key": "$var7",
      "transformNodes" : [
          {
              "ind": 1,
              "layerType": 5,
              "transformKeyframeIndexes": [0, 1],
              "transformType": "position_end_y",
              "description": "titleTop y position"
          },
          {
              "ind": 1,
              "layerType": 5,
              "transformKeyframeIndexes": [0, 1],
              "transformType": "position_start_y",
              "description": "titleTop y position"
          },
          {
              "ind": 1,
              "layerType": 5,
              "transformKeyframeIndexes": [2],
              "transformType": "position_start_y",
              "description": "titleTop y position"
          }
      ],
      "value": "540-getTextMeasureHeight(1)+getAscent(1)-getTextFontSize(1)*0.2",
      "type": "number"
    },
    {
      "key": "$var8",
      "transformNodes" : [
          {
              "ind": 2,
              "layerType": 5,
              "transformKeyframeIndexes": [0, 1],
              "transformType": "position_end_y",
              "description": "titleBottom y position"
          },
          {
              "ind": 2,
              "layerType": 5,
              "transformKeyframeIndexes": [0, 1],
              "transformType": "position_start_y",
              "description": "titleBottom y position"
          },
          {
              "ind": 2,
              "layerType": 5,
              "transformKeyframeIndexes": [2],
              "transformType": "position_start_y",              
              "description": "titleBottom y position"
          }
      ],
      "value": "540+getAscent(2)+getTextFontSize(2)*0.2",
      "type": "number"
    }
  ]
}
