{
  "layerRules": [
    {
      "ind": 1,
      "layerName": "textTop-slideSplitTopText-textBoldItalic-0",
      "fontKey": "textBoldItalic",
      "textInd": [0],
      "maxLines": 1,
      "maxWidth": 1632,
      "colorKey": "slideSplitTopText"
    },
    {
      "ind": 2,
      "layerName": "textBottom-slideSplitBottomText-textBoldItalic-1",
      "fontKey": "textBoldItalic",
      "textInd": [1],
      "maxLines": 1,
      "maxWidth": 1632,
      "colorKey": "slideSplitBottomText"
    },
    {
      "ind": 3,
      "colorKey": "slideSplitTopBackground"
    },
    {
      "ind": 4,
      "colorKey": "slideSplitBottomBackground"
    }
  ],
  "variables": [
    {
      "key": "",
      "value": "harmonizeFontSize(1,2)",
      "type": "unit",
      "description": "harmonize titleTop and titleBottom fontSize"
    },
    {
      "key": "$var0",
      "transformNodes" : [
          {
              "ind": 1,
              "layerType": 5,
              "transformKeyframeIndexes": [0],
              "transformType": "position_start_y",
              "description": "titleTop y position"
          },
          {
              "ind": 1,
              "layerType": 5,
              "transformKeyframeIndexes": [0],
              "transformType": "position_end_y",
              "description": "titleTop y position"
          }
      ],
      "value": "1080/4-getTextMeasureHeight(1)/2+getAscent(1)",
      "type": "number"
    },
    {
      "key": "$var1",
      "transformNodes" : [
          {
              "ind": 2,
              "layerType": 5,
              "transformKeyframeIndexes": [0],
              "transformType": "position_start_y",
              "description": "titleBottom y position"
          },
          {
              "ind": 2,
              "layerType": 5,
              "transformKeyframeIndexes": [0],
              "transformType": "position_end_y",              
              "description": "titleBottom y position"
          }
      ],
      "value": "1080*3/4-getTextMeasureHeight(2)/2+getAscent(2)",
      "type": "number"
    }
  ]
}
