{
    "v": "5.4.4",
    "fr": 29.9700012207031,
    "ip": 0,
    "op": 149.8500061035155,
    "w": 1920,
    "h": 1080,
    "nm": "BALI-PLANE",
    "ddd": 0,
    "assets": [],
    "fonts": {
        "list": [
            {
                "origin": 0,
                "fPath": "",
                "fClass": "",
                "fFamily": "Roboto",
                "fWeight": "",
                "fStyle": "Regular",
                "fName": "Roboto-Regular",
                "ascent": 75
            },
            {
                "origin": 0,
                "fPath": "",
                "fClass": "",
                "fFamily": "Roboto",
                "fWeight": "",
                "fStyle": "Black",
                "fName": "Roboto-Black",
                "ascent": 75
            },
            {
                "fName": "Lato-Bold",
                "fFamily": "Lato",
                "fStyle": "Bold",
                "ascent": 74
            },
            {
                "fName": "Lato-Regular",
                "fFamily": "Lato",
                "fStyle": "Regular",
                "ascent": 74
            }
        ]
    },
    "layers": [
        {
            "ddd": 0,
            "ind": 1,
            "ty": 5,
            "nm": "titleTop-titleText-title-0",
            "sr": 1,
            "ks": {
                "o": {
                    "a": 1,
                    "k": [
                        {
                            "i": {
                                "x": [
                                    0.833
                                ],
                                "y": [
                                    0.833
                                ]
                            },
                            "o": {
                                "x": [
                                    0.167
                                ],
                                "y": [
                                    0.167
                                ]
                            },
                            "t": 50,
                            "s": [
                                100
                            ],
                            "e": [
                                0
                            ]
                        },
                        {
                            "t": 55.0000022401959
                        }
                    ],
                    "ix": 11
                },
                "r": {
                    "a": 0,
                    "k": 0,
                    "ix": 10
                },
                "p": {
                    "a": 0,
                    "k": [
                        960,
                        436,
                        0
                    ],
                    "ix": 2
                },
                "a": {
                    "a": 0,
                    "k": [
                        0,
                        0,
                        0
                    ],
                    "ix": 1
                },
                "s": {
                    "a": 1,
                    "k": [
                        {
                            "i": {
                                "x": [
                                    0.833,
                                    0.833,
                                    0.833
                                ],
                                "y": [
                                    0.833,
                                    0.833,
                                    0.833
                                ]
                            },
                            "o": {
                                "x": [
                                    0.167,
                                    0.167,
                                    0.167
                                ],
                                "y": [
                                    0.167,
                                    0.167,
                                    0.167
                                ]
                            },
                            "t": 0,
                            "s": [
                                0,
                                0,
                                100
                            ],
                            "e": [
                                100,
                                100,
                                100
                            ]
                        },
                        {
                            "i": {
                                "x": [
                                    0.833,
                                    0.833,
                                    0.833
                                ],
                                "y": [
                                    0.833,
                                    0.833,
                                    0.833
                                ]
                            },
                            "o": {
                                "x": [
                                    0.167,
                                    0.167,
                                    0.167
                                ],
                                "y": [
                                    0.167,
                                    0.167,
                                    0.167
                                ]
                            },
                            "t": 6,
                            "s": [
                                100,
                                100,
                                100
                            ],
                            "e": [
                                100,
                                100,
                                100
                            ]
                        },
                        {
                            "i": {
                                "x": [
                                    0.833,
                                    0.833,
                                    0.833
                                ],
                                "y": [
                                    0.833,
                                    0.833,
                                    0.833
                                ]
                            },
                            "o": {
                                "x": [
                                    0.167,
                                    0.167,
                                    0.167
                                ],
                                "y": [
                                    0.167,
                                    0.167,
                                    0.167
                                ]
                            },
                            "t": 50,
                            "s": [
                                100,
                                100,
                                100
                            ],
                            "e": [
                                0,
                                0,
                                100
                            ]
                        },
                        {
                            "t": 55.0000022401959
                        }
                    ],
                    "ix": 6
                }
            },
            "ao": 0,
            "t": {
                "d": {
                    "k": [
                        {
                            "s": {
                                "s": 250,
                                "f": "Lato-Bold",
                                "t": "Titre en haut",
                                "j": 2,
                                "tr": 0,
                                "lh": 300,
                                "ls": 0,
                                "fc": [
                                    1,
                                    1,
                                    1
                                ]
                            },
                            "t": 0
                        }
                    ]
                },
                "p": {},
                "m": {
                    "g": 1,
                    "a": {
                        "a": 0,
                        "k": [
                            0,
                            0
                        ],
                        "ix": 2
                    }
                },
                "a": []
            },
            "ip": 0,
            "op": 180.00000733155,
            "st": 0,
            "bm": 0
        },
        {
            "ddd": 0,
            "ind": 2,
            "ty": 5,
            "nm": "titleBottom-titleText-title-1",
            "sr": 1,
            "ks": {
                "o": {
                    "a": 1,
                    "k": [
                        {
                            "i": {
                                "x": [
                                    0.833
                                ],
                                "y": [
                                    0.833
                                ]
                            },
                            "o": {
                                "x": [
                                    0.167
                                ],
                                "y": [
                                    0.167
                                ]
                            },
                            "t": 55,
                            "s": [
                                100
                            ],
                            "e": [
                                0
                            ]
                        },
                        {
                            "t": 60.0000024438501
                        }
                    ],
                    "ix": 11
                },
                "r": {
                    "a": 0,
                    "k": 0,
                    "ix": 10
                },
                "p": {
                    "a": 0,
                    "k": [
                        960,
                        837,
                        0
                    ],
                    "ix": 2
                },
                "a": {
                    "a": 0,
                    "k": [
                        0,
                        0,
                        0
                    ],
                    "ix": 1
                },
                "s": {
                    "a": 1,
                    "k": [
                        {
                            "i": {
                                "x": [
                                    0.833,
                                    0.833,
                                    0.833
                                ],
                                "y": [
                                    0.833,
                                    0.833,
                                    0.833
                                ]
                            },
                            "o": {
                                "x": [
                                    0.167,
                                    0.167,
                                    0.167
                                ],
                                "y": [
                                    0.167,
                                    0.167,
                                    0.167
                                ]
                            },
                            "t": 4,
                            "s": [
                                0,
                                0,
                                100
                            ],
                            "e": [
                                100,
                                100,
                                100
                            ]
                        },
                        {
                            "i": {
                                "x": [
                                    0.833,
                                    0.833,
                                    0.833
                                ],
                                "y": [
                                    0.833,
                                    0.833,
                                    0.833
                                ]
                            },
                            "o": {
                                "x": [
                                    0.167,
                                    0.167,
                                    0.167
                                ],
                                "y": [
                                    0.167,
                                    0.167,
                                    0.167
                                ]
                            },
                            "t": 10,
                            "s": [
                                100,
                                100,
                                100
                            ],
                            "e": [
                                100,
                                100,
                                100
                            ]
                        },
                        {
                            "i": {
                                "x": [
                                    0.833,
                                    0.833,
                                    0.833
                                ],
                                "y": [
                                    0.833,
                                    0.833,
                                    0.833
                                ]
                            },
                            "o": {
                                "x": [
                                    0.167,
                                    0.167,
                                    0.167
                                ],
                                "y": [
                                    0.167,
                                    0.167,
                                    0.167
                                ]
                            },
                            "t": 55,
                            "s": [
                                100,
                                100,
                                100
                            ],
                            "e": [
                                0,
                                0,
                                100
                            ]
                        },
                        {
                            "t": 60.0000024438501
                        }
                    ],
                    "ix": 6
                }
            },
            "ao": 0,
            "t": {
                "d": {
                    "k": [
                        {
                            "s": {
                                "s": 250,
                                "f": "Lato-Bold",
                                "t": "Titre en bas",
                                "j": 2,
                                "tr": 0,
                                "lh": 300,
                                "ls": 0,
                                "fc": [
                                    1,
                                    1,
                                    1
                                ]
                            },
                            "t": 0
                        }
                    ]
                },
                "p": {},
                "m": {
                    "g": 1,
                    "a": {
                        "a": 0,
                        "k": [
                            0,
                            0
                        ],
                        "ix": 2
                    }
                },
                "a": []
            },
            "ip": 0,
            "op": 180.00000733155,
            "st": 0,
            "bm": 0
        },
        {
            "ddd": 0,
            "ind": 3,
            "ty": 4,
            "nm": "lineRight-shape",
            "sr": 1,
            "ks": {
                "o": {
                    "a": 0,
                    "k": 100,
                    "ix": 11
                },
                "r": {
                    "a": 0,
                    "k": 0,
                    "ix": 10
                },
                "p": {
                    "a": 0,
                    "k": [
                        1338.5,
                        693,
                        0
                    ],
                    "ix": 2
                },
                "a": {
                    "a": 0,
                    "k": [
                        0,
                        0,
                        0
                    ],
                    "ix": 1
                },
                "s": {
                    "a": 1,
                    "k": [
                        {
                            "i": {
                                "x": [
                                    0.833,
                                    0.833,
                                    0.833
                                ],
                                "y": [
                                    0.833,
                                    0.833,
                                    0.833
                                ]
                            },
                            "o": {
                                "x": [
                                    0.167,
                                    0.167,
                                    0.167
                                ],
                                "y": [
                                    0.167,
                                    0.167,
                                    0.167
                                ]
                            },
                            "t": 68,
                            "s": [
                                100,
                                0,
                                100
                            ],
                            "e": [
                                100,
                                100,
                                100
                            ]
                        },
                        {
                            "i": {
                                "x": [
                                    0.833,
                                    0.833,
                                    0.833
                                ],
                                "y": [
                                    0.833,
                                    0.833,
                                    0.833
                                ]
                            },
                            "o": {
                                "x": [
                                    0.167,
                                    0.167,
                                    0.167
                                ],
                                "y": [
                                    0.167,
                                    0.167,
                                    0.167
                                ]
                            },
                            "t": 76,
                            "s": [
                                100,
                                100,
                                100
                            ],
                            "e": [
                                100,
                                100,
                                100
                            ]
                        },
                        {
                            "i": {
                                "x": [
                                    0.833,
                                    0.833,
                                    0.833
                                ],
                                "y": [
                                    0.833,
                                    0.833,
                                    0.833
                                ]
                            },
                            "o": {
                                "x": [
                                    0.167,
                                    0.167,
                                    0.167
                                ],
                                "y": [
                                    0.167,
                                    0.167,
                                    0.167
                                ]
                            },
                            "t": 165,
                            "s": [
                                100,
                                100,
                                100
                            ],
                            "e": [
                                100,
                                0,
                                100
                            ]
                        },
                        {
                            "t": 169.000006883511
                        }
                    ],
                    "ix": 6
                }
            },
            "ao": 0,
            "shapes": [
                {
                    "ty": "gr",
                    "it": [
                        {
                            "ind": 0,
                            "ty": "sh",
                            "ix": 1,
                            "ks": {
                                "a": 0,
                                "k": {
                                    "i": [
                                        [
                                            0,
                                            0
                                        ],
                                        [
                                            0,
                                            0
                                        ]
                                    ],
                                    "o": [
                                        [
                                            0,
                                            0
                                        ],
                                        [
                                            0,
                                            0
                                        ]
                                    ],
                                    "v": [
                                        [
                                            0,
                                            0
                                        ],
                                        [
                                            0,
                                            354
                                        ]
                                    ],
                                    "c": false
                                },
                                "ix": 2
                            },
                            "nm": "Tracé 1",
                            "mn": "ADBE Vector Shape - Group",
                            "hd": false
                        },
                        {
                            "ty": "st",
                            "c": {
                                "a": 0,
                                "k": [
                                    0.18039216,
                                    0.1882353,
                                    0.8627451,
                                    1
                                ],
                                "ix": 3
                            },
                            "o": {
                                "a": 0,
                                "k": 100,
                                "ix": 4
                            },
                            "w": {
                                "a": 0,
                                "k": 10,
                                "ix": 5
                            },
                            "lc": 1,
                            "lj": 1,
                            "ml": 4,
                            "bm": 0,
                            "nm": "Contour 1",
                            "mn": "ADBE Vector Graphic - Stroke",
                            "hd": false
                        },
                        {
                            "ty": "tr",
                            "p": {
                                "a": 0,
                                "k": [
                                    0,
                                    0
                                ],
                                "ix": 2
                            },
                            "a": {
                                "a": 0,
                                "k": [
                                    0,
                                    0
                                ],
                                "ix": 1
                            },
                            "s": {
                                "a": 0,
                                "k": [
                                    100,
                                    100
                                ],
                                "ix": 3
                            },
                            "r": {
                                "a": 0,
                                "k": 0,
                                "ix": 6
                            },
                            "o": {
                                "a": 0,
                                "k": 100,
                                "ix": 7
                            },
                            "sk": {
                                "a": 0,
                                "k": 0,
                                "ix": 4
                            },
                            "sa": {
                                "a": 0,
                                "k": 0,
                                "ix": 5
                            },
                            "nm": "Transformer "
                        }
                    ],
                    "nm": "Forme 1",
                    "np": 3,
                    "cix": 2,
                    "bm": 0,
                    "ix": 1,
                    "mn": "ADBE Vector Group",
                    "hd": false
                }
            ],
            "ip": 0,
            "op": 180.00000733155,
            "st": 0,
            "bm": 0
        },
        {
            "ddd": 0,
            "ind": 4,
            "ty": 4,
            "nm": "lineLeft-shape",
            "sr": 1,
            "ks": {
                "o": {
                    "a": 0,
                    "k": 100,
                    "ix": 11
                },
                "r": {
                    "a": 0,
                    "k": 0,
                    "ix": 10
                },
                "p": {
                    "a": 0,
                    "k": [
                        581.5,
                        1047,
                        0
                    ],
                    "ix": 2
                },
                "a": {
                    "a": 0,
                    "k": [
                        0,
                        0,
                        0
                    ],
                    "ix": 1
                },
                "s": {
                    "a": 1,
                    "k": [
                        {
                            "i": {
                                "x": [
                                    0.833,
                                    0.833,
                                    0.833
                                ],
                                "y": [
                                    0.833,
                                    0.833,
                                    0.833
                                ]
                            },
                            "o": {
                                "x": [
                                    0.167,
                                    0.167,
                                    0.167
                                ],
                                "y": [
                                    0.167,
                                    0.167,
                                    0.167
                                ]
                            },
                            "t": 68,
                            "s": [
                                100,
                                0,
                                100
                            ],
                            "e": [
                                100,
                                100,
                                100
                            ]
                        },
                        {
                            "i": {
                                "x": [
                                    0.833,
                                    0.833,
                                    0.833
                                ],
                                "y": [
                                    0.833,
                                    0.833,
                                    0.833
                                ]
                            },
                            "o": {
                                "x": [
                                    0.167,
                                    0.167,
                                    0.167
                                ],
                                "y": [
                                    0.167,
                                    0.167,
                                    0.167
                                ]
                            },
                            "t": 76,
                            "s": [
                                100,
                                100,
                                100
                            ],
                            "e": [
                                100,
                                100,
                                100
                            ]
                        },
                        {
                            "i": {
                                "x": [
                                    0.833,
                                    0.833,
                                    0.833
                                ],
                                "y": [
                                    0.833,
                                    0.833,
                                    0.833
                                ]
                            },
                            "o": {
                                "x": [
                                    0.167,
                                    0.167,
                                    0.167
                                ],
                                "y": [
                                    0.167,
                                    0.167,
                                    0.167
                                ]
                            },
                            "t": 165,
                            "s": [
                                100,
                                100,
                                100
                            ],
                            "e": [
                                100,
                                0,
                                100
                            ]
                        },
                        {
                            "t": 169.000006883511
                        }
                    ],
                    "ix": 6
                }
            },
            "ao": 0,
            "shapes": [
                {
                    "ty": "gr",
                    "it": [
                        {
                            "ind": 0,
                            "ty": "sh",
                            "ix": 1,
                            "ks": {
                                "a": 0,
                                "k": {
                                    "i": [
                                        [
                                            0,
                                            0
                                        ],
                                        [
                                            0,
                                            0
                                        ]
                                    ],
                                    "o": [
                                        [
                                            0,
                                            0
                                        ],
                                        [
                                            0,
                                            0
                                        ]
                                    ],
                                    "v": [
                                        [
                                            0,
                                            0
                                        ],
                                        [
                                            0,
                                            -354
                                        ]
                                    ],
                                    "c": false
                                },
                                "ix": 2
                            },
                            "nm": "Tracé 1",
                            "mn": "ADBE Vector Shape - Group",
                            "hd": false
                        },
                        {
                            "ty": "st",
                            "c": {
                                "a": 0,
                                "k": [
                                    0.18039216,
                                    0.1882353,
                                    0.8627451,
                                    1
                                ],
                                "ix": 3
                            },
                            "o": {
                                "a": 0,
                                "k": 100,
                                "ix": 4
                            },
                            "w": {
                                "a": 0,
                                "k": 10,
                                "ix": 5
                            },
                            "lc": 1,
                            "lj": 1,
                            "ml": 4,
                            "bm": 0,
                            "nm": "Contour 1",
                            "mn": "ADBE Vector Graphic - Stroke",
                            "hd": false
                        },
                        {
                            "ty": "tr",
                            "p": {
                                "a": 0,
                                "k": [
                                    0,
                                    0
                                ],
                                "ix": 2
                            },
                            "a": {
                                "a": 0,
                                "k": [
                                    0,
                                    0
                                ],
                                "ix": 1
                            },
                            "s": {
                                "a": 0,
                                "k": [
                                    100,
                                    100
                                ],
                                "ix": 3
                            },
                            "r": {
                                "a": 0,
                                "k": 0,
                                "ix": 6
                            },
                            "o": {
                                "a": 0,
                                "k": 100,
                                "ix": 7
                            },
                            "sk": {
                                "a": 0,
                                "k": 0,
                                "ix": 4
                            },
                            "sa": {
                                "a": 0,
                                "k": 0,
                                "ix": 5
                            },
                            "nm": "Transformer "
                        }
                    ],
                    "nm": "Forme 1",
                    "np": 3,
                    "cix": 2,
                    "bm": 0,
                    "ix": 1,
                    "mn": "ADBE Vector Group",
                    "hd": false
                }
            ],
            "ip": 0,
            "op": 180.00000733155,
            "st": 0,
            "bm": 0
        },
        {
            "ddd": 0,
            "ind": 5,
            "ty": 4,
            "nm": "lineTop-shape",
            "sr": 1,
            "ks": {
                "o": {
                    "a": 0,
                    "k": 100,
                    "ix": 11
                },
                "r": {
                    "a": 0,
                    "k": 0,
                    "ix": 10
                },
                "p": {
                    "a": 0,
                    "k": [
                        581.5,
                        698,
                        0
                    ],
                    "ix": 2
                },
                "a": {
                    "a": 0,
                    "k": [
                        0,
                        0,
                        0
                    ],
                    "ix": 1
                },
                "s": {
                    "a": 1,
                    "k": [
                        {
                            "i": {
                                "x": [
                                    0.833,
                                    0.833,
                                    0.833
                                ],
                                "y": [
                                    0.833,
                                    0.833,
                                    0.833
                                ]
                            },
                            "o": {
                                "x": [
                                    0.167,
                                    0.167,
                                    0.167
                                ],
                                "y": [
                                    0.167,
                                    0.167,
                                    0.167
                                ]
                            },
                            "t": 68,
                            "s": [
                                0,
                                100,
                                100
                            ],
                            "e": [
                                100,
                                100,
                                100
                            ]
                        },
                        {
                            "i": {
                                "x": [
                                    0.833,
                                    0.833,
                                    0.833
                                ],
                                "y": [
                                    0.833,
                                    0.833,
                                    0.833
                                ]
                            },
                            "o": {
                                "x": [
                                    0.167,
                                    0.167,
                                    0.167
                                ],
                                "y": [
                                    0.167,
                                    0.167,
                                    0.167
                                ]
                            },
                            "t": 76,
                            "s": [
                                100,
                                100,
                                100
                            ],
                            "e": [
                                100,
                                100,
                                100
                            ]
                        },
                        {
                            "i": {
                                "x": [
                                    0.833,
                                    0.833,
                                    0.833
                                ],
                                "y": [
                                    0.833,
                                    0.833,
                                    0.833
                                ]
                            },
                            "o": {
                                "x": [
                                    0.167,
                                    0.167,
                                    0.167
                                ],
                                "y": [
                                    0.167,
                                    0.167,
                                    0.167
                                ]
                            },
                            "t": 165,
                            "s": [
                                100,
                                100,
                                100
                            ],
                            "e": [
                                0,
                                100,
                                100
                            ]
                        },
                        {
                            "t": 169.000006883511
                        }
                    ],
                    "ix": 6
                }
            },
            "ao": 0,
            "shapes": [
                {
                    "ty": "gr",
                    "it": [
                        {
                            "ind": 0,
                            "ty": "sh",
                            "ix": 1,
                            "ks": {
                                "a": 0,
                                "k": {
                                    "i": [
                                        [
                                            0,
                                            0
                                        ],
                                        [
                                            0,
                                            0
                                        ]
                                    ],
                                    "o": [
                                        [
                                            0,
                                            0
                                        ],
                                        [
                                            0,
                                            0
                                        ]
                                    ],
                                    "v": [
                                        [
                                            0,
                                            0
                                        ],
                                        [
                                            757,
                                            0
                                        ]
                                    ],
                                    "c": false
                                },
                                "ix": 2
                            },
                            "nm": "Tracé 1",
                            "mn": "ADBE Vector Shape - Group",
                            "hd": false
                        },
                        {
                            "ty": "st",
                            "c": {
                                "a": 0,
                                "k": [
                                    0.18039216,
                                    0.1882353,
                                    0.8627451,
                                    1
                                ],
                                "ix": 3
                            },
                            "o": {
                                "a": 0,
                                "k": 100,
                                "ix": 4
                            },
                            "w": {
                                "a": 0,
                                "k": 10,
                                "ix": 5
                            },
                            "lc": 1,
                            "lj": 1,
                            "ml": 4,
                            "bm": 0,
                            "nm": "Contour 1",
                            "mn": "ADBE Vector Graphic - Stroke",
                            "hd": false
                        },
                        {
                            "ty": "tr",
                            "p": {
                                "a": 0,
                                "k": [
                                    0,
                                    0
                                ],
                                "ix": 2
                            },
                            "a": {
                                "a": 0,
                                "k": [
                                    0,
                                    0
                                ],
                                "ix": 1
                            },
                            "s": {
                                "a": 0,
                                "k": [
                                    100,
                                    100
                                ],
                                "ix": 3
                            },
                            "r": {
                                "a": 0,
                                "k": 0,
                                "ix": 6
                            },
                            "o": {
                                "a": 0,
                                "k": 100,
                                "ix": 7
                            },
                            "sk": {
                                "a": 0,
                                "k": 0,
                                "ix": 4
                            },
                            "sa": {
                                "a": 0,
                                "k": 0,
                                "ix": 5
                            },
                            "nm": "Transformer "
                        }
                    ],
                    "nm": "Forme 1",
                    "np": 3,
                    "cix": 2,
                    "bm": 0,
                    "ix": 1,
                    "mn": "ADBE Vector Group",
                    "hd": false
                }
            ],
            "ip": 0,
            "op": 180.00000733155,
            "st": 0,
            "bm": 0
        },
        {
            "ddd": 0,
            "ind": 6,
            "ty": 4,
            "nm": "lineBottom-shape",
            "sr": 1,
            "ks": {
                "o": {
                    "a": 0,
                    "k": 100,
                    "ix": 11
                },
                "r": {
                    "a": 0,
                    "k": 0,
                    "ix": 10
                },
                "p": {
                    "a": 0,
                    "k": [
                        1338.5,
                        1042,
                        0
                    ],
                    "ix": 2
                },
                "a": {
                    "a": 0,
                    "k": [
                        0,
                        0,
                        0
                    ],
                    "ix": 1
                },
                "s": {
                    "a": 1,
                    "k": [
                        {
                            "i": {
                                "x": [
                                    0.833,
                                    0.833,
                                    0.833
                                ],
                                "y": [
                                    0.833,
                                    0.833,
                                    0.833
                                ]
                            },
                            "o": {
                                "x": [
                                    0.167,
                                    0.167,
                                    0.167
                                ],
                                "y": [
                                    0.167,
                                    0.167,
                                    0.167
                                ]
                            },
                            "t": 68,
                            "s": [
                                0,
                                100,
                                100
                            ],
                            "e": [
                                100,
                                100,
                                100
                            ]
                        },
                        {
                            "i": {
                                "x": [
                                    0.833,
                                    0.833,
                                    0.833
                                ],
                                "y": [
                                    0.833,
                                    0.833,
                                    0.833
                                ]
                            },
                            "o": {
                                "x": [
                                    0.167,
                                    0.167,
                                    0.167
                                ],
                                "y": [
                                    0.167,
                                    0.167,
                                    0.167
                                ]
                            },
                            "t": 76,
                            "s": [
                                100,
                                100,
                                100
                            ],
                            "e": [
                                100,
                                100,
                                100
                            ]
                        },
                        {
                            "i": {
                                "x": [
                                    0.833,
                                    0.833,
                                    0.833
                                ],
                                "y": [
                                    0.833,
                                    0.833,
                                    0.833
                                ]
                            },
                            "o": {
                                "x": [
                                    0.167,
                                    0.167,
                                    0.167
                                ],
                                "y": [
                                    0.167,
                                    0.167,
                                    0.167
                                ]
                            },
                            "t": 165,
                            "s": [
                                100,
                                100,
                                100
                            ],
                            "e": [
                                0,
                                100,
                                100
                            ]
                        },
                        {
                            "t": 169.000006883511
                        }
                    ],
                    "ix": 6
                }
            },
            "ao": 0,
            "shapes": [
                {
                    "ty": "gr",
                    "it": [
                        {
                            "ind": 0,
                            "ty": "sh",
                            "ix": 1,
                            "ks": {
                                "a": 0,
                                "k": {
                                    "i": [
                                        [
                                            0,
                                            0
                                        ],
                                        [
                                            0,
                                            0
                                        ]
                                    ],
                                    "o": [
                                        [
                                            0,
                                            0
                                        ],
                                        [
                                            0,
                                            0
                                        ]
                                    ],
                                    "v": [
                                        [
                                            0,
                                            0
                                        ],
                                        [
                                            -757,
                                            0
                                        ]
                                    ],
                                    "c": false
                                },
                                "ix": 2
                            },
                            "nm": "Tracé 1",
                            "mn": "ADBE Vector Shape - Group",
                            "hd": false
                        },
                        {
                            "ty": "st",
                            "c": {
                                "a": 0,
                                "k": [
                                    0.18039216,
                                    0.1882353,
                                    0.8627451,
                                    1
                                ],
                                "ix": 3
                            },
                            "o": {
                                "a": 0,
                                "k": 100,
                                "ix": 4
                            },
                            "w": {
                                "a": 0,
                                "k": 10,
                                "ix": 5
                            },
                            "lc": 1,
                            "lj": 1,
                            "ml": 4,
                            "bm": 0,
                            "nm": "Contour 1",
                            "mn": "ADBE Vector Graphic - Stroke",
                            "hd": false
                        },
                        {
                            "ty": "tr",
                            "p": {
                                "a": 0,
                                "k": [
                                    0,
                                    0
                                ],
                                "ix": 2
                            },
                            "a": {
                                "a": 0,
                                "k": [
                                    0,
                                    0
                                ],
                                "ix": 1
                            },
                            "s": {
                                "a": 0,
                                "k": [
                                    100.195,
                                    101.375
                                ],
                                "ix": 3
                            },
                            "r": {
                                "a": 0,
                                "k": 0,
                                "ix": 6
                            },
                            "o": {
                                "a": 0,
                                "k": 100,
                                "ix": 7
                            },
                            "sk": {
                                "a": 0,
                                "k": 0,
                                "ix": 4
                            },
                            "sa": {
                                "a": 0,
                                "k": 0,
                                "ix": 5
                            },
                            "nm": "Transformer "
                        }
                    ],
                    "nm": "Forme 1",
                    "np": 3,
                    "cix": 2,
                    "bm": 0,
                    "ix": 1,
                    "mn": "ADBE Vector Group",
                    "hd": false
                }
            ],
            "ip": 0,
            "op": 180.00000733155,
            "st": 0,
            "bm": 0
        },
        {
            "ddd": 0,
            "ind": 7,
            "ty": 5,
            "nm": "textTop-text-textBold-2",
            "sr": 1,
            "ks": {
                "o": {
                    "a": 1,
                    "k": [
                        {
                            "i": {
                                "x": [
                                    0.833
                                ],
                                "y": [
                                    0.833
                                ]
                            },
                            "o": {
                                "x": [
                                    0.167
                                ],
                                "y": [
                                    0.167
                                ]
                            },
                            "t": 64,
                            "s": [
                                0
                            ],
                            "e": [
                                100
                            ]
                        },
                        {
                            "i": {
                                "x": [
                                    0.833
                                ],
                                "y": [
                                    0.833
                                ]
                            },
                            "o": {
                                "x": [
                                    0.167
                                ],
                                "y": [
                                    0.167
                                ]
                            },
                            "t": 68,
                            "s": [
                                100
                            ],
                            "e": [
                                100
                            ]
                        },
                        {
                            "i": {
                                "x": [
                                    0.833
                                ],
                                "y": [
                                    0.833
                                ]
                            },
                            "o": {
                                "x": [
                                    0.167
                                ],
                                "y": [
                                    0.167
                                ]
                            },
                            "t": 169,
                            "s": [
                                100
                            ],
                            "e": [
                                0
                            ]
                        },
                        {
                            "t": 172.000007005704
                        }
                    ],
                    "ix": 11
                },
                "r": {
                    "a": 0,
                    "k": 0,
                    "ix": 10
                },
                "p": {
                    "a": 0,
                    "k": [
                        960,
                        830,
                        0
                    ],
                    "ix": 2
                },
                "a": {
                    "a": 0,
                    "k": [
                        0,
                        0,
                        0
                    ],
                    "ix": 1
                },
                "s": {
                    "a": 0,
                    "k": [
                        100,
                        100,
                        100
                    ],
                    "ix": 6
                }
            },
            "ao": 0,
            "t": {
                "d": {
                    "k": [
                        {
                            "s": {
                                "s": 90,
                                "f": "Lato-Regular",
                                "t": "Sous-titre en haut",
                                "j": 2,
                                "tr": 0,
                                "lh": 108,
                                "ls": 0,
                                "fc": [
                                    1,
                                    1,
                                    1
                                ]
                            },
                            "t": 0
                        }
                    ]
                },
                "p": {},
                "m": {
                    "g": 1,
                    "a": {
                        "a": 0,
                        "k": [
                            0,
                            0
                        ],
                        "ix": 2
                    }
                },
                "a": []
            },
            "ip": 0,
            "op": 180.00000733155,
            "st": 0,
            "bm": 0
        },
        {
            "ddd": 0,
            "ind": 8,
            "ty": 5,
            "nm": "textBottom-text-text-3",
            "sr": 1,
            "ks": {
                "o": {
                    "a": 1,
                    "k": [
                        {
                            "i": {
                                "x": [
                                    0.833
                                ],
                                "y": [
                                    0.833
                                ]
                            },
                            "o": {
                                "x": [
                                    0.167
                                ],
                                "y": [
                                    0.167
                                ]
                            },
                            "t": 64,
                            "s": [
                                0
                            ],
                            "e": [
                                100
                            ]
                        },
                        {
                            "i": {
                                "x": [
                                    0.833
                                ],
                                "y": [
                                    0.833
                                ]
                            },
                            "o": {
                                "x": [
                                    0.167
                                ],
                                "y": [
                                    0.167
                                ]
                            },
                            "t": 68,
                            "s": [
                                100
                            ],
                            "e": [
                                100
                            ]
                        },
                        {
                            "i": {
                                "x": [
                                    0.833
                                ],
                                "y": [
                                    0.833
                                ]
                            },
                            "o": {
                                "x": [
                                    0.167
                                ],
                                "y": [
                                    0.167
                                ]
                            },
                            "t": 169,
                            "s": [
                                100
                            ],
                            "e": [
                                0
                            ]
                        },
                        {
                            "t": 172.000007005704
                        }
                    ],
                    "ix": 11
                },
                "r": {
                    "a": 0,
                    "k": 0,
                    "ix": 10
                },
                "p": {
                    "a": 0,
                    "k": [
                        960,
                        960,
                        0
                    ],
                    "ix": 2
                },
                "a": {
                    "a": 0,
                    "k": [
                        0,
                        0,
                        0
                    ],
                    "ix": 1
                },
                "s": {
                    "a": 0,
                    "k": [
                        100,
                        100,
                        100
                    ],
                    "ix": 6
                }
            },
            "ao": 0,
            "t": {
                "d": {
                    "k": [
                        {
                            "s": {
                                "s": 70,
                                "f": "Lato-Regular",
                                "t": "Sous-titre en bas",
                                "j": 2,
                                "tr": 0,
                                "lh": 84,
                                "ls": 0,
                                "fc": [
                                    1,
                                    1,
                                    1
                                ]
                            },
                            "t": 0
                        }
                    ]
                },
                "p": {},
                "m": {
                    "g": 1,
                    "a": {
                        "a": 0,
                        "k": [
                            0,
                            0
                        ],
                        "ix": 2
                    }
                },
                "a": []
            },
            "ip": 0,
            "op": 180.00000733155,
            "st": 0,
            "bm": 0
        },
        {
            "ddd": 0,
            "ind": 9,
            "ty": 4,
            "nm": "subTitleContainer-background",
            "sr": 1,
            "ks": {
                "o": {
                    "a": 0,
                    "k": 50,
                    "ix": 11
                },
                "r": {
                    "a": 0,
                    "k": 0,
                    "ix": 10
                },
                "p": {
                    "a": 0,
                    "k": [
                        960,
                        870,
                        0
                    ],
                    "ix": 2
                },
                "a": {
                    "a": 0,
                    "k": [
                        0,
                        0,
                        0
                    ],
                    "ix": 1
                },
                "s": {
                    "a": 1,
                    "k": [
                        {
                            "i": {
                                "x": [
                                    0.833,
                                    0.833,
                                    0.833
                                ],
                                "y": [
                                    0.833,
                                    0.833,
                                    0.833
                                ]
                            },
                            "o": {
                                "x": [
                                    0.167,
                                    0.167,
                                    0.167
                                ],
                                "y": [
                                    0.167,
                                    0.167,
                                    0.167
                                ]
                            },
                            "t": 60,
                            "s": [
                                0,
                                0,
                                100
                            ],
                            "e": [
                                100,
                                100,
                                100
                            ]
                        },
                        {
                            "i": {
                                "x": [
                                    0.833,
                                    0.833,
                                    0.833
                                ],
                                "y": [
                                    0.833,
                                    0.833,
                                    0.833
                                ]
                            },
                            "o": {
                                "x": [
                                    0.167,
                                    0.167,
                                    0.167
                                ],
                                "y": [
                                    0.167,
                                    0.167,
                                    0.167
                                ]
                            },
                            "t": 64,
                            "s": [
                                100,
                                100,
                                100
                            ],
                            "e": [
                                100,
                                100,
                                100
                            ]
                        },
                        {
                            "i": {
                                "x": [
                                    0.833,
                                    0.833,
                                    0.833
                                ],
                                "y": [
                                    0.833,
                                    0.833,
                                    0.833
                                ]
                            },
                            "o": {
                                "x": [
                                    0.167,
                                    0.167,
                                    0.167
                                ],
                                "y": [
                                    0.167,
                                    0.167,
                                    0.167
                                ]
                            },
                            "t": 172,
                            "s": [
                                100,
                                100,
                                100
                            ],
                            "e": [
                                0,
                                0,
                                100
                            ]
                        },
                        {
                            "t": 178.000007250089
                        }
                    ],
                    "ix": 6
                }
            },
            "ao": 0,
            "shapes": [
                {
                    "ty": "gr",
                    "it": [
                        {
                            "ind": 0,
                            "ty": "sh",
                            "ix": 1,
                            "ks": {
                                "a": 0,
                                "k": {
                                    "i": [
                                        [
                                            0,
                                            0
                                        ],
                                        [
                                            0,
                                            0
                                        ]
                                    ],
                                    "o": [
                                        [
                                            0,
                                            0
                                        ],
                                        [
                                            0,
                                            0
                                        ]
                                    ],
                                    "v": [
                                        [
                                            -333.57,
                                            227.091
                                        ],
                                        [
                                            330.716,
                                            227.091
                                        ]
                                    ],
                                    "c": false
                                },
                                "ix": 2
                            },
                            "nm": "Tracé 1",
                            "mn": "ADBE Vector Shape - Group",
                            "hd": false
                        },
                        {
                            "ty": "fl",
                            "c": {
                                "a": 0,
                                "k": [
                                    0.89411765,
                                    0.09803922,
                                    0.09803922,
                                    1
                                ],
                                "ix": 4
                            },
                            "o": {
                                "a": 0,
                                "k": 100,
                                "ix": 5
                            },
                            "r": 1,
                            "bm": 0,
                            "nm": "Fond 1",
                            "mn": "ADBE Vector Graphic - Fill",
                            "hd": false
                        },
                        {
                            "ty": "tr",
                            "p": {
                                "a": 0,
                                "k": [
                                    0,
                                    0
                                ],
                                "ix": 2
                            },
                            "a": {
                                "a": 0,
                                "k": [
                                    0,
                                    0
                                ],
                                "ix": 1
                            },
                            "s": {
                                "a": 0,
                                "k": [
                                    100,
                                    100
                                ],
                                "ix": 3
                            },
                            "r": {
                                "a": 0,
                                "k": 0,
                                "ix": 6
                            },
                            "o": {
                                "a": 0,
                                "k": 100,
                                "ix": 7
                            },
                            "sk": {
                                "a": 0,
                                "k": 0,
                                "ix": 4
                            },
                            "sa": {
                                "a": 0,
                                "k": 0,
                                "ix": 5
                            },
                            "nm": "Transformer "
                        }
                    ],
                    "nm": "Forme 1",
                    "np": 3,
                    "cix": 2,
                    "bm": 0,
                    "ix": 1,
                    "mn": "ADBE Vector Group",
                    "hd": false
                },
                {
                    "ty": "gr",
                    "it": [
                        {
                            "ty": "rc",
                            "d": 1,
                            "s": {
                                "a": 0,
                                "k": [
                                    747,
                                    334
                                ],
                                "ix": 2
                            },
                            "p": {
                                "a": 0,
                                "k": [
                                    0,
                                    0
                                ],
                                "ix": 3
                            },
                            "r": {
                                "a": 0,
                                "k": 0,
                                "ix": 4
                            },
                            "nm": "Tracé rectangulaire 1",
                            "mn": "ADBE Vector Shape - Rect",
                            "hd": false
                        },
                        {
                            "ty": "fl",
                            "c": {
                                "a": 0,
                                "k": [
                                    0.89411765,
                                    0.09803922,
                                    0.09803922,
                                    1
                                ],
                                "ix": 4
                            },
                            "o": {
                                "a": 0,
                                "k": 100,
                                "ix": 5
                            },
                            "r": 1,
                            "bm": 0,
                            "nm": "Fond 1",
                            "mn": "ADBE Vector Graphic - Fill",
                            "hd": false
                        },
                        {
                            "ty": "tr",
                            "p": {
                                "a": 0,
                                "k": [
                                    0,
                                    0
                                ],
                                "ix": 2
                            },
                            "a": {
                                "a": 0,
                                "k": [
                                    0,
                                    0
                                ],
                                "ix": 1
                            },
                            "s": {
                                "a": 0,
                                "k": [
                                    100,
                                    100
                                ],
                                "ix": 3
                            },
                            "r": {
                                "a": 0,
                                "k": 0,
                                "ix": 6
                            },
                            "o": {
                                "a": 0,
                                "k": 100,
                                "ix": 7
                            },
                            "sk": {
                                "a": 0,
                                "k": 0,
                                "ix": 4
                            },
                            "sa": {
                                "a": 0,
                                "k": 0,
                                "ix": 5
                            },
                            "nm": "Transformer "
                        }
                    ],
                    "nm": "Rectangle 1",
                    "np": 3,
                    "cix": 2,
                    "bm": 0,
                    "ix": 2,
                    "mn": "ADBE Vector Group",
                    "hd": false
                }
            ],
            "ip": 0,
            "op": 180.00000733155,
            "st": 0,
            "bm": 0
        },
        {
            "ddd": 0,
            "ind": 10,
            "ty": 1,
            "nm": "container-titleBackground",
            "sr": 1,
            "ks": {
                "o": {
                    "a": 0,
                    "k": 70,
                    "ix": 11
                },
                "r": {
                    "a": 0,
                    "k": 0,
                    "ix": 10
                },
                "p": {
                    "a": 0,
                    "k": [
                        960,
                        540,
                        0
                    ],
                    "ix": 2
                },
                "a": {
                    "a": 0,
                    "k": [
                        960,
                        540,
                        0
                    ],
                    "ix": 1
                },
                "s": {
                    "a": 0,
                    "k": [
                        100,
                        100,
                        100
                    ],
                    "ix": 6
                }
            },
            "ao": 0,
            "sw": 1920,
            "sh": 1080,
            "sc": "#000000",
            "ip": 0,
            "op": 180.00000733155,
            "st": 0,
            "bm": 0
        }
    ],
    "markers": []
}
