{
  "layerRules": [
    {
      "ind": 1,
      "layerName": "text-text-textBold-0",
      "fontKey": "textBold",
      "textInd": [0,1],
      "maxLines": 1,
      "maxWidth": 1632,
      "colorKey": "text"
    },
    {
      "ind": 2,
      "colorKey": "shape"
    },
    {
      "ind": 3,
      "colorKey": "background"
    }
  ],
  "variables": [
    {
      "key": "$var0",
      "transformNodes": [
          {
              "ind": 1,
              "layerType": 5,
              "transformType": "position_y",              
              "description": "title y position"
          }
      ],
      "value": "540-getTextMeasureHeight(1)/2+getAscent(1)",
      "type": "number"
    }
  ]
}
