{
  "layerRules": [
    {
      "ind": 1,
      "layerName": "textTop-text-textBold-0",
      "fontKey": "textBold",
      "textInd": [0],
      "maxLines": 1,
      "maxWidth": 1632,
      "colorKey": "text"
    },
    {
      "ind": 2,
      "layerName": "textBottom-text-textBold-1",
      "fontKey": "textBold",
      "textInd": [1],
      "maxLines": 1,
      "maxWidth": 1632,
      "colorKey": "text"
    },
    {
      "ind": 3,
      "colorKey": "shape"
    },
    {
      "ind": 4,
      "colorKey": "background"
    }
  ],
  "variables": [
    {
      "key": "",
      "value": "harmonizeFontSize(1,2)",
      "type": "unit",
      "description": "harmonize titleTop and titleBottom fontSize"
    },
    {
      "key": "$var0",
      "transformNodes" : [
          {
              "ind": 1,
              "layerType": 5,
              "transformType": "position_y",
              "description": "titleTop y position"
          }
      ],
      "value": "1080/4-getTextMeasureHeight(1)/2+getAscent(1)",
      "type": "number"
    },
    {
      "key": "$var1",
      "transformNodes" : [
          {
              "ind": 2,
              "layerType": 5,
              "transformType": "position_y",              
              "description": "titleBottom y position"
          }
      ],
      "value": "1080*3/4-getTextMeasureHeight(2)/2+getAscent(2)",
      "type": "number"
    }
  ]
}
