{
    "layerRules": [
        {
            "ind": 1,
            "layerName": "titleTop-titleText-title-0",
            "fontKey": "title",
            "textInd": [0],
            "maxLines": 1,
            "maxWidth": 1632,
            "colorKey": "titleText"
        },
        {
            "ind": 2,
            "layerName": "titleBottom-titleText-title-1",
            "fontKey": "title",
            "textInd": [1],
            "maxLines": 1,
            "maxWidth": 1632,
            "colorKey": "titleText"
        },
        {
            "ind": 3,
            "colorKey": "shape"
        },
        {
            "ind": 4,
            "colorKey": "shape"
        },
        {
            "ind": 5,
            "colorKey": "shape"
        },
        {
            "ind": 6,
            "colorKey": "shape"
        },
        {
            "ind": 7,
            "layerName": "textTop-text-textBold-2",
            "fontKey": "textBold",
            "textInd": [2],
            "maxLines": 1,
            "maxWidth": 1440,
            "colorKey": "text"
        },
        {
            "ind": 8,
            "layerName": "textBottom-text-text-3",
            "fontKey": "text",
            "textInd": [3],
            "maxLines": 1,
            "maxWidth": 1440,
            "colorKey": "text"
        },
        {
            "ind": 9,
            "colorKey": "background",
            "opacityKey": "backgroundOpacity"
        },
        {
            "ind": 10,
            "colorKey": "titleBackground",
            "opacityKey": "titleBackgroundOpacity"
        }
    ],
    "variables": [
        {
            "key": "$var0",
            "transformNodes" : [
                {
                    "ind": 8,
                    "layerType": 5,
                    "transformType": "position_y",
                    "description": "textBottom y position"
                }
            ],
            "value": "min(getBottomOfSafeArea()+getAscent(8)-getTextMeasureHeight(8)+getLastLineDescent(8)-120,975+getAscent(8)-getTextMeasureHeight(8)+getLastLineDescent(8))",
            "type": "number"
        },
        {
            "key": "$var1",
            "transformNodes" : [
                {
                    "ind": 7,
                    "layerType": 5,
                    "transformType": "position_y",
                    "description": "textTop y position"
                }
            ],
            "value": "getResultForKey(\"$var0\")-getAscent(8)-getTextMeasureHeight(7)+getAscent(7)-40",
            "type": "number"
        },
        {
            "key": "$var2",
            "transformNodes" : [
                {
                    "ind": 9,
                    "layerType": 4,
                    "transformShapeIndex": 1,
                    "transformShapeItIndex": 0,
                    "transformType": "frame_it_width",
                    "description": "subTitleContainer width"
                }
            ],
            "value": "max(getTextLayerWidth(7),getTextLayerWidth(8))+40",
            "type": "number"
        },
        {
            "key": "$var3",
            "transformNodes" : [
                {
                    "ind": 9,
                    "layerType": 4,
                    "transformShapeIndex": 1,
                    "transformShapeItIndex": 0,
                    "transformType": "frame_it_height",
                    "description": "subTitleContainer height"
                }
            ],
            "value": "getTextMeasureHeight(7)+40+getTextMeasureHeight(8)+100",
            "type": "number"
        },
        {
            "key": "$var4",
            "transformNodes" : [
                {
                    "ind": 9,
                    "layerType": 4,
                    "transformType": "frame_height",
                    "description": "subTitleContainer position y"
                }
            ],
            "value": "getResultForKey(\"$var0\")-getAscent(8)-20",
            "type": "number"
        },
        {
            "key": "$var5",
            "transformNodes" : [
                {
                    "ind": 4,
                    "layerType": 4,
                    "transformType": "position_y",
                    "description": "lineLeft position y"
                }
            ],
            "value": "getResultForKey(\"$var4\")+getResultForKey(\"$var3\")/2+10",
            "type": "number"
        },
        {
            "key": "$var6",
            "transformNodes" : [
                {
                    "ind": 3,
                    "layerType": 4,
                    "transformType": "position_y",
                    "description": "lineRight position y"
                }
            ],
            "value": "getResultForKey(\"$var4\")-getResultForKey(\"$var3\")/2-10",
            "type": "number"
        },
        {
            "key": "$var7",
            "transformNodes" : [
                {
                    "ind": 3,
                    "layerType": 4,
                    "transformType": "position_x",
                    "description": "lineRight position x"
                },
                {
                    "ind": 6,
                    "layerType": 4,
                    "transformType": "position_x",
                    "description": "lineBottom position x"
                }
            ],
            "value": "960+getResultForKey(\"$var2\")/2+5",
            "type": "number"
        },
        {
            "key": "$var8",
            "transformNodes" : [
                {
                    "ind": 4,
                    "layerType": 4,
                    "transformShapeIndex": 0,
                    "transformShapeItIndex": 0,
                    "transformType": "position_it_y",
                    "transformNodeVIndex": 1,
                    "description": "lineLeft end position y"
                }
            ],
            "value": "(getResultForKey(\"$var3\")+20)*-1",
            "type": "number"
        },
        {
            "key": "$var9",
            "transformNodes" : [
                {
                    "ind": 3,
                    "layerType": 4,
                    "transformShapeIndex": 0,
                    "transformShapeItIndex": 0,
                    "transformType": "position_it_y",
                    "transformNodeVIndex": 1,
                    "description": "lineRight end position y"
                }
            ],
            "value": "getResultForKey(\"$var3\")+20",
            "type": "number"
        },
        {
            "key": "$var10",
            "transformNodes" : [
                {
                    "ind": 5,
                    "layerType": 4,
                    "transformType": "position_x",
                    "description": "lineTop position x"
                },
                {
                    "ind": 4,
                    "layerType": 4,
                    "transformType": "position_x",
                    "description": "lineLeft position x"
                }
            ],
            "value": "960-getResultForKey(\"$var2\")/2-5",
            "type": "number"
        },
        {
            "key": "$var11",
            "transformNodes" : [
                {
                    "ind": 5,
                    "layerType": 4,
                    "transformType": "position_y",
                    "description": "lineTop position y"
                }
            ],
            "value": "getResultForKey(\"$var4\")-getResultForKey(\"$var3\")/2-5",
            "type": "number"
        },
        {
            "key": "$var12",
            "transformNodes" : [
                {
                    "ind": 5,
                    "layerType": 4,
                    "transformShapeIndex": 0,
                    "transformShapeItIndex": 0,
                    "transformType": "position_it_x",
                    "transformNodeVIndex": 1,
                    "description": "lineTop end position x"
                }
            ],
            "value": "getResultForKey(\"$var2\")+10",
            "type": "number"
        },
        {
            "key": "$var13",
            "transformNodes" : [
                {
                    "ind": 6,
                    "layerType": 4,
                    "transformShapeIndex": 0,
                    "transformShapeItIndex": 0,
                    "transformType": "position_it_x",
                    "transformNodeVIndex": 1,
                    "description": "lineBottom end position x"
                }
            ],
            "value": "(getResultForKey(\"$var2\")+10)*-1",
            "type": "number"
        },
        {
            "key": "$var14",
            "transformNodes" : [
                {
                    "ind": 6,
                    "layerType": 4,
                    "transformType": "position_y",
                    "description": "lineBottom position y"
                }
            ],
            "value": "getResultForKey(\"$var4\")+getResultForKey(\"$var3\")/2+5",
            "type": "number"
        },
        {
            "key": "$var15",
            "transformNodes" : [
                {
                    "ind": 1,
                    "layerType": 5,
                    "transformType": "position_y",
                    "description": "titleTop position y"
                }
            ],
            "value": "540-getTextMeasureHeight(1)+getAscent(1)-getTextFontSize(1)*0.2",
            "type": "number"
        },
        {
            "key": "$var16",
            "transformNodes" : [
                {
                    "ind": 2,
                    "layerType": 5,
                    "transformType": "position_y",                    
                    "description": "titleBottom position y"
                }
            ],
            "value": "540+getAscent(2)+getTextFontSize(2)*0.2",
            "type": "number"
        }
    ]
}
