{
  "v": "5.4.4",
  "fr": 29.9700012207031,
  "ip": 0,
  "op": 59.9400024414062,
  "w": 1920,
  "h": 1080,
  "nm": "BERLIN-PEUGEOT",
  "ddd": 0,
  "assets": [],
  "fonts": {
    "list": [
      {
        "origin": 0,
        "fPath": "",
        "fClass": "",
        "fFamily": "Helvetica Neue",
        "fWeight": "",
        "fStyle": "Bold",
        "fName": "HelveticaNeue-Bold",
        "ascent": 71.39892578125
      },
      {
        "fName": "Lato-Regular",
        "fFamily": "Lato",
        "fStyle": "Regular",
        "ascent": 74
      }
    ]
  },
  "layers": [
    {
      "ddd": 0,
      "ind": 1,
      "ty": 4,
      "nm": "separator-gradientTop_gradientBottom",
      "sr": 1,
      "ks": {
        "o": {
          "a": 0,
          "k": 100,
          "ix": 11
        },
        "r": {
          "a": 0,
          "k": -40,
          "ix": 10
        },
        "p": {
          "a": 0,
          "k": [
            960,
            540,
            0
          ],
          "ix": 2
        },
        "a": {
          "a": 0,
          "k": [
            24.648,
            -4.208,
            0
          ],
          "ix": 1
        },
        "s": {
          "a": 1,
          "k": [
            {
              "i": {
                "x": [
                  0,
                  0,
                  0.667
                ],
                "y": [
                  1,
                  1,
                  1
                ]
              },
              "o": {
                "x": [
                  0,
                  0,
                  0.333
                ],
                "y": [
                  0,
                  0,
                  0
                ]
              },
              "t": 0,
              "s": [
                0,
                0,
                100
              ],
              "e": [
                100,
                100,
                100
              ]
            },
            {
              "t": 11.0000004480392
            }
          ],
          "ix": 6
        }
      },
      "ao": 0,
      "shapes": [
        {
          "ty": "gr",
          "it": [
            {
              "ty": "rc",
              "d": 1,
              "s": {
                "a": 0,
                "k": [
                  70,
                  600
                ],
                "ix": 2
              },
              "p": {
                "a": 0,
                "k": [
                  0,
                  0
                ],
                "ix": 3
              },
              "r": {
                "a": 0,
                "k": 0,
                "ix": 4
              },
              "nm": "Tracé rectangulaire 1",
              "mn": "ADBE Vector Shape - Rect",
              "hd": false
            },
            {
              "ty": "gf",
              "o": {
                "a": 0,
                "k": 100,
                "ix": 10
              },
              "r": 1,
              "bm": 0,
              "g": {
                "p": 2,
                "k": {
                  "a": 0,
                  "k": [
                    0,
                    0.18039216,
                    0.1882353,
                    0.8627451,
                    1,
                    0.93333334,
                    0.94509804,
                    0.06666667
                  ],
                  "ix": 9
                }
              },
              "s": {
                "a": 0,
                "k": [
                  -12.668,
                  -276.573
                ],
                "ix": 5
              },
              "e": {
                "a": 0,
                "k": [
                  16.808,
                  278.928
                ],
                "ix": 6
              },
              "t": 1,
              "nm": "Fond en dégradé 1",
              "mn": "ADBE Vector Graphic - G-Fill",
              "hd": false
            },
            {
              "ty": "tr",
              "p": {
                "a": 0,
                "k": [
                  24.648,
                  -4.208
                ],
                "ix": 2
              },
              "a": {
                "a": 0,
                "k": [
                  0,
                  0
                ],
                "ix": 1
              },
              "s": {
                "a": 0,
                "k": [
                  100,
                  52.204
                ],
                "ix": 3
              },
              "r": {
                "a": 0,
                "k": 0,
                "ix": 6
              },
              "o": {
                "a": 0,
                "k": 100,
                "ix": 7
              },
              "sk": {
                "a": 0,
                "k": 40,
                "ix": 4
              },
              "sa": {
                "a": 0,
                "k": 0,
                "ix": 5
              },
              "nm": "Transformer "
            }
          ],
          "nm": "Rectangle 1",
          "np": 3,
          "cix": 2,
          "bm": 0,
          "ix": 1,
          "mn": "ADBE Vector Group",
          "hd": false
        }
      ],
      "ip": 0,
      "op": 60.0000024438501,
      "st": 0,
      "bm": 0
    },
    {
      "ddd": 0,
      "ind": 2,
      "ty": 5,
      "nm": "textRight-gradientTop_gradientBottom-textBold-1",
      "td": 1,
      "sr": 1,
      "ks": {
        "o": {
          "a": 0,
          "k": 100,
          "ix": 11
        },
        "r": {
          "a": 0,
          "k": 0,
          "ix": 10
        },
        "p": {
          "a": 1,
          "k": [
            {
              "i": {
                "x": 0,
                "y": 1
              },
              "o": {
                "x": 0,
                "y": 0
              },
              "t": 10,
              "s": [
                1447.5,
                760,
                0
              ],
              "e": [
                1447.5,
                578.5,
                0
              ],
              "to": [
                0,
                -23.333,
                0
              ],
              "ti": [
                0,
                23.333,
                0
              ]
            },
            {
              "t": 15.0000006109625
            }
          ],
          "ix": 2
        },
        "a": {
          "a": 0,
          "k": [
            0,
            0,
            0
          ],
          "ix": 1
        },
        "s": {
          "a": 0,
          "k": [
            100,
            100,
            100
          ],
          "ix": 6
        }
      },
      "ao": 0,
      "t": {
        "d": {
          "k": [
            {
              "s": {
                "s": 100,
                "f": "Lato-Regular",
                "t": "Option B",
                "j": 2,
                "tr": 0,
                "lh": 120,
                "ls": 0,
                "fc": [
                  0.071,
                  0.067,
                  0.067
                ]
              },
              "t": 0
            }
          ]
        },
        "p": {},
        "m": {
          "g": 1,
          "a": {
            "a": 0,
            "k": [
              0,
              0
            ],
            "ix": 2
          }
        },
        "a": []
      },
      "ip": 0,
      "op": 60.0000024438501,
      "st": 0,
      "bm": 0
    },
    {
      "ddd": 0,
      "ind": 3,
      "ty": 4,
      "nm": "Matte-1",
      "tt": 1,
      "sr": 1,
      "ks": {
        "o": {
          "a": 0,
          "k": 100,
          "ix": 11
        },
        "r": {
          "a": 0,
          "k": 0,
          "ix": 10
        },
        "p": {
          "a": 0,
          "k": [
            1447.5,
            540,
            0
          ],
          "ix": 2
        },
        "a": {
          "a": 0,
          "k": [
            0,
            0,
            0
          ],
          "ix": 1
        },
        "s": {
          "a": 0,
          "k": [
            100,
            100,
            100
          ],
          "ix": 6
        }
      },
      "ao": 0,
      "shapes": [
        {
          "ty": "gr",
          "it": [
            {
              "ty": "rc",
              "d": 1,
              "s": {
                "a": 0,
                "k": [
                  945,
                  131
                ],
                "ix": 2
              },
              "p": {
                "a": 0,
                "k": [
                  0,
                  0
                ],
                "ix": 3
              },
              "r": {
                "a": 0,
                "k": 0,
                "ix": 4
              },
              "nm": "Tracé rectangulaire 1",
              "mn": "ADBE Vector Shape - Rect",
              "hd": false
            },
            {
              "ty": "gf",
              "o": {
                "a": 0,
                "k": 100,
                "ix": 10
              },
              "r": 1,
              "bm": 0,
              "g": {
                "p": 2,
                "k": {
                  "a": 0,
                  "k": [
                    0,
                    0.18039216,
                    0.1882353,
                    0.8627451,
                    1,
                    0.93333334,
                    0.94509804,
                    0.06666667
                  ],
                  "ix": 9
                }
              },
              "s": {
                "a": 0,
                "k": [
                  1.73,
                  -34.523
                ],
                "ix": 5
              },
              "e": {
                "a": 0,
                "k": [
                  0.711,
                  38.098
                ],
                "ix": 6
              },
              "t": 1,
              "nm": "Fond en dégradé 1",
              "mn": "ADBE Vector Graphic - G-Fill",
              "hd": false
            },
            {
              "ty": "tr",
              "p": {
                "a": 0,
                "k": [
                  4.68,
                  -1.977
                ],
                "ix": 2
              },
              "a": {
                "a": 0,
                "k": [
                  0,
                  0
                ],
                "ix": 1
              },
              "s": {
                "a": 0,
                "k": [
                  100,
                  100
                ],
                "ix": 3
              },
              "r": {
                "a": 0,
                "k": 0,
                "ix": 6
              },
              "o": {
                "a": 0,
                "k": 100,
                "ix": 7
              },
              "sk": {
                "a": 0,
                "k": 0,
                "ix": 4
              },
              "sa": {
                "a": 0,
                "k": 0,
                "ix": 5
              },
              "nm": "Transformer "
            }
          ],
          "nm": "Rectangle 1",
          "np": 3,
          "cix": 2,
          "bm": 0,
          "ix": 1,
          "mn": "ADBE Vector Group",
          "hd": false
        }
      ],
      "ip": 0,
      "op": 60.0000024438501,
      "st": 0,
      "bm": 0
    },
    {
      "ddd": 0,
      "ind": 4,
      "ty": 5,
      "nm": "textLeft-gradientTop_gradientBottom-textBold-0",
      "td": 1,
      "sr": 1,
      "ks": {
        "o": {
          "a": 0,
          "k": 100,
          "ix": 11
        },
        "r": {
          "a": 0,
          "k": 0,
          "ix": 10
        },
        "p": {
          "a": 1,
          "k": [
            {
              "i": {
                "x": 0,
                "y": 1
              },
              "o": {
                "x": 0,
                "y": 0
              },
              "t": 6,
              "s": [
                472.5,
                760,
                0
              ],
              "e": [
                472.5,
                578.5,
                0
              ],
              "to": [
                0.083,
                -25.2,
                0
              ],
              "ti": [
                -0.083,
                25.2,
                0
              ]
            },
            {
              "t": 10.0000004073083
            }
          ],
          "ix": 2
        },
        "a": {
          "a": 0,
          "k": [
            0,
            0,
            0
          ],
          "ix": 1
        },
        "s": {
          "a": 0,
          "k": [
            100,
            100,
            100
          ],
          "ix": 6
        }
      },
      "ao": 0,
      "t": {
        "d": {
          "k": [
            {
              "s": {
                "s": 100,
                "f": "Lato-Regular",
                "t": "Option A",
                "j": 2,
                "tr": 0,
                "lh": 120,
                "ls": 0,
                "fc": [
                  0.071,
                  0.067,
                  0.067
                ]
              },
              "t": 0
            }
          ]
        },
        "p": {},
        "m": {
          "g": 1,
          "a": {
            "a": 0,
            "k": [
              0,
              0
            ],
            "ix": 2
          }
        },
        "a": []
      },
      "ip": 0,
      "op": 60.0000024438501,
      "st": 0,
      "bm": 0
    },
    {
      "ddd": 0,
      "ind": 5,
      "ty": 4,
      "nm": "Matte-0",
      "tt": 1,
      "sr": 1,
      "ks": {
        "o": {
          "a": 0,
          "k": 100,
          "ix": 11
        },
        "r": {
          "a": 0,
          "k": 0,
          "ix": 10
        },
        "p": {
          "a": 0,
          "k": [
            472.5,
            540,
            0
          ],
          "ix": 2
        },
        "a": {
          "a": 0,
          "k": [
            0,
            -1.977,
            0
          ],
          "ix": 1
        },
        "s": {
          "a": 0,
          "k": [
            100,
            100,
            100
          ],
          "ix": 6
        }
      },
      "ao": 0,
      "shapes": [
        {
          "ty": "gr",
          "it": [
            {
              "ty": "rc",
              "d": 1,
              "s": {
                "a": 0,
                "k": [
                  945,
                  131
                ],
                "ix": 2
              },
              "p": {
                "a": 0,
                "k": [
                  0,
                  0
                ],
                "ix": 3
              },
              "r": {
                "a": 0,
                "k": 0,
                "ix": 4
              },
              "nm": "Tracé rectangulaire 1",
              "mn": "ADBE Vector Shape - Rect",
              "hd": false
            },
            {
              "ty": "gf",
              "o": {
                "a": 0,
                "k": 100,
                "ix": 10
              },
              "r": 1,
              "bm": 0,
              "g": {
                "p": 2,
                "k": {
                  "a": 0,
                  "k": [
                    0,
                    0.18039216,
                    0.1882353,
                    0.8627451,
                    1,
                    0.93333334,
                    0.94509804,
                    0.06666667
                  ],
                  "ix": 9
                }
              },
              "s": {
                "a": 0,
                "k": [
                  1.73,
                  -34.523
                ],
                "ix": 5
              },
              "e": {
                "a": 0,
                "k": [
                  0.711,
                  38.098
                ],
                "ix": 6
              },
              "t": 1,
              "nm": "Fond en dégradé 1",
              "mn": "ADBE Vector Graphic - G-Fill",
              "hd": false
            },
            {
              "ty": "tr",
              "p": {
                "a": 0,
                "k": [
                  4.68,
                  -1.977
                ],
                "ix": 2
              },
              "a": {
                "a": 0,
                "k": [
                  0,
                  0
                ],
                "ix": 1
              },
              "s": {
                "a": 0,
                "k": [
                  100,
                  100
                ],
                "ix": 3
              },
              "r": {
                "a": 0,
                "k": 0,
                "ix": 6
              },
              "o": {
                "a": 0,
                "k": 100,
                "ix": 7
              },
              "sk": {
                "a": 0,
                "k": 0,
                "ix": 4
              },
              "sa": {
                "a": 0,
                "k": 0,
                "ix": 5
              },
              "nm": "Transformer "
            }
          ],
          "nm": "Rectangle 1",
          "np": 3,
          "cix": 2,
          "bm": 0,
          "ix": 1,
          "mn": "ADBE Vector Group",
          "hd": false
        }
      ],
      "ip": 0,
      "op": 60.0000024438501,
      "st": 0,
      "bm": 0
    },
    {
      "ddd": 0,
      "ind": 6,
      "ty": 4,
      "nm": "container-slideBackground",
      "sr": 1,
      "ks": {
        "o": {
          "a": 0,
          "k": 100,
          "ix": 11
        },
        "r": {
          "a": 0,
          "k": 0,
          "ix": 10
        },
        "p": {
          "a": 0,
          "k": [
            960,
            540,
            0
          ],
          "ix": 2
        },
        "a": {
          "a": 0,
          "k": [
            -1.411,
            0.337,
            0
          ],
          "ix": 1
        },
        "s": {
          "a": 0,
          "k": [
            100,
            100,
            100
          ],
          "ix": 6
        }
      },
      "ao": 0,
      "shapes": [
        {
          "ty": "gr",
          "it": [
            {
              "ty": "rc",
              "d": 1,
              "s": {
                "a": 0,
                "k": [
                  1920,
                  1080
                ],
                "ix": 2
              },
              "p": {
                "a": 0,
                "k": [
                  0,
                  0
                ],
                "ix": 3
              },
              "r": {
                "a": 0,
                "k": 0,
                "ix": 4
              },
              "nm": "Tracé rectangulaire 1",
              "mn": "ADBE Vector Shape - Rect",
              "hd": false
            },
            {
              "ty": "fl",
              "c": {
                "a": 0,
                "k": [
                  1,
                  1,
                  1,
                  1
                ],
                "ix": 4
              },
              "o": {
                "a": 0,
                "k": 100,
                "ix": 5
              },
              "r": 1,
              "bm": 0,
              "nm": "Fond 1",
              "mn": "ADBE Vector Graphic - Fill",
              "hd": false
            },
            {
              "ty": "tr",
              "p": {
                "a": 0,
                "k": [
                  -1.411,
                  0.337
                ],
                "ix": 2
              },
              "a": {
                "a": 0,
                "k": [
                  0,
                  0
                ],
                "ix": 1
              },
              "s": {
                "a": 0,
                "k": [
                  100,
                  100
                ],
                "ix": 3
              },
              "r": {
                "a": 0,
                "k": 0,
                "ix": 6
              },
              "o": {
                "a": 0,
                "k": 100,
                "ix": 7
              },
              "sk": {
                "a": 0,
                "k": 0,
                "ix": 4
              },
              "sa": {
                "a": 0,
                "k": 0,
                "ix": 5
              },
              "nm": "Transformer "
            }
          ],
          "nm": "Rectangle 1",
          "np": 3,
          "cix": 2,
          "bm": 0,
          "ix": 1,
          "mn": "ADBE Vector Group",
          "hd": false
        }
      ],
      "ip": 0,
      "op": 60.0000024438501,
      "st": 0,
      "bm": 0
    }
  ],
  "markers": []
}
