{
  "layerRules": [
    {
      "ind": 1,
      "layerName": "textTop-text-textBold-1",
      "fontKey": "textBold",
      "textInd": [2],
      "maxLines": 1,
      "maxWidth": 1440,
      "colorKey": "text"
    },
    {
      "ind": 2,
      "layerName": "textBottom-text-text-2",
      "fontKey": "text",
      "textInd": [3],
      "maxLines": 1,
      "maxWidth": 1440,
      "colorKey": "text"
    },
    {
      "ind": 3,
      "layerName": "titleTop-titleGradientTop_titleGradientBottom-textBold-0",
      "fontKey": "textBold",
      "textInd": [0,1],
      "maxLines": 1,
      "maxWidth": 1632
    },
    {
      "ind": 4,
      "gradientColorKey": ["titleGradientTop", "titleGradientBottom"]
    },
    {
      "ind": 11,
      "colorKey": "titleBackground",
      "opacityKey": "titleBackgroundOpacity"
    }
  ],
  "assetRules": {
    "originalColors": {
      "shapeMain": "#FF0663",
      "shapeSecond": "#FFCD2C",
      "shapeNeutral": "#FFFFFF"
    }
  },
  "variables": [
    {
      "key": "$var0",
      "transformNodes" : [
          {
              "ind": 2,
              "layerType": 5,
              "transformKeyframeIndexes": [0],
              "transformType": "position_end_y",
              "description": "textBottom y position"
          },
          {
              "ind": 2,
              "layerType": 5,
              "transformKeyframeIndexes": [1],
              "transformType": "position_end_y",
              "description": "textBottom y position"
          },
          {
              "ind": 2,
              "layerType": 5,
              "transformKeyframeIndexes": [1],
              "transformType": "position_start_y",
              "description": "textBottom y position"
          },
          {
              "ind": 2,
              "layerType": 5,
              "transformKeyframeIndexes": [2],
              "transformType": "position_start_y",
              "description": "textBottom y position"
          }
      ],
      "value": "min(getBottomOfSafeArea()+getAscent(2)-getTextMeasureHeight(2)+getLastLineDescent(2)-50,950+getAscent(2)-getTextMeasureHeight(2)+getLastLineDescent(2))",
      "type": "number"
    },
    {
      "key": "$var1",
      "transformNodes" : [
          {
              "ind": 1,
              "layerType": 5,
              "transformKeyframeIndexes": [0],
              "transformType": "position_end_y",
              "description": "textTop y position"
          },
          {
              "ind": 1,
              "layerType": 5,
              "transformKeyframeIndexes": [1],
              "transformType": "position_end_y",
              "description": "textTop y position"
          },
          {
              "ind": 1,
              "layerType": 5,
              "transformKeyframeIndexes": [1],
              "transformType": "position_start_y",
              "description": "textTop y position"
          },
          {
              "ind": 1,
              "layerType": 5,
              "transformKeyframeIndexes": [2],
              "transformType": "position_start_y",
              "description": "textTop y position"
          }
      ],
      "value": "getResultForKey(\"$var0\")-getAscent(2)-getTextMeasureHeight(1)+getAscent(1)-50",
      "type": "number"
    },
    {
      "key": "$var2",
      "transformNodes" : [
          {
              "ind": 3,
              "layerType": 5,
              "transformKeyframeIndexes": [0],
              "transformType": "position_end_y",
              "description": "titleTop y position"
          },
          {
              "ind": 3,
              "layerType": 5,
              "transformKeyframeIndexes": [1, 2],
              "transformType": "position_end_y",
              "description": "titleTop y position"
          },
          {
              "ind": 3,
              "layerType": 5,
              "transformKeyframeIndexes": [1, 2],
              "transformType": "position_start_y",
              "description": "titleTop y position"
          },
          {
              "ind": 3,
              "layerType": 5,
              "transformKeyframeIndexes": [3],
              "transformType": "position_start_y",
              "description": "titleTop y position"
          }
      ],
      "value": "540-getTextMeasureHeight(3)/2+getAscent(3)",
      "type": "number",
      "description": "titleTop position y"
    },
    {
      "key": "$var3",
      "transformNodes" : [
          {
              "ind": 3,
              "layerType": 5,
              "transformKeyframeIndexes": [0],
              "transformType": "position_start_y",
              "description": "titleTop y position"
          },
          {
              "ind": 3,
              "layerType": 5,
              "transformKeyframeIndexes": [3],
              "transformType": "position_end_y",
              "description": "titleTop y position"
          }
      ],
      "value": "540+getTextMeasureHeight(3)/2+getAscent(3)+20",
      "type": "number",
      "description": "titleTop hide position y"
    },
    {
      "key": "$var4",
      "transformNodes" : [
          {
              "ind": 4,
              "layerType": 4,
              "transformShapeIndex": 0,
              "transformShapeItIndex": 0,
              "transformType": "frame_it_height",              
              "description": "matte height"
          }
      ],
      "value": "getTextMeasureHeight(3)+20",
      "type": "number"
    }
  ]
}
