{
  "layerRules": [
    {
      "ind": 1,
      "gradientColorKey": ["gradientTop", "gradientBottom"]
    },
    {
      "ind": 2,
      "layerName": "textRight-gradientTop_gradientBottom-textBold-1",
      "fontKey": "textBold",
      "textInd": [1],
      "maxLines": 3,
      "maxWidth": 910
    },
    {
      "ind": 3,
      "gradientColorKey": ["gradientTop", "gradientBottom"]
    },
    {
      "ind": 4,
      "layerName": "textLeft-gradientTop_gradientBottom-textBold-0",
      "fontKey": "textBold",
      "textInd": [0],
      "maxLines": 3,
      "maxWidth": 910
    },
    {
      "ind": 5,
      "gradientColorKey": ["gradientTop", "gradientBottom"]
    },
    {
      "ind": 6,
      "colorKey": "slideBackground"
    }
  ],
  "variables": [
    {
      "key": "",
      "value": "harmonizeFontSize(2,4)",
      "type": "unit",
      "description": "harmonize titleLeft and titleRight fontSize"
    },
    {
      "key": "$var0",
      "transformNodes" : [
          {
              "ind": 2,
              "layerType": 5,
              "transformKeyframeIndexes": [0],
              "transformType": "position_end_y",
              "description": "titleRight y position"
          }
      ],
      "value": "540-getTextMeasureHeight(2)/2+getAscent(2)",
      "type": "number"
    },
    {
      "key": "$var1",
      "transformNodes" : [
          {
              "ind": 4,
              "layerType": 5,
              "transformKeyframeIndexes": [0],
              "transformType": "position_end_y",
              "description": "titleLeft y position"
          }
      ],
      "value": "540-getTextMeasureHeight(4)/2+getAscent(4)",
      "type": "number"
    },
    {
      "key": "$var2",
      "transformNodes" : [
          {
              "ind": 2,
              "layerType": 5,
              "transformKeyframeIndexes": [0],
              "transformType": "position_start_y",
              "description": "titleRight hidden y position"
          }
      ],
      "value": "540+getTextMeasureHeight(2)+getAscent(2)",
      "type": "number"
    },
    {
      "key": "$var3",
      "transformNodes" : [
          {
              "ind": 4,
              "layerType": 5,
              "transformKeyframeIndexes": [0],
              "transformType": "position_start_y",
              "description": "titleLeft hidden y position"
          }
      ],
      "value": "540+getTextMeasureHeight(4)+getAscent(4)",
      "type": "number"
    },
    {
      "key": "$var4",
      "transformNodes" : [
          {
              "ind": 3,
              "layerType": 4,
              "transformShapeIndex": 0,
              "transformShapeItIndex": 0,
              "transformType": "frame_it_height",
              "description": "titleRight mask"
          }
      ],
      "value": "getTextMeasureHeight(2)+10",
      "type": "number"
    },
    {
      "key": "$var5",
      "transformNodes" : [
          {
              "ind": 5,
              "layerType": 4,
              "transformShapeIndex": 0,
              "transformShapeItIndex": 0,
              "transformType": "frame_it_height",              
              "description": "titleLeft mask"
          }
      ],
      "value": "getTextMeasureHeight(4)+10",
      "type": "number"
    }
  ]
}
