{
  "layerRules": [
    {
      "ind": 1,
      "layerName": "text-gradientTop_gradientBottom-textBold-0",
      "fontKey": "textBold",
      "textInd": [0,1],
      "maxLines": 5,
      "maxWidth": 1632
    },
    {
      "ind": 2,
      "gradientColorKey": ["gradientTop", "gradientBottom"]
    },
    {
      "ind": 3,
      "colorKey": "slideBackground"
    }
  ],
  "variables": [
    {
      "key": "",
      "value": "splitTextLayersForBerlinFord(1,2,540)",
      "type": "unit"
    },
    {
      "key": "$var0",
      "transformNodes" : [
          {
              "ind": 3,
              "layerType": 4,
              "transformType": "out_point",
              "description": "end of animation"
          },
          {
              "ind": 2,
              "layerType": 4,
              "transformType": "out_point",
              "description": "end of animation"
          },
          {
              "ind": 1,
              "layerType": 5,
              "transformType": "out_point",
              "description": "end of animation"
          }
      ],
      "value": "getAnimationFrameCount()",
      "type": "number"
    },
    {
      "key": "$var1",
      "transformNodes" : [
          {
              "ind": 1,
              "layerType": 5,
              "transformType": "time",
              "transformKeyframeIndexes": [3],
              "description": "1 frame before the end of the animation"
          }
      ],
      "value": "getAnimationFrameCount()-1",
      "type": "number"
    }
  ]
}
