{
  "layerRules": [
    {
      "ind": 4,
      "fontKey": "title",
      "textInd": [0],
      "maxLines": 2,
      "maxWidth": 1520,
      "colorKey": "title",
      "fillColorKey": "titleBlinking"
    },
    {
      "ind": 6,
      "fontKey": "text",
      "textInd": [3],
      "maxLines": 2,
      "maxWidth": 700,
      "colorKey": "text"
    },
    {
      "ind": 8,
      "fontKey": "text",
      "textInd": [1],
      "maxLines": 2,
      "maxWidth": 700,
      "colorKey": "text"
    },
    {
      "ind": 9,
      "fontKey": "text",
      "textInd": [4],
      "maxLines": 1,
      "maxWidth": 140,
      "colorKey": "figure"
    },
    {
      "ind": 19,
      "fontKey": "text",
      "textInd": [2],
      "maxLines": 1,
      "maxWidth": 140,
      "colorKey": "figure"
    },
    {
      "ind": 29,
      "fontKey": "caption",
      "textInd": [5],
      "maxLines": 1,
      "maxWidth": 1800,
      "colorKey": "sourceNeutral"
    },
    {
      "ind": 12,
      "colorKey": "negativeBarBottom"
    },
    {
      "ind": 22,
      "colorKey": "negativeBarTop"
    },
    {
      "ind": 16,
      "colorKey": "positiveBarBottom"
    },
    {
      "ind": 26,
      "colorKey": "positiveBarTop"
    },
    {
      "ind": 14,
      "opacityKey": "backgroundBarOpacity"
    },
    {
      "ind": 18,
      "opacityKey": "backgroundBarOpacity"
    },
    {
      "ind": 24,
      "opacityKey": "backgroundBarOpacity"
    },
    {
      "ind": 28,
      "opacityKey": "backgroundBarOpacity"
    },
    {
      "ind": 32,
      "colorKey": "background"
    }
  ],
  "assetRules": {
    "originalColors": {
      "shapeMain": "#00FFC6",
      "shapeSecondary": "#572DED",
      "shapeNeutral": "#FFFFFF"
    },
    "shadowOpacityKey": "shapeShadowOpacity",
    "shadowColorKey": "shapeShadow"
  },
  "variables": [
    {
      "key": "$var0",
      "value": "createCounterKeyFrames(9,22,20,0)",
      "type": "jsonObject"
    },
    {
      "key": "$var1",
      "value": "createCounterKeyFrames(19,22,20,0)",
      "type": "jsonObject"
    },
    {
      "key": "$var2",
      "value": "min(100,max(0,toNumber(getText(4))))*6+if(toNumber(getText(4))>0)*105",
      "type": "number",
      "description": "bottom positive bar value"
    },
    {
      "key": "$var3",
      "value": "min(100,max(0,-1*toNumber(getText(4))))*6+if(toNumber(getText(4))<0)*105",
      "type": "number",
      "description": "bottom negative bar value"
    },
    {
      "key": "$var4",
      "value": "min(100,max(0,toNumber(getText(2))))*6+if(toNumber(getText(2))>0)*105",
      "type": "number",
      "description": "top positive bar value"
    },
    {
      "key": "$var5",
      "value": "min(100,max(0,-1*toNumber(getText(2))))*6+if(toNumber(getText(2))<0)*105",
      "type": "number",
      "description": "top negative bar value"
    },
    {
      "key": "$var6",
      "value": "792-20-(getLineCount(6)-1)*getTextLineHeight(6)-getLastLineDescent(6)",
      "type": "number",
      "description": "bottom text static y position"
    },
    {
      "key": "$var7",
      "value": "430-20-(getLineCount(8)-1)*getTextLineHeight(8)-getLastLineDescent(8)",
      "type": "number",
      "description": "top text static y position"
    },
    {
      "key": "$var8",
      "value": "80+getAscent(4)",
      "type": "number",
      "description": "main text static y position"
    },
    {
      "key": "$var9",
      "value": "1080-40-getDescent(29)",
      "type": "number",
      "description": "source text static y position"
    },
    {
      "key": "$var10",
      "value": "getAnimationFrameCount()-15",
      "type": "number",
      "description": "start of transition out"
    },
    {
      "key": "$var11",
      "value": "getAnimationFrameCount()-1",
      "type": "number",
      "description": "end of many layers animations"
    },
    {
      "key": "$var12",
      "value": "getAnimationFrameCount()",
      "type": "number",
      "description": "end of animation"
    },
    {
      "key": "$var13",
      "value": "getAnimationFrameCount()-21",
      "type": "number",
      "description": "1st key frame of last blink"
    },
    {
      "key": "$var14",
      "value": "getAnimationFrameCount()-19",
      "type": "number",
      "description": "2nd key frame of last blink"
    },
    {
      "key": "$var15",
      "value": "getAnimationFrameCount()-17",
      "type": "number",
      "description": "3rd key frame of last blink"
    },
    {
      "key": "$var16",
      "value": "getAnimationFrameCount()-15",
      "type": "number",
      "description": "4th key frame of last blink"
    },
    {
      "key": "$var17",
      "value": "getAnimationFrameCount()-13",
      "type": "number",
      "description": "5th key frame of last blink"
    },
    {
      "key": "$var18",
      "value": "min(100,max(0,-1*toNumber(getText(4))))*3+52.5",
      "type": "number",
      "description": "bottom negative bar anchor point value"
    },
    {
      "key": "$var19",
      "value": "min(100,max(0,-1*toNumber(getText(2))))*3+52.5",
      "type": "number",
      "description": "top negative bar anchor point value"
    },
    {
      "key": "$var20",
      "value": "-3*min(100,max(0,toNumber(getText(4))))-52.5",
      "type": "number",
      "description": "bottom positive bar anchor point value"
    },
    {
      "key": "$var21",
      "value": "-3*min(100,max(0,toNumber(getText(2))))-52.5",
      "type": "number",
      "description": "top positive bar anchor point value"
    }
  ]
}