{
  "layerRules": [
    {
      "ind": 1,
      "layerName": "textTop-text-textBlackItalic-0",
      "fontKey": "textBlackItalic",
      "textInd": [0],
      "maxLines": 1,
      "maxWidth": 1632,
      "colorKey": "text"
    },
    {
      "ind": 2,
      "colorKey": "shape"
    },
    {
      "ind": 3,
      "layerName": "textBottom-text-textBlackItalic-1",
      "fontKey": "textBlackItalic",
      "textInd": [1],
      "maxLines": 1,
      "maxWidth": 1632,
      "colorKey": "text"
    },
    {
      "ind": 4,
      "colorKey": "background"
    }
  ],
  "variables": [
    {
      "key": "",
      "value": "harmonizeFontSize(1,3)",
      "type": "unit",
      "description": "harmonize titleTop and titleBottom fontSize"
    },
    {
      "key": "$var0",
      "transformNodes" : [
          {
              "ind": 1,
              "layerType": 5,
              "transformKeyframeIndexes": [0],
              "transformType": "position_end_y",
              "description": "titleTop y position"
          },
          {
              "ind": 1,
              "layerType": 5,
              "transformKeyframeIndexes": [0],
              "transformType": "position_start_y",
              "description": "titleTop y position"
          },
          {
              "ind": 1,
              "layerType": 5,
              "transformKeyframeIndexes": [1],
              "transformType": "position_end_y",
              "description": "titleTop y position"
          },
          {
              "ind": 1,
              "layerType": 5,
              "transformKeyframeIndexes": [1],
              "transformType": "position_start_y",
              "description": "titleTop y position"
          }
      ],
      "value": "540-getTextMeasureHeight(1)+getAscent(1)-getTextFontSize(1)*0.2",
      "type": "number"
    },
    {
      "key": "$var1",
      "transformNodes" : [
          {
              "ind": 3,
              "layerType": 5,
              "transformKeyframeIndexes": [0],
              "transformType": "position_start_y",
              "description": "titleBottom y position"
          },
          {
              "ind": 3,
              "layerType": 5,
              "transformKeyframeIndexes": [0],
              "transformType": "position_end_y",
              "description": "titleBottom y position"
          }
      ],
      "value": "540+getAscent(3)+getTextFontSize(3)*0.2",
      "type": "number"
    },
    {
      "key": "$var2",
      "transformNodes" : [
          {
              "ind": 2,
              "layerType": 4,
              "transformShapeIndex": 0,
              "transformShapeItIndex": 0,
              "transformType": "position_it_x",
              "transformNodeVIndex": 0,
              "description": "first line x position"
          }
      ],
      "value": "-max(getTextLayerWidth(1),getTextLayerWidth(3))/2",
      "type": "number"
    },
    {
      "key": "$var3",
      "transformNodes" : [
          {
              "ind": 2,
              "layerType": 4,
              "transformShapeIndex": 0,
              "transformShapeItIndex": 0,
              "transformType": "position_it_x",              
              "transformNodeVIndex": 1,
              "description": "last line x position"
          }
      ],
      "value": "max(getTextLayerWidth(1),getTextLayerWidth(3))/2",
      "type": "number"
    }
  ]
}
