{
  "layerRules": [
    {
      "ind": 1,
      "layerName": "titleTop-titleText-title-0",
      "fontKey": "title",
      "textInd": [0],
      "maxLines": 1,
      "maxWidth": 1632,
      "colorKey": "titleText"
    },
    {
      "ind": 2,
      "layerName": "titleBottom-titleText-title-1",
      "fontKey": "title",
      "textInd": [1],
      "maxLines": 1,
      "maxWidth": 1632,
      "colorKey": "titleText"
    },
    {
      "ind": 3,
      "layerName": "textTop-text-textBlack-2",
      "fontKey": "textBlack",
      "textInd": [2],
      "maxLines": 1,
      "maxWidth": 1440,
      "colorKey": "text"
    },
    {
      "ind": 4,
      "colorKey": "shape"
    },
    {
      "ind": 5,
      "layerName": "textBottom-text-text-3",
      "fontKey": "text",
      "textInd": [3],
      "maxLines": 1,
      "maxWidth": 1440,
      "colorKey": "text"
    },
    {
      "ind": 6,
      "colorKey": "titleBackground",
      "opacityKey": "titleBackgroundOpacity"
    }
  ],
  "variables": [
    {
      "key": "",
      "value": "harmonizeFontSize(1,2)",
      "type": "unit",
      "description": "harmonize titleTop and titleBottom fontSize"
    },
    {
      "key": "$var0",
      "transformNodes" : [
          {
              "ind": 5,
              "layerType": 5,
              "transformKeyframeIndexes": [0,1,2],
              "transformType": "position_end_y",
              "description": "textBottom y position"
          },
          {
              "ind": 5,
              "layerType": 5,
              "transformKeyframeIndexes": [0,1,2],
              "transformType": "position_start_y",
              "description": "textBottom y position"
          },
          {
              "ind": 5,
              "layerType": 5,
              "transformKeyframeIndexes": [0,1,2],
              "transformType": "position_end_y",
              "description": "textBottom y position"
          },
          {
              "ind": 5,
              "layerType": 5,
              "transformKeyframeIndexes": [0,1,2],
              "transformType": "position_start_y",
              "description": "textBottom y position"
          },
          {
              "ind": 5,
              "layerType": 5,
              "transformKeyframeIndexes": [0,1,2],
              "transformType": "position_end_y",
              "description": "textBottom y position"
          },
          {
              "ind": 5,
              "layerType": 5,
              "transformKeyframeIndexes": [0,1,2],
              "transformType": "position_start_y",
              "description": "textBottom y position"
          }
      ],
      "value": "min(getBottomOfSafeArea()+getAscent(5)-getTextMeasureHeight(5)+getLastLineDescent(5),960+getAscent(5)-getTextMeasureHeight(5)+getLastLineDescent(5))",
      "type": "number"
    },
    {
      "key": "$var1",
      "transformNodes" : [
          {
              "ind": 4,
              "layerType": 4,
              "transformType": "position_y",
              "description": "line y position"
          }
      ],
      "value": "getResultForKey(\"var0\")-getAscent(5)-15",
      "type": "number"
    },
    {
      "key": "$var2",
      "transformNodes" : [
          {
              "ind": 3,
              "layerType": 5,
              "transformKeyframeIndexes": [0,1,2],
              "transformType": "position_end_y",
              "description": "textTop y position"
          },
          {
              "ind": 3,
              "layerType": 5,
              "transformKeyframeIndexes": [0,1,2],
              "transformType": "position_start_y",
              "description": "textTop y position"
          },
          {
              "ind": 3,
              "layerType": 5,
              "transformKeyframeIndexes": [0,1,2],
              "transformType": "position_end_y",
              "description": "textTop y position"
          },
          {
              "ind": 3,
              "layerType": 5,
              "transformKeyframeIndexes": [0,1,2],
              "transformType": "position_start_y",
              "description": "textTop y position"
          },
          {
              "ind": 3,
              "layerType": 5,
              "transformKeyframeIndexes": [0,1,2],
              "transformType": "position_end_y",
              "description": "textTop y position"
          },
          {
              "ind": 3,
              "layerType": 5,
              "transformKeyframeIndexes": [0,1,2],
              "transformType": "position_start_y",
              "description": "textTop y position"
          }
      ],
      "value": "getResultForKey(\"var1\")-getTextMeasureHeight(3)+getLastLineDescent(3)+getAscent(3)-30",
      "type": "number"
    },
    {
      "key": "$var5",
      "transformNodes" : [
          {
              "ind": 1,
              "layerType": 5,
              "transformKeyframeIndexes": [0,1,2],
              "transformType": "position_end_y",
              "description": "titleTop y position"
          },
          {
              "ind": 1,
              "layerType": 5,
              "transformKeyframeIndexes": [0,1,2],
              "transformType": "position_start_y",
              "description": "titleTop y position"
          },
          {
              "ind": 1,
              "layerType": 5,
              "transformKeyframeIndexes": [0,1,2],
              "transformType": "position_end_y",
              "description": "titleTop y position"
          },
          {
              "ind": 1,
              "layerType": 5,
              "transformKeyframeIndexes": [0,1,2],
              "transformType": "position_start_y",
              "description": "titleTop y position"
          },
          {
              "ind": 1,
              "layerType": 5,
              "transformKeyframeIndexes": [0,1,2],
              "transformType": "position_end_y",
              "description": "titleTop y position"
          },
          {
              "ind": 1,
              "layerType": 5,
              "transformKeyframeIndexes": [0,1,2],
              "transformType": "position_start_y",
              "description": "titleTop y position"
          }
      ],
      "value": "540-getTextMeasureHeight(1)+getAscent(1)-getTextFontSize(1)*0.2",
      "type": "number"
    },
    {
      "key": "$var6",
      "transformNodes" : [
                {
                    "ind": 2,
                    "layerType": 5,
                    "transformKeyframeIndexes": [0],
                    "transformType": "position_end_y",
                    "description": "textTopContainer y position"
                },
                {
                    "ind": 2,
                    "layerType": 5,
                    "transformKeyframeIndexes": [2],
                    "transformType": "position_start_y",
                    "description": "textTopContainer y position"
                },
                {
                    "ind": 2,
                    "layerType": 5,
                    "transformKeyframeIndexes": [1],
                    "transformType": "position_start_y",
                    "description": "textTopContainer y position"
                },
                {
                    "ind": 2,
                    "layerType": 5,
                    "transformKeyframeIndexes": [1],
                    "transformType": "position_end_y",
                    "description": "textTopContainer y position"
                }
            ],
      "value": "540+getAscent(2)+getTextFontSize(2)*0.2",
      "type": "number"
    }
  ]
}
