{
  "layerRules": [
    {
      "ind": 1,
      "layerName": "text-text-textBlackItalic-0",
      "fontKey": "textBlackItalic",
      "textInd": [0,1],
      "maxLines": 1,
      "maxWidth": 1632,
      "colorKey": "text"
    },
    {
      "ind": 2,
      "colorKey": "shape"
    },
    {
      "ind": 3,
      "colorKey": "background"
    }
  ],
  "variables": [
    {
      "key": "$var0",
      "transformNodes": [
          {
              "ind": 1,
              "layerType": 5,
              "transformKeyframeIndexes": [0],
              "transformType": "position_end_y",
              "description": "title y position"
          },
          {
              "ind": 1,
              "layerType": 5,
              "transformKeyframeIndexes": [0],
              "transformType": "position_start_y",
              "description": "title y position"
          }
      ],
      "value": "540-getTextMeasureHeight(1)/2+getAscent(1)",
      "type": "number"
    },
    {
      "key": "$var1",
      "transformNodes" : [
          {
              "ind": 2,
              "layerType": 4,
              "transformShapeIndex": 0,
              "transformShapeItIndex": 0,
              "transformType": "position_it_x",
              "transformNodeVIndex": 0,
              "description": "line start position x"
          }
      ],
      "value": "-getTextLayerWidth(1)/2",
      "type": "number"
    },
    {
      "key": "$var2",
      "transformNodes" : [
          {
              "ind": 2,
              "layerType": 4,
              "transformShapeIndex": 0,
              "transformShapeItIndex": 0,
              "transformType": "position_it_x",
              "transformNodeVIndex": 1,              
              "description": "line end position x"
          }
      ],
      "value": "getTextLayerWidth(1)/2",
      "type": "number"
    }
  ]
}
