{
  "layerRules": [
    {
      "ind": 1,
      "layerName": "text-slideText-text-0",
      "fontKey": "text",
      "textInd": [0],
      "maxLines": 1,
      "maxWidth": 1632,
      "colorKey": "slideText"
    },
    {
      "ind": 2,
      "colorKey": "slideBackground"
    }
  ],
  "variables": [
    {
      "key": "$var0",
      "transformNodes" : [
          {
              "ind": 1,
              "layerType": 5,
              "transformKeyframeIndexes": [0],
              "transformType": "position_end_y",
              "description": "titleTop y position"
          }
      ],
      "value": "540-getTextMeasureHeight(1)/2+getAscent(1)",
      "type": "number"
    }
  ]
}
