{
    "v": "5.4.4",
    "fr": 29.9700012207031,
    "ip": 0,
    "op": 30.0000012219251,
    "w": 1920,
    "h": 1080,
    "nm": "LOS_ANGELES-FORD",
    "ddd": 0,
    "assets": [],
    "fonts": {
      "list": [
        {
          "origin": 0,
          "fPath": "",
          "fClass": "",
          "fFamily": "Bebas Neue",
          "fWeight": "",
          "fStyle": "Bold",
          "fName": "BebasNeueBold",
          "ascent": 74.0485718473792
        },
        {
          "fName": "Lato-Regular",
          "fFamily": "Lato",
          "fStyle": "Regular",
          "ascent": 74
        }
      ]
    },
    "layers": [
      {
        "ddd": 0,
        "ind": 1,
        "ty": 5,
        "nm": "textTop-slideText-text-0",
        "sr": 1,
        "ks": {
          "o": {
            "a": 1,
            "k": [
              {
                "i": {
                  "x": [
                    0.833
                  ],
                  "y": [
                    0.833
                  ]
                },
                "o": {
                  "x": [
                    0.167
                  ],
                  "y": [
                    0.167
                  ]
                },
                "t": 0,
                "s": [
                  0
                ],
                "e": [
                  100
                ]
              },
              {
                "t": 9.00000036657752
              }
            ],
            "ix": 11
          },
          "r": {
            "a": 0,
            "k": 0,
            "ix": 10
          },
          "p": {
            "a": 1,
            "k": [
              {
                "i": {
                  "x": 0.833,
                  "y": 0.833
                },
                "o": {
                  "x": 0.167,
                  "y": 0.167
                },
                "t": 0,
                "s": [
                  960,
                  -20,
                  0
                ],
                "e": [
                  960,
                  457,
                  0
                ],
                "to": [
                  0,
                  86.667,
                  0
                ],
                "ti": [
                  0,
                  -86.667,
                  0
                ]
              },
              {
                "t": 10.1987504154036
              }
            ],
            "ix": 2
          },
          "a": {
            "a": 0,
            "k": [
              0,
              0,
              0
            ],
            "ix": 1
          },
          "s": {
            "a": 0,
            "k": [
              100,
              100,
              100
            ],
            "ix": 6
          }
        },
        "ao": 0,
        "t": {
          "d": {
            "k": [
              {
                "s": {
                  "s": 200,
                  "f": "Lato-Regular",
                  "t": "Première partie",
                  "j": 2,
                  "tr": 0,
                  "lh": 240,
                  "ls": 0,
                  "fc": [
                    0.89411765,
                    0.09803922,
                    0.09803922
                  ],
                  "sc": [
                    0,
                    0,
                    0
                  ],
                  "sw": 0.00999999977648,
                  "of": false
                },
                "t": 0
              }
            ]
          },
          "p": {},
          "m": {
            "g": 1,
            "a": {
              "a": 0,
              "k": [
                0,
                0
              ],
              "ix": 2
            }
          },
          "a": []
        },
        "ip": -3.00000012219251,
        "op": 31.0000012626559,
        "st": 0,
        "bm": 0
      },
      {
        "ddd": 0,
        "ind": 2,
        "ty": 5,
        "nm": "textBottom-slideText-text-1",
        "sr": 1,
        "ks": {
          "o": {
            "a": 1,
            "k": [
              {
                "i": {
                  "x": [
                    0.833
                  ],
                  "y": [
                    0.833
                  ]
                },
                "o": {
                  "x": [
                    0.167
                  ],
                  "y": [
                    0.167
                  ]
                },
                "t": 0,
                "s": [
                  0
                ],
                "e": [
                  100
                ]
              },
              {
                "t": 9.00000036657752
              }
            ],
            "ix": 11
          },
          "r": {
            "a": 0,
            "k": 0,
            "ix": 10
          },
          "p": {
            "a": 1,
            "k": [
              {
                "i": {
                  "x": 0.833,
                  "y": 0.833
                },
                "o": {
                  "x": 0.167,
                  "y": 0.167
                },
                "t": 0,
                "s": [
                  960,
                  1220,
                  0
                ],
                "e": [
                  960,
                  778,
                  0
                ],
                "to": [
                  0,
                  -85,
                  0
                ],
                "ti": [
                  0,
                  85,
                  0
                ]
              },
              {
                "t": 10.1987504154036
              }
            ],
            "ix": 2
          },
          "a": {
            "a": 0,
            "k": [
              0,
              0,
              0
            ],
            "ix": 1
          },
          "s": {
            "a": 0,
            "k": [
              100,
              100,
              100
            ],
            "ix": 6
          }
        },
        "ao": 0,
        "t": {
          "d": {
            "k": [
              {
                "s": {
                  "s": 200,
                  "f": "Lato-Regular",
                  "t": "Deuxième partie",
                  "j": 2,
                  "tr": 0,
                  "lh": 240,
                  "ls": 0,
                  "fc": [
                    0.89411765,
                    0.09803922,
                    0.09803922
                  ],
                  "sc": [
                    0,
                    0,
                    0
                  ],
                  "sw": 0.00999999977648,
                  "of": false
                },
                "t": 0
              }
            ]
          },
          "p": {},
          "m": {
            "g": 1,
            "a": {
              "a": 0,
              "k": [
                0,
                0
              ],
              "ix": 2
            }
          },
          "a": []
        },
        "ip": -3.00000012219251,
        "op": 31.0000012626559,
        "st": 0,
        "bm": 0
      },
      {
        "ddd": 0,
        "ind": 3,
        "ty": 1,
        "nm": "container-slideBackground",
        "sr": 1,
        "ks": {
          "o": {
            "a": 0,
            "k": 100,
            "ix": 11
          },
          "r": {
            "a": 0,
            "k": 0,
            "ix": 10
          },
          "p": {
            "a": 0,
            "k": [
              960,
              540,
              0
            ],
            "ix": 2
          },
          "a": {
            "a": 0,
            "k": [
              960,
              540,
              0
            ],
            "ix": 1
          },
          "s": {
            "a": 0,
            "k": [
              100,
              100,
              100
            ],
            "ix": 6
          }
        },
        "ao": 0,
        "sw": 1920,
        "sh": 1080,
        "sc": "#FFFFFF",
        "ip": -3.00000012219251,
        "op": 31.0000012626559,
        "st": 0,
        "bm": 0
      }
    ],
    "markers": []
  }
