{
  "layerRules": [
    {
      "ind": 1,
      "layerName": "textTop-slideText-text-0",
      "fontKey": "text",
      "textInd": [0],
      "maxLines": 1,
      "maxWidth": 1632,
      "colorKey": "slideText"
    },
    {
      "ind": 2,
      "layerName": "textBottom-slideText-text-1",
      "fontKey": "text",
      "textInd": [1],
      "maxLines": 1,
      "maxWidth": 1632,
      "colorKey": "slideText"
    },
    {
      "ind": 3,
      "colorKey": "slideBackground"
    }
  ],
  "variables": [
    {
      "key": "",
      "value": "harmonizeFontSize(1,2)",
      "type": "unit",
      "description": "harmonize titleTop and titleBottom fontSize"
    },
    {
      "key": "$var0",
      "transformNodes": [
          {
              "ind": 1,
              "layerType": 5,
              "transformKeyframeIndexes": [0],
              "transformType": "position_end_y",
              "description": "titleTop y position"
          }
      ],
      "value": "540-getTextMeasureHeight(1)+getAscent(1)-getTextFontSize(1)*0.2",
      "type": "number"
    },
    {
      "key": "$var1",
      "transformNodes": [
          {
              "ind": 2,
              "layerType": 5,
              "transformKeyframeIndexes": [0],
              "transformType": "position_end_y",
              "description": "titleBottom y position"
          }
      ],
      "value": "540+getAscent(2)+getTextFontSize(2)*0.2",
      "type": "number"
    }
  ]
}
