{
  "layerRules": [
    {
      "ind": 1,
      "layerName": "top text",
      "fontKey": "textBold",
      "textInd": [0],
      "maxLines": 1,
      "colorKey": "text",
      "fillColorKey": "background"
    },
    {
      "ind": 2,
      "layerName": "main text",
      "fontKey": "textBold",
      "textInd": [1],
      "maxLines": 3,
      "maxWidth": 1670,
      "colorKey": "text"
    },
    {
      "ind": 3,
      "layerName": "background text",
      "fontKey": "textBold",
      "textInd": [0],
      "lines": 1,
      "colorKey": "text"
    },
    {
      "ind": 4,
      "colorKey": "background"
    }
  ],
  "variables": [
    {
      "key": "$var0",
      "transformNodes" : [
          {
              "ind": 1,
              "layerType": 5,
              "transformType": "anchor_y",
              "description": "text top y anchor point"
          }
      ],
      "value": "-getTextMeasureHeight(1)/2",
      "type": "number"
    },
    {
      "key": "$var1",
      "transformNodes" : [
          {
              "ind": 3,
              "layerType": 5,
              "transformType": "anchor_y",
              "description": "background text y anchor point"
          }
      ],
      "value": "-getTextMeasureHeight(3)/2",
      "type": "number"
    },
    {
      "key": "$var2",
      "transformNodes" : [
          {
              "ind": 1,
              "layerType": 5,
              "transformKey": "topTextTransformKey",
              "transformType": "position_start_x",
              "description": "text top final x position"
          }
      ],
      "value": "getTextLayerWidth(1)/2+125",
      "type": "number"
    },
    {
      "key": "$var3",
      "transformNodes" : [
          {
              "ind": 2,
              "layerType": 5,
              "transformKey": "mainTextTransformKey_1",
              "transformType": "position_start_y",
              "description": "main text y position"
          },
          {
              "ind": 2,
              "layerType": 5,
              "transformKey": "mainTextTransformKey_2",
              "transformType": "position_start_y",              
              "description": "main text y position"
          }
      ],
      "value": "getTextMeasureHeight(1)/2+getAscent(2)+540+80",
      "type": "number"
    },
    {
      "key": "$var4",
      "transformNodes" : [
          {
              "ind": 1,
              "layerType": 5,
              "transformType": "out_point",
              "description": "end of animation"
          },
          {
              "ind": 2,
              "layerType": 5,
              "transformType": "out_point",
              "description": "end of animation"
          }
      ],
      "value": "getAnimationFrameCount()",
      "type": "number"
    }
  ]
}
