{
  "layerRules": [
    {
      "ind": 1,
      "layerName": "main_text",
      "fontKey": "textBold",
      "textInd": [0,1],
      "separator": "\r",
      "maxLines": 3,
      "colorKey": "background"
    },
    {
      "ind": 2,
      "layerName": "bg_text_top",
      "fontKey": "textBold",
      "minWidth": 3000,
      "textInd": [0,0,0,0],
      "colorKey": "background"
    },
    {
      "ind": 3,
      "layerName": "bg_text_bottom",
      "fontKey": "textBold",
      "minWidth": 3000,
      "textInd": [0,0,0,0],
      "colorKey": "background"
    },
    {
      "ind": 4,
      "layerName": "title_top",
      "fontKey": "textBold",
      "minWidth": 2000,
      "textInd": [0,0,0,0],
      "colorKey": "background"
    },
    {
      "ind": 5,
      "layerName": "title_middle",
      "fontKey": "textBold",
      "minWidth": 2000,
      "textInd": [0,0,0,0],
      "colorKey": "background"
    },
    {
      "ind": 6,
      "layerName": "title_bottom",
      "fontKey": "textBold",
      "minWidth": 2000,
      "textInd": [0,0,0,0],
      "colorKey": "background"
    },
    {
      "ind": 7,
      "layerName": "big_title",
      "fontKey": "textBold",
      "textInd": [0,0,0,0],
      "colorKey": "text"
    },
    {
      "ind": 8,
      "colorKeys": ["background","text"]
    }
  ],
  "variables": [
    {
      "key": "$var0",
      "value": "960-getMeasureCharWidth(7,0)/2",
      "type": "number",
      "description": "Big title start position x => Center on first character"
    },
    {
      "key": "$var1",
      "value": "$var0-getCharacterPositionX(7,(getInputTextLength(0)+1))",
      "type": "number",
      "description": "Big title end position x => Center on first character of 2nd occurrence"
    },
    {
      "key": "$var2",
      "value": "960-getMeasureTextWidth(2)/2-getMeasureCharWidth(2,getInputTextLength(0))/2-getMeasureCharWidth(2,0)/2-300",
      "type": "number",
      "description": "Bg text top start position x => Center on first character of 2nd occurrence - 300 padding"
    },
    {
      "key": "$var3",
      "value": "$var2+1750",
      "type": "number",
      "description": "Bg text top end position x => scroll of 1750px"
    },
    {
      "key": "$var4",
      "value": "960-getMeasureTextWidth(3)/2-getMeasureCharWidth(3,getInputTextLength(0))/2-getMeasureCharWidth(3,0)/2+300",
      "type": "number",
      "description": "Bg text bottom start position x => Center on first character of 2nd occurrence + 300 padding"
    },
    {
      "key": "$var5",
      "value": "$var4-1750",
      "type": "number",
      "description": "Bg text bottom end position x => scroll of 1750px"
    },
    {
      "key": "$nbOccurrence",
      "value": "(getTextLength(4)+1)/(getInputTextLength(0)+1)",
      "type": "number",
      "description": "input text occurrence on layer index 4"
    },
    {
      "key": "$var6",
      "value": "960-getCharacterPositionX(4,(getInputTextLength(0)+1)*$nbOccurrence/2)-getMeasureCharWidth(4,0)/2",
      "type": "number",
      "description": "Tittle top/bottom start position x => Center on first character of $nbOccurrence / 2"
    },
    {
      "key": "$var7",
      "value": "$var6+getCharacterPositionX(4,(getInputTextLength(0)+1))+getCharacterPositionX(4,(getInputTextLength(0)))/2-getMeasureCharWidth(4,0)/2",
      "type": "number",
      "description": "Tittle top/bottom end position x => Center on text of previous occurrence"
    },
    {
      "key": "$var8",
      "value": "960-getCharacterPositionX(5,(getInputTextLength(0)+1)*$nbOccurrence/2)-getMeasureCharWidth(5,0)/2",
      "type": "number",
      "description": "Tittle start position x => Center on first character of $nbOccurrence / 2"
    },
    {
      "key": "$var9",
      "value": "$var8-getCharacterPositionX(5,(getInputTextLength(0)+1))-getCharacterPositionX(5,(getInputTextLength(0)))/2+getMeasureCharWidth(5,0)/2",
      "type": "number",
      "description": "Tittle end position x => Center on text of next occurrence"
    },
    {
      "key": "$var10",
      "value": "652+504-getAscent(1)",
      "type": "number",
      "description": "main text 1st key frame of position y"
    },
    {
      "key": "$var11",
      "value": "540+504*43/100-getTextMeasureHeight(1)/2*43/100",
      "type": "number",
      "description": "main text 2nd key frame of position y => Center in the middle"
    }
  ]
}
