{
  "layerRules": [
    {
      "ind": 1,
      "layerName": "titleTop-titleText-title-0",
      "fontKey": "title",
      "textInd": [0],
      "maxLines": 1,
      "maxWidth": 1632,
      "colorKey": "titleText"
    },
    {
      "ind": 2,
      "layerName": "titleBottom-titleText-title-1",
      "fontKey": "title",
      "textInd": [1],
      "maxLines": 1,
      "maxWidth": 1632,
      "colorKey": "titleText"
    },
    {
      "ind": 4,
      "layerName": "textTop-subtitleTopText-textBold-2",
      "fontKey": "textBold",
      "textInd": [2],
      "maxLines": 1,
      "maxWidth": 1440,
      "colorKey": "subtitleTopText"
    },
    {
      "ind": 5,
      "colorKey": "subtitleTopBackground"
    },
    {
      "ind": 7,
      "layerName": "textBottom-subtitleBottomText-text-3",
      "fontKey": "text",
      "textInd": [3],
      "maxLines": 1,
      "maxWidth": 1440,
      "colorKey": "subtitleBottomText"
    },
    {
      "ind": 8,
      "colorKey": "subtitleBottomBackground"
    },
    {
      "ind": 9,
      "colorKey": "titleBackground",
      "opacityKey": "titleBackgroundOpacity"
    }
  ],
  "variables": [
    {
      "key": "",
      "value": "harmonizeFontSize(1,2)",
      "type": "unit",
      "description": "harmonize titleTop and titleBottom fontSize"
    },
    {
      "key": "$var0",
      "transformNodes" : [
          {
              "ind": 7,
              "layerType": 5,
              "transformKeyframeIndexes": [0,1,2],
              "transformType": "position_start_y",
              "description": "textBottom y position"
          },
          {
              "ind": 7,
              "layerType": 5,
              "transformKeyframeIndexes": [0,1,2],
              "transformType": "position_end_y",
              "description": "textBottom y position"
          },
          {
              "ind": 7,
              "layerType": 5,
              "transformKeyframeIndexes": [0,1,2],
              "transformType": "position_start_y",
              "description": "textBottom y position"
          },
          {
              "ind": 7,
              "layerType": 5,
              "transformKeyframeIndexes": [0,1,2],
              "transformType": "position_end_y",
              "description": "textBottom y position"
          },
          {
              "ind": 7,
              "layerType": 5,
              "transformKeyframeIndexes": [0,1,2],
              "transformType": "position_start_y",
              "description": "textBottom y position"
          },
          {
              "ind": 7,
              "layerType": 5,
              "transformKeyframeIndexes": [0,1,2],
              "transformType": "position_end_y",
              "description": "textBottom y position"
          }
      ],
      "value": "min(getBottomOfSafeArea()+getAscent(7)-getTextMeasureHeight(7)+getLastLineDescent(7)-50,980+getAscent(7)-getTextMeasureHeight(7)+getLastLineDescent(7))",
      "type": "number"
    },
    {
      "key": "$var1",
      "transformNodes" : [
          {
              "ind": 8,
              "layerType": 4,
              "transformShapeIndex": 0,
              "transformShapeItIndex": 0,
              "transformType": "frame_it_height",
              "description": "textBottomContainer height"
          },
          {
              "ind": 6,
              "layerType": 4,
              "transformShapeIndex": 0,
              "transformShapeItIndex": 0,
              "transformType": "frame_it_height",
              "description": "textBottomContainer height"
          }
      ],
      "value": "getTextMeasureHeight(7)+46",
      "type": "number"
    },
    {
      "key": "$var2",
      "transformNodes" : [
          {
              "ind": 8,
              "layerType": 4,
              "transformShapeIndex": 0,
              "transformShapeItIndex": 0,
              "transformType": "frame_it_width",
              "description": "textTopContainer width"
          },
          {
              "ind": 6,
              "layerType": 4,
              "transformShapeIndex": 0,
              "transformShapeItIndex": 0,
              "transformType": "frame_it_width",
              "description": "textBottomContainer width"
          }
      ],
      "value": "max(getTextLayerWidth(4)+64,getTextLayerWidth(7)+46)",
      "type": "number"
    },
    {
      "key": "$var3",
      "transformNodes" : [
          {
              "ind": 8,
              "layerType": 4,
              "transformType": "position_y",
              "description": "textBottomContainer position y"
          },
          {
              "ind": 6,
              "layerType": 4,
              "transformType": "position_y",
              "description": "textBottomContainer position y"
          }
      ],
      "value": "getResultForKey(\"$var0\")-getAscent(7)+getTextMeasureHeight(7)/2",
      "type": "number"
    },
    {
      "key": "$var4",
      "transformNodes" : [
          {
              "ind": 3,
              "layerType": 4,
              "transformShapeIndex": 0,
              "transformShapeItIndex": 0,
              "transformType": "frame_it_height",
              "description": "textTopContainer height"
          },
          {
              "ind": 5,
              "layerType": 4,
              "transformShapeIndex": 0,
              "transformShapeItIndex": 0,
              "transformType": "frame_it_height",
              "description": "textTopContainer height"
          }
      ],
      "value": "getTextMeasureHeight(4)+64",
      "type": "number"
    },
    {
      "key": "$var5",
      "transformNodes" : [
          {
              "ind": 4,
              "layerType": 5,
              "transformKeyframeIndexes": [0,1,2],
              "transformType": "position_start_y",
              "description": "textTop position y"
          },
          {
              "ind": 4,
              "layerType": 5,
              "transformKeyframeIndexes": [0,1,2],
              "transformType": "position_end_y",
              "description": "textTop position y"
          },
          {
              "ind": 4,
              "layerType": 5,
              "transformKeyframeIndexes": [0,1,2],
              "transformType": "position_start_y",
              "description": "textTop position y"
          },
          {
              "ind": 4,
              "layerType": 5,
              "transformKeyframeIndexes": [0,1,2],
              "transformType": "position_end_y",
              "description": "textTop position y"
          },
          {
              "ind": 4,
              "layerType": 5,
              "transformKeyframeIndexes": [0,1,2],
              "transformType": "position_start_y",
              "description": "textTop position y"
          },
          {
              "ind": 4,
              "layerType": 5,
              "transformKeyframeIndexes": [0,1,2],
              "transformType": "position_end_y",
              "description": "textTop position y"
          }
      ],
      "value": "getResultForKey(\"$var0\")-getAscent(7)-getTextMeasureHeight(4)+getAscent(4)-23-32",
      "type": "number"
    },
    {
      "key": "$var6",
      "transformNodes" : [
          {
              "ind": 3,
              "layerType": 4,
              "transformType": "position_y",              
              "description": "textTopContainer position y"
          },
          {
              "ind": 5,
              "layerType": 4,
              "transformType": "position_y",
              "description": "textTopContainer position y"
          }
      ],
      "value": "getResultForKey(\"$var5\")-getAscent(4)+getTextMeasureHeight(4)/2",
      "type": "number"
    },
    {
      "key": "$var7",
      "transformNodes" : [
          {
              "ind": 1,
              "layerType": 5,
              "transformKeyframeIndexes": [0,1,2,3],
              "transformType": "position_start_y",
              "description": "titleTop position y"
          },
          {
              "ind": 1,
              "layerType": 5,
              "transformKeyframeIndexes": [0,1,2,3],
              "transformType": "position_end_y",
              "description": "titleTop position y"
          }
      ],
      "value": "540-getTextMeasureHeight(1)+getAscent(1)-getTextFontSize(1)*0.2",
      "type": "number"
    },
    {
      "key": "$var8",
      "transformNodes" : [
          {
              "ind": 2,
              "layerType": 5,
              "transformKeyframeIndexes": [0,1,2,3],
              "transformType": "position_start_y",
              "description": "titleBottom position y"
          },
          {
              "ind": 2,
              "layerType": 5,
              "transformKeyframeIndexes": [0,1,2,3],
              "transformType": "position_end_y",
              "description": "titleBottom position y"
          }
      ],
      "value": "540+getAscent(2)+getTextFontSize(2)*0.2",
      "type": "number"
    }
  ]
}
