{
    "v": "5.4.4",
    "fr": 29.9700012207031,
    "ip": 0,
    "op": 59.9400024414062,
    "w": 1920,
    "h": 1080,
    "nm": "SEATTLE-FORD",
    "ddd": 0,
    "assets": [],
    "fonts": {
        "list": [
            {
                "origin": 0,
                "fPath": "",
                "fClass": "",
                "fFamily": "Signika",
                "fWeight": "",
                "fStyle": "Regular",
                "fName": "Signika-Regular",
                "ascent": 74.1985351778567
            }
        ]
    },
    "layers": [
        {
            "ddd": 0,
            "ind": 1,
            "ty": 5,
            "nm": "text-slideFullText-text-0",
            "sr": 1,
            "ks": {
                "o": {
                    "a": 0,
                    "k": 100,
                    "ix": 11
                },
                "r": {
                    "a": 0,
                    "k": 0,
                    "ix": 10
                },
                "p": {
                    "a": 1,
                    "k": [
                        {
                            "i": {
                                "x": 0,
                                "y": 1
                            },
                            "o": {
                                "x": 0,
                                "y": 0
                            },
                            "t": 0,
                            "s": [
                                960,
                                -200,
                                0
                            ],
                            "e": [
                                960,
                                579,
                                0
                            ],
                            "to": [
                                0,
                                130,
                                0
                            ],
                            "ti": [
                                0,
                                -130,
                                0
                            ]
                        },
                        {
                            "i": {
                                "x": 0,
                                "y": 0
                            },
                            "o": {
                                "x": 0.333,
                                "y": 0.333
                            },
                            "t": 10,
                            "s": [
                                960,
                                579,
                                0
                            ],
                            "e": [
                                960,
                                579,
                                0
                            ],
                            "to": [
                                0,
                                0,
                                0
                            ],
                            "ti": [
                                0,
                                0,
                                0
                            ]
                        },
                        {
                            "i": {
                                "x": 0,
                                "y": 1
                            },
                            "o": {
                                "x": 0.333,
                                "y": 0
                            },
                            "t": 22,
                            "s": [
                                960,
                                579,
                                0
                            ],
                            "e": [
                                960,
                                579,
                                0
                            ],
                            "to": [
                                0,
                                -0.077,
                                0
                            ],
                            "ti": [
                                0,
                                0.077,
                                0
                            ]
                        },
                        {
                            "t": 31.0000012626559
                        }
                    ],
                    "ix": 2
                },
                "a": {
                    "a": 0,
                    "k": [
                        0,
                        0,
                        0
                    ],
                    "ix": 1
                },
                "s": {
                    "a": 0,
                    "k": [
                        100,
                        100,
                        100
                    ],
                    "ix": 6
                }
            },
            "ao": 0,
            "t": {
                "d": {
                    "k": [
                        {
                            "s": {
                                "s": 120,
                                "f": "Signika-Regular",
                                "t": "Text",
                                "j": 2,
                                "tr": 0,
                                "lh": 144,
                                "ls": 0,
                                "fc": [
                                    1,
                                    1,
                                    1
                                ]
                            },
                            "t": 0
                        }
                    ]
                },
                "p": {},
                "m": {
                    "g": 1,
                    "a": {
                        "a": 0,
                        "k": [
                            0,
                            0
                        ],
                        "ix": 2
                    }
                },
                "a": []
            },
            "ip": 0,
            "op": 60.0000024438501,
            "st": 0,
            "bm": 0
        },
        {
            "ddd": 0,
            "ind": 2,
            "ty": 1,
            "nm": "container-slideFullBackground",
            "sr": 1,
            "ks": {
                "o": {
                    "a": 0,
                    "k": 100,
                    "ix": 11
                },
                "r": {
                    "a": 0,
                    "k": 0,
                    "ix": 10
                },
                "p": {
                    "a": 0,
                    "k": [
                        960,
                        540,
                        0
                    ],
                    "ix": 2
                },
                "a": {
                    "a": 0,
                    "k": [
                        960,
                        540,
                        0
                    ],
                    "ix": 1
                },
                "s": {
                    "a": 0,
                    "k": [
                        100,
                        100,
                        100
                    ],
                    "ix": 6
                }
            },
            "ao": 0,
            "sw": 1920,
            "sh": 1080,
            "sc": "#D3A86A",
            "ip": 0,
            "op": 60.0000024438501,
            "st": 0,
            "bm": 0
        }
    ],
    "markers": []
}
