{
    "v": "5.4.4",
    "fr": 29.9700012207031,
    "ip": 0,
    "op": 150.000006109625,
    "w": 206,
    "h": 220,
    "nm": "BERLIN-MAZDA",
    "ddd": 0,
    "assets": [],
    "fonts": {
      "list": [
        {
          "origin": 0,
          "fPath": "",
          "fClass": "",
          "fFamily": "Helvetica Neue",
          "fWeight": "",
          "fStyle": "Bold",
          "fName": "HelveticaNeue-Bold",
          "ascent": 71.39892578125
        },
        {
          "fName": "Lato-Bold",
          "fFamily": "Lato",
          "fStyle": "Bold",
          "ascent": 74
        },
        {
          "fName": "Lato-Regular",
          "fFamily": "Lato",
          "fStyle": "Regular",
          "ascent": 74
        }
      ]
    },
    "layers": [
      {
        "ddd": 0,
        "ind": 1,
        "ty": 5,
        "nm": "text-text-textBold-0",
        "sr": 1,
        "ks": {
          "o": {
            "a": 0,
            "k": 100,
            "ix": 11
          },
          "r": {
            "a": 0,
            "k": 0,
            "ix": 10
          },
          "p": {
            "a": 1,
            "k": [
              {
                "i": {
                  "x": 0,
                  "y": 1
                },
                "o": {
                  "x": 0,
                  "y": 0
                },
                "t": 0,
                "s": [
                  5,
                  303,
                  0
                ],
                "e": [
                  5,
                  206,
                  0
                ],
                "to": [
                  0,
                  -17.333,
                  0
                ],
                "ti": [
                  0,
                  17.333,
                  0
                ]
              },
              {
                "i": {
                  "x": 0.667,
                  "y": 0.667
                },
                "o": {
                  "x": 0.333,
                  "y": 0.333
                },
                "t": 8,
                "s": [
                  5,
                  206,
                  0
                ],
                "e": [
                  5,
                  206,
                  0
                ],
                "to": [
                  0,
                  0,
                  0
                ],
                "ti": [
                  0,
                  0,
                  0
                ]
              },
              {
                "i": {
                  "x": 0,
                  "y": 1
                },
                "o": {
                  "x": 0,
                  "y": 0
                },
                "t": 15,
                "s": [
                  5,
                  206,
                  0
                ],
                "e": [
                  5,
                  206,
                  0
                ],
                "to": [
                  0,
                  -12.167,
                  0
                ],
                "ti": [
                  0,
                  12.167,
                  0
                ]
              },
              {
                "i": {
                  "x": 0.667,
                  "y": 0.667
                },
                "o": {
                  "x": 0.333,
                  "y": 0.333
                },
                "t": 27,
                "s": [
                  5,
                  206,
                  0
                ],
                "e": [
                  5,
                  206,
                  0
                ],
                "to": [
                  0,
                  0,
                  0
                ],
                "ti": [
                  0,
                  0,
                  0
                ]
              },
              {
                "i": {
                  "x": 0,
                  "y": 1
                },
                "o": {
                  "x": 0,
                  "y": 0
                },
                "t": 34,
                "s": [
                  5,
                  206,
                  0
                ],
                "e": [
                  5,
                  206,
                  0
                ],
                "to": [
                  0,
                  -12.167,
                  0
                ],
                "ti": [
                  0,
                  12.167,
                  0
                ]
              },
              {
                "i": {
                  "x": 0,
                  "y": 0
                },
                "o": {
                  "x": 0.167,
                  "y": 0.167
                },
                "t": 46,
                "s": [
                  5,
                  206,
                  0
                ],
                "e": [
                  5,
                  206,
                  0
                ],
                "to": [
                  0,
                  0,
                  0
                ],
                "ti": [
                  0,
                  0,
                  0
                ]
              },
              {
                "i": {
                  "x": 1,
                  "y": 1
                },
                "o": {
                  "x": 1,
                  "y": 0
                },
                "t": 143,
                "s": [
                  5,
                  206,
                  0
                ],
                "e": [
                  5,
                  303,
                  0
                ],
                "to": [
                  0,
                  51.667,
                  0
                ],
                "ti": [
                  0,
                  -51.667,
                  0
                ]
              },
              {
                "t": 149.000006068894
              }
            ],
            "ix": 2
          },
          "a": {
            "a": 0,
            "k": [
              -98,
              0,
              0
            ],
            "ix": 1
          },
          "s": {
            "a": 0,
            "k": [
              100,
              100,
              100
            ],
            "ix": 6
          }
        },
        "ao": 0,
        "t": {
          "d": {
            "k": [
              {
                "s": {
                  "s": 70,
                  "f": "Lato-Regular",
                  "t": "Texte",
                  "j": 2,
                  "tr": 0,
                  "lh": 84,
                  "ls": 0,
                  "fc": [
                    1,
                    1,
                    1
                  ]
                },
                "t": 0
              }
            ]
          },
          "p": {},
          "m": {
            "g": 1,
            "a": {
              "a": 0,
              "k": [
                0,
                0
              ],
              "ix": 2
            }
          },
          "a": []
        },
        "ip": 0,
        "op": 150.000006109625,
        "st": 0,
        "bm": 0
      },
      {
        "ddd": 0,
        "ind": 2,
        "ty": 4,
        "nm": "textContainer-textBackground-0",
        "sr": 1,
        "ks": {
          "o": {
            "a": 0,
            "k": 100,
            "ix": 11
          },
          "r": {
            "a": 0,
            "k": 0,
            "ix": 10
          },
          "p": {
            "a": 1,
            "k": [
              {
                "i": {
                  "x": 0,
                  "y": 1
                },
                "o": {
                  "x": 0,
                  "y": 0
                },
                "t": 0,
                "s": [
                  5,
                  303,
                  0
                ],
                "e": [
                  5,
                  220,
                  0
                ],
                "to": [
                  0,
                  -17.333,
                  0
                ],
                "ti": [
                  0,
                  17.333,
                  0
                ]
              },
              {
                "i": {
                  "x": 0.667,
                  "y": 0.667
                },
                "o": {
                  "x": 0.333,
                  "y": 0.333
                },
                "t": 8,
                "s": [
                  5,
                  220,
                  0
                ],
                "e": [
                  5,
                  220,
                  0
                ],
                "to": [
                  0,
                  0,
                  0
                ],
                "ti": [
                  0,
                  0,
                  0
                ]
              },
              {
                "i": {
                  "x": 0,
                  "y": 1
                },
                "o": {
                  "x": 0,
                  "y": 0
                },
                "t": 15,
                "s": [
                  5,
                  220,
                  0
                ],
                "e": [
                  5,
                  220,
                  0
                ],
                "to": [
                  0,
                  -12.167,
                  0
                ],
                "ti": [
                  0,
                  12.167,
                  0
                ]
              },
              {
                "i": {
                  "x": 0.667,
                  "y": 0.667
                },
                "o": {
                  "x": 0.333,
                  "y": 0.333
                },
                "t": 27,
                "s": [
                  5,
                  220,
                  0
                ],
                "e": [
                  5,
                  220,
                  0
                ],
                "to": [
                  0,
                  0,
                  0
                ],
                "ti": [
                  0,
                  0,
                  0
                ]
              },
              {
                "i": {
                  "x": 0,
                  "y": 1
                },
                "o": {
                  "x": 0,
                  "y": 0
                },
                "t": 34,
                "s": [
                  5,
                  220,
                  0
                ],
                "e": [
                  5,
                  220,
                  0
                ],
                "to": [
                  0,
                  -12.167,
                  0
                ],
                "ti": [
                  0,
                  12.167,
                  0
                ]
              },
              {
                "i": {
                  "x": 0,
                  "y": 0
                },
                "o": {
                  "x": 0.167,
                  "y": 0.167
                },
                "t": 46,
                "s": [
                  5,
                  220,
                  0
                ],
                "e": [
                  5,
                  220,
                  0
                ],
                "to": [
                  0,
                  0,
                  0
                ],
                "ti": [
                  0,
                  0,
                  0
                ]
              },
              {
                "i": {
                  "x": 1,
                  "y": 1
                },
                "o": {
                  "x": 1,
                  "y": 0
                },
                "t": 143,
                "s": [
                  5,
                  220,
                  0
                ],
                "e": [
                  5,
                  303,
                  0
                ],
                "to": [
                  0,
                  51.667,
                  0
                ],
                "ti": [
                  0,
                  -51.667,
                  0
                ]
              },
              {
                "t": 149.000006068894
              }
            ],
            "ix": 2
          },
          "a": {
            "a": 0,
            "k": [
              -100,
              -26.711,
              0
            ],
            "ix": 1
          },
          "s": {
            "a": 0,
            "k": [
              100,
              100,
              100
            ],
            "ix": 6
          }
        },
        "ao": 0,
        "shapes": [
          {
            "ty": "gr",
            "it": [
              {
                "ty": "rc",
                "d": 1,
                "s": {
                  "a": 0,
                  "k": [
                    201,
                    73
                  ],
                  "ix": 2
                },
                "p": {
                  "a": 0,
                  "k": [
                    0,
                    0
                  ],
                  "ix": 3
                },
                "r": {
                  "a": 0,
                  "k": 0,
                  "ix": 4
                },
                "nm": "Tracé rectangulaire 1",
                "mn": "ADBE Vector Shape - Rect",
                "hd": false
              },
              {
                "ty": "fl",
                "c": {
                  "a": 0,
                  "k": [
                    0.89411765,
                    0.09803922,
                    0.09803922,
                    1
                  ],
                  "ix": 4
                },
                "o": {
                  "a": 0,
                  "k": 100,
                  "ix": 5
                },
                "r": 1,
                "bm": 0,
                "nm": "Fond 1",
                "mn": "ADBE Vector Graphic - Fill",
                "hd": false
              },
              {
                "ty": "tr",
                "p": {
                  "a": 0,
                  "k": [
                    0,
                    -66.723
                  ],
                  "ix": 2
                },
                "a": {
                  "a": 0,
                  "k": [
                    0,
                    0
                  ],
                  "ix": 1
                },
                "s": {
                  "a": 0,
                  "k": [
                    100,
                    100
                  ],
                  "ix": 3
                },
                "r": {
                  "a": 0,
                  "k": 0,
                  "ix": 6
                },
                "o": {
                  "a": 0,
                  "k": 100,
                  "ix": 7
                },
                "sk": {
                  "a": 0,
                  "k": 0,
                  "ix": 4
                },
                "sa": {
                  "a": 0,
                  "k": 0,
                  "ix": 5
                },
                "nm": "Transformer "
              }
            ],
            "nm": "Rectangle 1",
            "np": 3,
            "cix": 2,
            "bm": 0,
            "ix": 1,
            "mn": "ADBE Vector Group",
            "hd": false
          }
        ],
        "ip": 0,
        "op": 150.000006109625,
        "st": 0,
        "bm": 0
      }
    ],
    "markers": []
  }