{
    "v": "5.4.4",
    "fr": 29.9700012207031,
    "ip": 0,
    "op": 150.000006109625,
    "w": 1920,
    "h": 400,
    "nm": "BERLIN-NISSAN",
    "ddd": 0,
    "assets": [],
    "fonts": {
      "list": [
        {
          "origin": 0,
          "fPath": "",
          "fClass": "",
          "fFamily": "Helvetica Neue",
          "fWeight": "",
          "fStyle": "Light",
          "fName": "HelveticaNeue-Light",
          "ascent": 71.39892578125
        },
        {
          "origin": 0,
          "fPath": "",
          "fClass": "",
          "fFamily": "Helvetica Neue",
          "fWeight": "",
          "fStyle": "Bold",
          "fName": "HelveticaNeue-Bold",
          "ascent": 71.39892578125
        },
        {
          "fName": "Lato-Bold",
          "fFamily": "Lato",
          "fStyle": "Bold",
          "ascent": 74
        },
        {
          "fName": "Lato-Regular",
          "fFamily": "Lato",
          "fStyle": "Regular",
          "ascent": 74
        }
      ]
    },
    "layers": [
      {
        "ddd": 0,
        "ind": 1,
        "ty": 5,
        "nm": "textTop-text-textBold-0",
        "sr": 1,
        "ks": {
          "o": {
            "a": 0,
            "k": 100,
            "ix": 11
          },
          "r": {
            "a": 0,
            "k": 0,
            "ix": 10
          },
          "p": {
            "a": 1,
            "k": [
              {
                "i": {
                  "x": 0,
                  "y": 1
                },
                "o": {
                  "x": 0,
                  "y": 0
                },
                "t": 0,
                "s": [
                  960,
                  450,
                  0
                ],
                "e": [
                  960,
                  240,
                  0
                ],
                "to": [
                  0,
                  -36.667,
                  0
                ],
                "ti": [
                  0,
                  36.667,
                  0
                ]
              },
              {
                "i": {
                  "x": 0.047,
                  "y": 0.047
                },
                "o": {
                  "x": 0.167,
                  "y": 0.167
                },
                "t": 11,
                "s": [
                  960,
                  240,
                  0
                ],
                "e": [
                  960,
                  240,
                  0
                ],
                "to": [
                  0,
                  0,
                  0
                ],
                "ti": [
                  0,
                  0,
                  0
                ]
              },
              {
                "i": {
                  "x": 1,
                  "y": 1
                },
                "o": {
                  "x": 1,
                  "y": 0
                },
                "t": 139,
                "s": [
                  960,
                  240,
                  0
                ],
                "e": [
                  960,
                  450,
                  0
                ],
                "to": [
                  0,
                  40,
                  0
                ],
                "ti": [
                  0,
                  -40,
                  0
                ]
              },
              {
                "t": 148.000006028164
              }
            ],
            "ix": 2
          },
          "a": {
            "a": 0,
            "k": [
              0,
              -25.025,
              0
            ],
            "ix": 1
          },
          "s": {
            "a": 0,
            "k": [
              100,
              100,
              100
            ],
            "ix": 6
          }
        },
        "ao": 0,
        "t": {
          "d": {
            "k": [
              {
                "s": {
                  "s": 70,
                  "f": "Lato-Regular",
                  "t": "Texte haut",
                  "j": 2,
                  "tr": 0,
                  "lh": 84,
                  "ls": 0,
                  "fc": [
                    1,
                    1,
                    1
                  ]
                },
                "t": 0
              }
            ]
          },
          "p": {},
          "m": {
            "g": 1,
            "a": {
              "a": 0,
              "k": [
                0,
                0
              ],
              "ix": 2
            }
          },
          "a": []
        },
        "ip": 0,
        "op": 150.000006109625,
        "st": 0,
        "bm": 0
      },
      {
        "ddd": 0,
        "ind": 2,
        "ty": 5,
        "nm": "textBottom-text-text-1",
        "sr": 1,
        "ks": {
          "o": {
            "a": 0,
            "k": 100,
            "ix": 11
          },
          "r": {
            "a": 0,
            "k": 0,
            "ix": 10
          },
          "p": {
            "a": 1,
            "k": [
              {
                "i": {
                  "x": 0,
                  "y": 1
                },
                "o": {
                  "x": 0.024,
                  "y": 0
                },
                "t": 7,
                "s": [
                  960,
                  450,
                  0
                ],
                "e": [
                  960,
                  320,
                  0
                ],
                "to": [
                  0,
                  -23.333,
                  0
                ],
                "ti": [
                  0,
                  23.333,
                  0
                ]
              },
              {
                "i": {
                  "x": 0,
                  "y": 0
                },
                "o": {
                  "x": 0.167,
                  "y": 0.167
                },
                "t": 18,
                "s": [
                  960,
                  320,
                  0
                ],
                "e": [
                  960,
                  320,
                  0
                ],
                "to": [
                  0,
                  0,
                  0
                ],
                "ti": [
                  0,
                  0,
                  0
                ]
              },
              {
                "i": {
                  "x": 1,
                  "y": 1
                },
                "o": {
                  "x": 1,
                  "y": 0
                },
                "t": 134,
                "s": [
                  960,
                  320,
                  0
                ],
                "e": [
                  960,
                  450,
                  0
                ],
                "to": [
                  0,
                  26.667,
                  0
                ],
                "ti": [
                  0,
                  -26.667,
                  0
                ]
              },
              {
                "t": 139.000005661586
              }
            ],
            "ix": 2
          },
          "a": {
            "a": 0,
            "k": [
              0,
              -21.45,
              0
            ],
            "ix": 1
          },
          "s": {
            "a": 0,
            "k": [
              100,
              100,
              100
            ],
            "ix": 6
          }
        },
        "ao": 0,
        "t": {
          "d": {
            "k": [
              {
                "s": {
                  "s": 60,
                  "f": "Lato-Regular",
                  "t": "Texte bas",
                  "j": 2,
                  "tr": 0,
                  "lh": 72,
                  "ls": 0,
                  "fc": [
                    1,
                    1,
                    1
                  ]
                },
                "t": 0
              }
            ]
          },
          "p": {},
          "m": {
            "g": 1,
            "a": {
              "a": 0,
              "k": [
                0,
                0
              ],
              "ix": 2
            }
          },
          "a": []
        },
        "ip": 0,
        "op": 150.000006109625,
        "st": 0,
        "bm": 0
      },
      {
        "ddd": 0,
        "ind": 3,
        "ty": 4,
        "nm": "container-neutralGradientTop_neutralGradientBottom",
        "sr": 1,
        "ks": {
          "o": {
            "a": 1,
            "k": [
              {
                "i": {
                  "x": [
                    0
                  ],
                  "y": [
                    1
                  ]
                },
                "o": {
                  "x": [
                    0
                  ],
                  "y": [
                    0
                  ]
                },
                "t": 0,
                "s": [
                  0
                ],
                "e": [
                  80
                ]
              },
              {
                "i": {
                  "x": [
                    0.884
                  ],
                  "y": [
                    1
                  ]
                },
                "o": {
                  "x": [
                    0.333
                  ],
                  "y": [
                    0
                  ]
                },
                "t": 20,
                "s": [
                  80
                ],
                "e": [
                  80
                ]
              },
              {
                "i": {
                  "x": [
                    1
                  ],
                  "y": [
                    1.001
                  ]
                },
                "o": {
                  "x": [
                    1
                  ],
                  "y": [
                    0
                  ]
                },
                "t": 139,
                "s": [
                  80
                ],
                "e": [
                  0
                ]
              },
              {
                "t": 149.000006068894
              }
            ],
            "ix": 11
          },
          "r": {
            "a": 0,
            "k": 0,
            "ix": 10
          },
          "p": {
            "a": 0,
            "k": [
              960.891,
              195.432,
              0
            ],
            "ix": 2
          },
          "a": {
            "a": 0,
            "k": [
              0,
              0,
              0
            ],
            "ix": 1
          },
          "s": {
            "a": 0,
            "k": [
              100,
              100,
              100
            ],
            "ix": 6
          }
        },
        "ao": 0,
        "shapes": [
          {
            "ty": "gr",
            "it": [
              {
                "ty": "rc",
                "d": 1,
                "s": {
                  "a": 0,
                  "k": [
                    1920,
                    400
                  ],
                  "ix": 2
                },
                "p": {
                  "a": 0,
                  "k": [
                    0,
                    0
                  ],
                  "ix": 3
                },
                "r": {
                  "a": 0,
                  "k": 0,
                  "ix": 4
                },
                "nm": "Tracé rectangulaire 1",
                "mn": "ADBE Vector Shape - Rect",
                "hd": false
              },
              {
                "ty": "gf",
                "o": {
                  "a": 0,
                  "k": 100,
                  "ix": 10
                },
                "r": 1,
                "bm": 0,
                "g": {
                  "p": 2,
                  "k": {
                    "a": 0,
                    "k": [
                      0,
                      0,
                      0,
                      0,
                      0.7,
                      1,
                      1,
                      1,
                      0,
                      0.8,
                      0.7,
                      0
                    ],
                    "ix": 9
                  }
                },
                "s": {
                  "a": 0,
                  "k": [
                    1.757,
                    197.346
                  ],
                  "ix": 5
                },
                "e": {
                  "a": 0,
                  "k": [
                    1.391,
                    -244.655
                  ],
                  "ix": 6
                },
                "t": 1,
                "nm": "Fond en dégradé 1",
                "mn": "ADBE Vector Graphic - G-Fill",
                "hd": false
              },
              {
                "ty": "tr",
                "p": {
                  "a": 0,
                  "k": [
                    -0.891,
                    4.568
                  ],
                  "ix": 2
                },
                "a": {
                  "a": 0,
                  "k": [
                    0,
                    0
                  ],
                  "ix": 1
                },
                "s": {
                  "a": 0,
                  "k": [
                    100,
                    100
                  ],
                  "ix": 3
                },
                "r": {
                  "a": 0,
                  "k": 0,
                  "ix": 6
                },
                "o": {
                  "a": 0,
                  "k": 100,
                  "ix": 7
                },
                "sk": {
                  "a": 0,
                  "k": 0,
                  "ix": 4
                },
                "sa": {
                  "a": 0,
                  "k": 0,
                  "ix": 5
                },
                "nm": "Transformer "
              }
            ],
            "nm": "Rectangle 1",
            "np": 3,
            "cix": 2,
            "bm": 0,
            "ix": 1,
            "mn": "ADBE Vector Group",
            "hd": false
          }
        ],
        "ip": 0,
        "op": 150.000006109625,
        "st": 0,
        "bm": 0
      }
    ],
    "markers": []
  }