{
    "v": "5.4.4",
    "fr": 29.9700012207031,
    "ip": 0,
    "op": 149.8500061035155,
    "w": 1920,
    "h": 1080,
    "nm": "GENEVA-PLANE",
    "ddd": 0,
    "assets": [],
    "fonts": {
      "list": [
        {
          "origin": 0,
          "fPath": "",
          "fClass": "",
          "fFamily": "Lato",
          "fWeight": "",
          "fStyle": "Regular",
          "fName": "Lato-Regular",
          "ascent": 77.8076563198119
        },
        {
          "origin": 0,
          "fPath": "",
          "fClass": "",
          "fFamily": "Lato",
          "fWeight": "",
          "fStyle": "Black Italic",
          "fName": "Lato-BlackItalic",
          "ascent": 79.0085230190307
        },
        {
          "fName": "Lato-Bold",
          "fFamily": "Lato",
          "fStyle": "Bold",
          "ascent": 74
        },
        {
          "fName": "Lato-Regular",
          "fFamily": "Lato",
          "fStyle": "Regular",
          "ascent": 74
        }
      ]
    },
    "layers": [
      {
        "ddd": 0,
        "ind": 1,
        "ty": 5,
        "nm": "titleTop-titleText-title-0",
        "sr": 1,
        "ks": {
          "o": {
            "a": 1,
            "k": [
              {
                "i": {
                  "x": [
                    0.833
                  ],
                  "y": [
                    0.833
                  ]
                },
                "o": {
                  "x": [
                    0.167
                  ],
                  "y": [
                    0.167
                  ]
                },
                "t": 0,
                "s": [
                  0
                ],
                "e": [
                  100
                ]
              },
              {
                "i": {
                  "x": [
                    0.833
                  ],
                  "y": [
                    0.833
                  ]
                },
                "o": {
                  "x": [
                    0.167
                  ],
                  "y": [
                    0.167
                  ]
                },
                "t": 5,
                "s": [
                  100
                ],
                "e": [
                  100
                ]
              },
              {
                "i": {
                  "x": [
                    0.833
                  ],
                  "y": [
                    0.833
                  ]
                },
                "o": {
                  "x": [
                    0.167
                  ],
                  "y": [
                    0.167
                  ]
                },
                "t": 43,
                "s": [
                  100
                ],
                "e": [
                  0
                ]
              },
              {
                "t": 49.0000019958109
              }
            ],
            "ix": 11
          },
          "r": {
            "a": 0,
            "k": 0,
            "ix": 10
          },
          "p": {
            "a": 1,
            "k": [
              {
                "i": {
                  "x": 0,
                  "y": 1
                },
                "o": {
                  "x": 0.431,
                  "y": 0
                },
                "t": 0,
                "s": [
                  0,
                  428,
                  0
                ],
                "e": [
                  960,
                  428,
                  0
                ],
                "to": [
                  160,
                  0,
                  0
                ],
                "ti": [
                  -160,
                  0,
                  0
                ]
              },
              {
                "i": {
                  "x": 0.833,
                  "y": 0.833
                },
                "o": {
                  "x": 0.167,
                  "y": 0.167
                },
                "t": 10,
                "s": [
                  960,
                  428,
                  0
                ],
                "e": [
                  960,
                  428,
                  0
                ],
                "to": [
                  0,
                  0,
                  0
                ],
                "ti": [
                  0,
                  0,
                  0
                ]
              },
              {
                "i": {
                  "x": 0.833,
                  "y": 0.833
                },
                "o": {
                  "x": 0.167,
                  "y": 0.167
                },
                "t": 43,
                "s": [
                  960,
                  428,
                  0
                ],
                "e": [
                  1920,
                  428,
                  0
                ],
                "to": [
                  160,
                  0,
                  0
                ],
                "ti": [
                  -160,
                  0,
                  0
                ]
              },
              {
                "t": 49.0000019958109
              }
            ],
            "ix": 2
          },
          "a": {
            "a": 0,
            "k": [
              0,
              0,
              0
            ],
            "ix": 1
          },
          "s": {
            "a": 0,
            "k": [
              100,
              100,
              100
            ],
            "ix": 6
          }
        },
        "ao": 0,
        "t": {
          "d": {
            "k": [
              {
                "s": {
                  "s": 270,
                  "f": "Lato-Bold",
                  "t": "Titre en haut",
                  "j": 2,
                  "tr": 0,
                  "lh": 324,
                  "ls": 0,
                  "fc": [
                    1,
                    1,
                    1
                  ],
                  "sc": [
                    0,
                    0,
                    0
                  ],
                  "sw": 0.00999999977648,
                  "of": false
                },
                "t": 0
              }
            ]
          },
          "p": {},
          "m": {
            "g": 1,
            "a": {
              "a": 0,
              "k": [
                0,
                0
              ],
              "ix": 2
            }
          },
          "a": []
        },
        "ip": 0,
        "op": 192.00000782032,
        "st": 0,
        "bm": 0
      },
      {
        "ddd": 0,
        "ind": 2,
        "ty": 5,
        "nm": "titleBottom-titleText-title-1",
        "sr": 1,
        "ks": {
          "o": {
            "a": 1,
            "k": [
              {
                "i": {
                  "x": [
                    0.833
                  ],
                  "y": [
                    0.833
                  ]
                },
                "o": {
                  "x": [
                    0.167
                  ],
                  "y": [
                    0.167
                  ]
                },
                "t": 10,
                "s": [
                  0
                ],
                "e": [
                  100
                ]
              },
              {
                "i": {
                  "x": [
                    0.833
                  ],
                  "y": [
                    0.833
                  ]
                },
                "o": {
                  "x": [
                    0.167
                  ],
                  "y": [
                    0.167
                  ]
                },
                "t": 15,
                "s": [
                  100
                ],
                "e": [
                  100
                ]
              },
              {
                "i": {
                  "x": [
                    0.833
                  ],
                  "y": [
                    0.833
                  ]
                },
                "o": {
                  "x": [
                    0.167
                  ],
                  "y": [
                    0.167
                  ]
                },
                "t": 47,
                "s": [
                  100
                ],
                "e": [
                  0
                ]
              },
              {
                "t": 53.0000021587343
              }
            ],
            "ix": 11
          },
          "r": {
            "a": 0,
            "k": 0,
            "ix": 10
          },
          "p": {
            "a": 1,
            "k": [
              {
                "i": {
                  "x": 0.833,
                  "y": 0.833
                },
                "o": {
                  "x": 0.167,
                  "y": 0.167
                },
                "t": 10,
                "s": [
                  960,
                  1300,
                  0
                ],
                "e": [
                  960,
                  861,
                  0
                ],
                "to": [
                  0,
                  -73.333,
                  0
                ],
                "ti": [
                  0,
                  73.333,
                  0
                ]
              },
              {
                "i": {
                  "x": 0.833,
                  "y": 0.833
                },
                "o": {
                  "x": 0.167,
                  "y": 0.167
                },
                "t": 15,
                "s": [
                  960,
                  861,
                  0
                ],
                "e": [
                  960,
                  861,
                  0
                ],
                "to": [
                  0,
                  0,
                  0
                ],
                "ti": [
                  0,
                  0,
                  0
                ]
              },
              {
                "i": {
                  "x": 0.833,
                  "y": 0.833
                },
                "o": {
                  "x": 0.167,
                  "y": 0.167
                },
                "t": 47,
                "s": [
                  960,
                  861,
                  0
                ],
                "e": [
                  960,
                  -78,
                  0
                ],
                "to": [
                  0,
                  -133.333,
                  0
                ],
                "ti": [
                  0,
                  133.333,
                  0
                ]
              },
              {
                "t": 53.0000021587343
              }
            ],
            "ix": 2
          },
          "a": {
            "a": 0,
            "k": [
              0,
              0,
              0
            ],
            "ix": 1
          },
          "s": {
            "a": 0,
            "k": [
              100,
              100,
              100
            ],
            "ix": 6
          }
        },
        "ao": 0,
        "t": {
          "d": {
            "k": [
              {
                "s": {
                  "s": 270,
                  "f": "Lato-Bold",
                  "t": "Titre en bas",
                  "j": 2,
                  "tr": 0,
                  "lh": 324,
                  "ls": 0,
                  "fc": [
                    1,
                    1,
                    1
                  ],
                  "sc": [
                    0,
                    0,
                    0
                  ],
                  "sw": 0.00999999977648,
                  "of": false
                },
                "t": 0
              }
            ]
          },
          "p": {},
          "m": {
            "g": 1,
            "a": {
              "a": 0,
              "k": [
                0,
                0
              ],
              "ix": 2
            }
          },
          "a": []
        },
        "ip": 0,
        "op": 192.00000782032,
        "st": 0,
        "bm": 0
      },
      {
        "ddd": 0,
        "ind": 3,
        "ty": 5,
        "nm": "textTop-text-textBlack-2",
        "sr": 1,
        "ks": {
          "o": {
            "a": 1,
            "k": [
              {
                "i": {
                  "x": [
                    0.833
                  ],
                  "y": [
                    0.833
                  ]
                },
                "o": {
                  "x": [
                    0.167
                  ],
                  "y": [
                    0.167
                  ]
                },
                "t": 53,
                "s": [
                  0
                ],
                "e": [
                  100
                ]
              },
              {
                "i": {
                  "x": [
                    0.833
                  ],
                  "y": [
                    0.833
                  ]
                },
                "o": {
                  "x": [
                    0.167
                  ],
                  "y": [
                    0.167
                  ]
                },
                "t": 66,
                "s": [
                  100
                ],
                "e": [
                  100
                ]
              },
              {
                "i": {
                  "x": [
                    0.833
                  ],
                  "y": [
                    0.833
                  ]
                },
                "o": {
                  "x": [
                    0.167
                  ],
                  "y": [
                    0.167
                  ]
                },
                "t": 170,
                "s": [
                  100
                ],
                "e": [
                  0
                ]
              },
              {
                "t": 179.000007290819
              }
            ],
            "ix": 11
          },
          "r": {
            "a": 0,
            "k": 0,
            "ix": 10
          },
          "p": {
            "a": 1,
            "k": [
              {
                "i": {
                  "x": 0.833,
                  "y": 0.833
                },
                "o": {
                  "x": 0.167,
                  "y": 0.167
                },
                "t": 53,
                "s": [
                  560,
                  856,
                  0
                ],
                "e": [
                  960,
                  856,
                  0
                ],
                "to": [
                  66.667,
                  0,
                  0
                ],
                "ti": [
                  -66.667,
                  0,
                  0
                ]
              },
              {
                "i": {
                  "x": 0.833,
                  "y": 0.833
                },
                "o": {
                  "x": 0.167,
                  "y": 0.167
                },
                "t": 66,
                "s": [
                  960,
                  856,
                  0
                ],
                "e": [
                  960,
                  856,
                  0
                ],
                "to": [
                  0,
                  0,
                  0
                ],
                "ti": [
                  0,
                  0,
                  0
                ]
              },
              {
                "i": {
                  "x": 0.833,
                  "y": 0.833
                },
                "o": {
                  "x": 0.167,
                  "y": 0.167
                },
                "t": 170,
                "s": [
                  960,
                  856,
                  0
                ],
                "e": [
                  1420,
                  856,
                  0
                ],
                "to": [
                  76.667,
                  0,
                  0
                ],
                "ti": [
                  -76.667,
                  0,
                  0
                ]
              },
              {
                "t": 179.000007290819
              }
            ],
            "ix": 2
          },
          "a": {
            "a": 0,
            "k": [
              0,
              0,
              0
            ],
            "ix": 1
          },
          "s": {
            "a": 0,
            "k": [
              100,
              100,
              100
            ],
            "ix": 6
          }
        },
        "ao": 0,
        "t": {
          "d": {
            "k": [
              {
                "s": {
                  "s": 120,
                  "f": "Lato-Regular",
                  "t": "Sous-titre en haut",
                  "j": 2,
                  "tr": 0,
                  "lh": 144,
                  "ls": 0,
                  "fc": [
                    1,
                    1,
                    1
                  ],
                  "sc": [
                    0,
                    0,
                    0
                  ],
                  "sw": 0.00999999977648,
                  "of": false
                },
                "t": 0
              }
            ]
          },
          "p": {},
          "m": {
            "g": 1,
            "a": {
              "a": 0,
              "k": [
                0,
                0
              ],
              "ix": 2
            }
          },
          "a": []
        },
        "ip": 0,
        "op": 210.000008553475,
        "st": 0,
        "bm": 0
      },
      {
        "ddd": 0,
        "ind": 4,
        "ty": 4,
        "nm": "line-shape",
        "sr": 1,
        "ks": {
          "o": {
            "a": 0,
            "k": 100,
            "ix": 11
          },
          "r": {
            "a": 0,
            "k": 0,
            "ix": 10
          },
          "p": {
            "a": 0,
            "k": [
              960,
              886,
              0
            ],
            "ix": 2
          },
          "a": {
            "a": 0,
            "k": [
              0,
              0,
              0
            ],
            "ix": 1
          },
          "s": {
            "a": 1,
            "k": [
              {
                "i": {
                  "x": [
                    0.833,
                    0.833,
                    0.833
                  ],
                  "y": [
                    0.833,
                    0.833,
                    0.833
                  ]
                },
                "o": {
                  "x": [
                    0.167,
                    0.167,
                    0.167
                  ],
                  "y": [
                    0.167,
                    0.167,
                    0.167
                  ]
                },
                "t": 53,
                "s": [
                  0,
                  100,
                  100
                ],
                "e": [
                  100,
                  100,
                  100
                ]
              },
              {
                "i": {
                  "x": [
                    0.833,
                    0.833,
                    0.833
                  ],
                  "y": [
                    0.833,
                    0.833,
                    0.833
                  ]
                },
                "o": {
                  "x": [
                    0.167,
                    0.167,
                    0.167
                  ],
                  "y": [
                    0.167,
                    0.167,
                    0.167
                  ]
                },
                "t": 66,
                "s": [
                  100,
                  100,
                  100
                ],
                "e": [
                  100,
                  100,
                  100
                ]
              },
              {
                "i": {
                  "x": [
                    0.833,
                    0.833,
                    0.833
                  ],
                  "y": [
                    0.833,
                    0.833,
                    0.833
                  ]
                },
                "o": {
                  "x": [
                    0.167,
                    0.167,
                    0.167
                  ],
                  "y": [
                    0.167,
                    0.167,
                    0.167
                  ]
                },
                "t": 160,
                "s": [
                  100,
                  100,
                  100
                ],
                "e": [
                  0,
                  100,
                  100
                ]
              },
              {
                "t": 170.000006924242
              }
            ],
            "ix": 6
          }
        },
        "ao": 0,
        "shapes": [
          {
            "ty": "gr",
            "it": [
              {
                "ind": 0,
                "ty": "sh",
                "ix": 1,
                "ks": {
                  "a": 0,
                  "k": {
                    "i": [
                      [
                        0,
                        0
                      ],
                      [
                        0,
                        0
                      ]
                    ],
                    "o": [
                      [
                        0,
                        0
                      ],
                      [
                        0,
                        0
                      ]
                    ],
                    "v": [
                      [
                        -476,
                        0
                      ],
                      [
                        476,
                        0
                      ]
                    ],
                    "c": false
                  },
                  "ix": 2
                },
                "nm": "Tracé 1",
                "mn": "ADBE Vector Shape - Group",
                "hd": false
              },
              {
                "ty": "st",
                "c": {
                  "a": 0,
                  "k": [
                    1,
                    1,
                    1,
                    1
                  ],
                  "ix": 3
                },
                "o": {
                  "a": 0,
                  "k": 100,
                  "ix": 4
                },
                "w": {
                  "a": 0,
                  "k": 4,
                  "ix": 5
                },
                "lc": 1,
                "lj": 1,
                "ml": 4,
                "bm": 0,
                "nm": "Contour 1",
                "mn": "ADBE Vector Graphic - Stroke",
                "hd": false
              },
              {
                "ty": "fl",
                "c": {
                  "a": 0,
                  "k": [
                    1,
                    1,
                    1,
                    1
                  ],
                  "ix": 4
                },
                "o": {
                  "a": 0,
                  "k": 100,
                  "ix": 5
                },
                "r": 1,
                "bm": 0,
                "nm": "Fond 1",
                "mn": "ADBE Vector Graphic - Fill",
                "hd": false
              },
              {
                "ty": "tr",
                "p": {
                  "a": 0,
                  "k": [
                    0,
                    0
                  ],
                  "ix": 2
                },
                "a": {
                  "a": 0,
                  "k": [
                    0,
                    0
                  ],
                  "ix": 1
                },
                "s": {
                  "a": 0,
                  "k": [
                    100,
                    100
                  ],
                  "ix": 3
                },
                "r": {
                  "a": 0,
                  "k": 0,
                  "ix": 6
                },
                "o": {
                  "a": 0,
                  "k": 100,
                  "ix": 7
                },
                "sk": {
                  "a": 0,
                  "k": 0,
                  "ix": 4
                },
                "sa": {
                  "a": 0,
                  "k": 0,
                  "ix": 5
                },
                "nm": "Transformer "
              }
            ],
            "nm": "Forme 1",
            "np": 3,
            "cix": 2,
            "bm": 0,
            "ix": 1,
            "mn": "ADBE Vector Group",
            "hd": false
          }
        ],
        "ip": 0,
        "op": 195.000007942513,
        "st": 0,
        "bm": 0
      },
      {
        "ddd": 0,
        "ind": 5,
        "ty": 5,
        "nm": "textBottom-text-text-3",
        "sr": 1,
        "ks": {
          "o": {
            "a": 1,
            "k": [
              {
                "i": {
                  "x": [
                    0.833
                  ],
                  "y": [
                    0.833
                  ]
                },
                "o": {
                  "x": [
                    0.167
                  ],
                  "y": [
                    0.167
                  ]
                },
                "t": 53,
                "s": [
                  0
                ],
                "e": [
                  100
                ]
              },
              {
                "i": {
                  "x": [
                    0.833
                  ],
                  "y": [
                    0.833
                  ]
                },
                "o": {
                  "x": [
                    0.167
                  ],
                  "y": [
                    0.167
                  ]
                },
                "t": 66,
                "s": [
                  100
                ],
                "e": [
                  100
                ]
              },
              {
                "i": {
                  "x": [
                    0.833
                  ],
                  "y": [
                    0.833
                  ]
                },
                "o": {
                  "x": [
                    0.167
                  ],
                  "y": [
                    0.167
                  ]
                },
                "t": 170,
                "s": [
                  100
                ],
                "e": [
                  0
                ]
              },
              {
                "t": 179.000007290819
              }
            ],
            "ix": 11
          },
          "r": {
            "a": 0,
            "k": 0,
            "ix": 10
          },
          "p": {
            "a": 1,
            "k": [
              {
                "i": {
                  "x": 0.833,
                  "y": 0.833
                },
                "o": {
                  "x": 0.167,
                  "y": 0.167
                },
                "t": 53,
                "s": [
                  560,
                  960,
                  0
                ],
                "e": [
                  960,
                  960,
                  0
                ],
                "to": [
                  66.667,
                  0,
                  0
                ],
                "ti": [
                  -66.667,
                  0,
                  0
                ]
              },
              {
                "i": {
                  "x": 0.833,
                  "y": 0.833
                },
                "o": {
                  "x": 0.167,
                  "y": 0.167
                },
                "t": 66,
                "s": [
                  960,
                  960,
                  0
                ],
                "e": [
                  960,
                  960,
                  0
                ],
                "to": [
                  0,
                  0,
                  0
                ],
                "ti": [
                  0,
                  0,
                  0
                ]
              },
              {
                "i": {
                  "x": 0.833,
                  "y": 0.833
                },
                "o": {
                  "x": 0.167,
                  "y": 0.167
                },
                "t": 170,
                "s": [
                  960,
                  960,
                  0
                ],
                "e": [
                  1420,
                  960,
                  0
                ],
                "to": [
                  76.667,
                  0,
                  0
                ],
                "ti": [
                  -76.667,
                  0,
                  0
                ]
              },
              {
                "t": 179.000007290819
              }
            ],
            "ix": 2
          },
          "a": {
            "a": 0,
            "k": [
              0,
              0,
              0
            ],
            "ix": 1
          },
          "s": {
            "a": 0,
            "k": [
              100,
              100,
              100
            ],
            "ix": 6
          }
        },
        "ao": 0,
        "t": {
          "d": {
            "k": [
              {
                "s": {
                  "s": 59,
                  "f": "Lato-Regular",
                  "t": "Sous-titre en bas",
                  "j": 2,
                  "tr": 0,
                  "lh": 71,
                  "ls": 0,
                  "fc": [
                    1,
                    1,
                    1
                  ],
                  "sc": [
                    0,
                    0,
                    0
                  ],
                  "sw": 0.00999999977648,
                  "of": false
                },
                "t": 0
              }
            ]
          },
          "p": {},
          "m": {
            "g": 1,
            "a": {
              "a": 0,
              "k": [
                0,
                0
              ],
              "ix": 2
            }
          },
          "a": []
        },
        "ip": 0,
        "op": 194.000007901782,
        "st": 0,
        "bm": 0
      },
      {
        "ddd": 0,
        "ind": 6,
        "ty": 1,
        "nm": "container-titleBackground",
        "sr": 1,
        "ks": {
          "o": {
            "a": 0,
            "k": 50,
            "ix": 11
          },
          "r": {
            "a": 0,
            "k": 0,
            "ix": 10
          },
          "p": {
            "a": 0,
            "k": [
              960,
              540,
              0
            ],
            "ix": 2
          },
          "a": {
            "a": 0,
            "k": [
              960,
              540,
              0
            ],
            "ix": 1
          },
          "s": {
            "a": 0,
            "k": [
              100,
              100,
              100
            ],
            "ix": 6
          }
        },
        "ao": 0,
        "sw": 1920,
        "sh": 1080,
        "sc": "#000000",
        "ip": 0,
        "op": 219.000008920053,
        "st": 0,
        "bm": 0
      }
    ],
    "markers": []
  }