{
    "v": "5.4.4",
    "fr": 29.9700012207031,
    "ip": 0,
    "op": 150.000006109625,
    "w": 245,
    "h": 120,
    "nm": "GENEVA-MUSTANG",
    "ddd": 0,
    "assets": [],
    "fonts": {
      "list": [
        {
          "origin": 0,
          "fPath": "",
          "fClass": "",
          "fFamily": "Lato",
          "fWeight": "",
          "fStyle": "Bold",
          "fName": "Lato-Bold",
          "ascent": 78.3584986049682
        },
        {
          "fName": "Lato-Bold",
          "fFamily": "Lato",
          "fStyle": "Bold",
          "ascent": 74
        },
        {
          "fName": "Lato-Regular",
          "fFamily": "Lato",
          "fStyle": "Regular",
          "ascent": 74
        }
      ]
    },
    "layers": [
      {
        "ddd": 0,
        "ind": 1,
        "ty": 5,
        "nm": "text-text-textBold-0",
        "sr": 1,
        "ks": {
          "o": {
            "a": 1,
            "k": [
              {
                "i": {
                  "x": [
                    0.833
                  ],
                  "y": [
                    0.833
                  ]
                },
                "o": {
                  "x": [
                    0.167
                  ],
                  "y": [
                    0.167
                  ]
                },
                "t": 5.994,
                "s": [
                  0
                ],
                "e": [
                  100
                ]
              },
              {
                "i": {
                  "x": [
                    0.833
                  ],
                  "y": [
                    0.833
                  ]
                },
                "o": {
                  "x": [
                    0.167
                  ],
                  "y": [
                    0.167
                  ]
                },
                "t": 11.988,
                "s": [
                  100
                ],
                "e": [
                  100
                ]
              },
              {
                "i": {
                  "x": [
                    0.833
                  ],
                  "y": [
                    0.833
                  ]
                },
                "o": {
                  "x": [
                    0.167
                  ],
                  "y": [
                    0.167
                  ]
                },
                "t": 135,
                "s": [
                  100
                ],
                "e": [
                  0
                ]
              },
              {
                "t": 143.856255859385
              }
            ],
            "ix": 11
          },
          "r": {
            "a": 0,
            "k": 0,
            "ix": 10
          },
          "p": {
            "a": 1,
            "k": [
              {
                "i": {
                  "x": 0.833,
                  "y": 0.833
                },
                "o": {
                  "x": 0.167,
                  "y": 0.167
                },
                "t": 6,
                "s": [
                  0,
                  24,
                  0
                ],
                "e": [
                  40,
                  24,
                  0
                ],
                "to": [
                  6.667,
                  0,
                  0
                ],
                "ti": [
                  -6.667,
                  0,
                  0
                ]
              },
              {
                "i": {
                  "x": 0.833,
                  "y": 0.833
                },
                "o": {
                  "x": 0.167,
                  "y": 0.167
                },
                "t": 12,
                "s": [
                  40,
                  24,
                  0
                ],
                "e": [
                  40,
                  24,
                  0
                ],
                "to": [
                  0,
                  0,
                  0
                ],
                "ti": [
                  0,
                  0,
                  0
                ]
              },
              {
                "i": {
                  "x": 0.833,
                  "y": 0.833
                },
                "o": {
                  "x": 0.167,
                  "y": 0.167
                },
                "t": 135,
                "s": [
                  40,
                  24,
                  0
                ],
                "e": [
                  0,
                  24,
                  0
                ],
                "to": [
                  -6.667,
                  0,
                  0
                ],
                "ti": [
                  6.667,
                  0,
                  0
                ]
              },
              {
                "t": 144.00000586524
              }
            ],
            "ix": 2
          },
          "a": {
            "a": 0,
            "k": [
              0.88,
              -57.563,
              0
            ],
            "ix": 1
          },
          "s": {
            "a": 0,
            "k": [
              100,
              100,
              100
            ],
            "ix": 6
          }
        },
        "ao": 0,
        "ef": [
          {
            "ty": 25,
            "nm": "Ombre portée",
            "np": 8,
            "mn": "ADBE Drop Shadow",
            "ix": 1,
            "en": 1,
            "ef": [
              {
                "ty": 2,
                "nm": "Couleur",
                "mn": "ADBE Drop Shadow-0001",
                "ix": 1,
                "v": {
                  "a": 0,
                  "k": [
                    0,
                    0,
                    0,
                    1
                  ],
                  "ix": 1
                }
              },
              {
                "ty": 0,
                "nm": "Opacité",
                "mn": "ADBE Drop Shadow-0002",
                "ix": 2,
                "v": {
                  "a": 0,
                  "k": 70,
                  "ix": 2
                }
              },
              {
                "ty": 0,
                "nm": "Direction",
                "mn": "ADBE Drop Shadow-0003",
                "ix": 3,
                "v": {
                  "a": 0,
                  "k": 135,
                  "ix": 3
                }
              },
              {
                "ty": 0,
                "nm": "Distance",
                "mn": "ADBE Drop Shadow-0004",
                "ix": 4,
                "v": {
                  "a": 0,
                  "k": 0,
                  "ix": 4
                }
              },
              {
                "ty": 0,
                "nm": "Lissage",
                "mn": "ADBE Drop Shadow-0005",
                "ix": 5,
                "v": {
                  "a": 0,
                  "k": 20,
                  "ix": 5
                }
              },
              {
                "ty": 7,
                "nm": "Ombre seulement",
                "mn": "ADBE Drop Shadow-0006",
                "ix": 6,
                "v": {
                  "a": 0,
                  "k": 0,
                  "ix": 6
                }
              }
            ]
          }
        ],
        "t": {
          "d": {
            "k": [
              {
                "s": {
                  "s": 80,
                  "f": "Lato-Regular",
                  "t": "Texte",
                  "j": 3,
                  "tr": 0,
                  "lh": 96,
                  "ls": 0,
                  "fc": [
                    1,
                    1,
                    1
                  ],
                  "sc": [
                    0,
                    0,
                    0
                  ],
                  "sw": 0.00999999977648,
                  "of": false
                },
                "t": 0
              }
            ]
          },
          "p": {},
          "m": {
            "g": 1,
            "a": {
              "a": 0,
              "k": [
                0,
                0
              ],
              "ix": 2
            }
          },
          "a": []
        },
        "ip": 0,
        "op": 149.850006103516,
        "st": 0,
        "bm": 0
      },
      {
        "ddd": 0,
        "ind": 2,
        "ty": 4,
        "nm": "line-shape",
        "sr": 1,
        "ks": {
          "o": {
            "a": 0,
            "k": 100,
            "ix": 11
          },
          "r": {
            "a": 0,
            "k": 0,
            "ix": 10
          },
          "p": {
            "a": 0,
            "k": [
              10.383,
              0.159,
              0
            ],
            "ix": 2
          },
          "a": {
            "a": 0,
            "k": [
              -438.367,
              -59.841,
              0
            ],
            "ix": 1
          },
          "s": {
            "a": 1,
            "k": [
              {
                "i": {
                  "x": [
                    0.833,
                    0.833,
                    0.833
                  ],
                  "y": [
                    0.833,
                    0.833,
                    0.833
                  ]
                },
                "o": {
                  "x": [
                    0.167,
                    0.167,
                    0.167
                  ],
                  "y": [
                    0.167,
                    0.167,
                    0.167
                  ]
                },
                "t": 0,
                "s": [
                  100,
                  0,
                  100
                ],
                "e": [
                  100,
                  100,
                  100
                ]
              },
              {
                "i": {
                  "x": [
                    0.833,
                    0.833,
                    0.833
                  ],
                  "y": [
                    0.833,
                    0.833,
                    0.833
                  ]
                },
                "o": {
                  "x": [
                    0.167,
                    0.167,
                    0.167
                  ],
                  "y": [
                    0.167,
                    0.167,
                    0.167
                  ]
                },
                "t": 5.994,
                "s": [
                  100,
                  100,
                  100
                ],
                "e": [
                  100,
                  100,
                  100
                ]
              },
              {
                "i": {
                  "x": [
                    0.833,
                    0.833,
                    0.833
                  ],
                  "y": [
                    0.833,
                    0.833,
                    0.833
                  ]
                },
                "o": {
                  "x": [
                    0.167,
                    0.167,
                    0.167
                  ],
                  "y": [
                    0.167,
                    0.167,
                    0.167
                  ]
                },
                "t": 140.26,
                "s": [
                  100,
                  100,
                  100
                ],
                "e": [
                  100,
                  0,
                  100
                ]
              },
              {
                "t": 147.452506005863
              }
            ],
            "ix": 6
          }
        },
        "ao": 0,
        "ef": [
          {
            "ty": 25,
            "nm": "Ombre portée",
            "np": 8,
            "mn": "ADBE Drop Shadow",
            "ix": 1,
            "en": 1,
            "ef": [
              {
                "ty": 2,
                "nm": "Couleur",
                "mn": "ADBE Drop Shadow-0001",
                "ix": 1,
                "v": {
                  "a": 0,
                  "k": [
                    0,
                    0,
                    0,
                    1
                  ],
                  "ix": 1
                }
              },
              {
                "ty": 0,
                "nm": "Opacité",
                "mn": "ADBE Drop Shadow-0002",
                "ix": 2,
                "v": {
                  "a": 0,
                  "k": 70,
                  "ix": 2
                }
              },
              {
                "ty": 0,
                "nm": "Direction",
                "mn": "ADBE Drop Shadow-0003",
                "ix": 3,
                "v": {
                  "a": 0,
                  "k": 135,
                  "ix": 3
                }
              },
              {
                "ty": 0,
                "nm": "Distance",
                "mn": "ADBE Drop Shadow-0004",
                "ix": 4,
                "v": {
                  "a": 0,
                  "k": 0,
                  "ix": 4
                }
              },
              {
                "ty": 0,
                "nm": "Lissage",
                "mn": "ADBE Drop Shadow-0005",
                "ix": 5,
                "v": {
                  "a": 0,
                  "k": 20,
                  "ix": 5
                }
              },
              {
                "ty": 7,
                "nm": "Ombre seulement",
                "mn": "ADBE Drop Shadow-0006",
                "ix": 6,
                "v": {
                  "a": 0,
                  "k": 0,
                  "ix": 6
                }
              }
            ]
          }
        ],
        "shapes": [
          {
            "ty": "gr",
            "it": [
              {
                "ind": 0,
                "ty": "sh",
                "ix": 1,
                "ks": {
                  "a": 0,
                  "k": {
                    "i": [
                      [
                        0,
                        0
                      ],
                      [
                        0,
                        0
                      ]
                    ],
                    "o": [
                      [
                        0,
                        0
                      ],
                      [
                        0,
                        0
                      ]
                    ],
                    "v": [
                      [
                        -438.367,
                        -59.753
                      ],
                      [
                        -438.367,
                        59.753
                      ]
                    ],
                    "c": false
                  },
                  "ix": 2
                },
                "nm": "Tracé 1",
                "mn": "ADBE Vector Shape - Group",
                "hd": false
              },
              {
                "ty": "st",
                "c": {
                  "a": 0,
                  "k": [
                    1,
                    1,
                    1,
                    1
                  ],
                  "ix": 3
                },
                "o": {
                  "a": 0,
                  "k": 100,
                  "ix": 4
                },
                "w": {
                  "a": 0,
                  "k": 10,
                  "ix": 5
                },
                "lc": 1,
                "lj": 1,
                "ml": 4,
                "bm": 0,
                "nm": "Contour 1",
                "mn": "ADBE Vector Graphic - Stroke",
                "hd": false
              },
              {
                "ty": "fl",
                "c": {
                  "a": 0,
                  "k": [
                    1,
                    1,
                    1,
                    1
                  ],
                  "ix": 4
                },
                "o": {
                  "a": 0,
                  "k": 100,
                  "ix": 5
                },
                "r": 1,
                "bm": 0,
                "nm": "Fond 1",
                "mn": "ADBE Vector Graphic - Fill",
                "hd": false
              },
              {
                "ty": "tr",
                "p": {
                  "a": 0,
                  "k": [
                    0,
                    0
                  ],
                  "ix": 2
                },
                "a": {
                  "a": 0,
                  "k": [
                    0,
                    0
                  ],
                  "ix": 1
                },
                "s": {
                  "a": 0,
                  "k": [
                    100,
                    100
                  ],
                  "ix": 3
                },
                "r": {
                  "a": 0,
                  "k": 0,
                  "ix": 6
                },
                "o": {
                  "a": 0,
                  "k": 100,
                  "ix": 7
                },
                "sk": {
                  "a": 0,
                  "k": 0,
                  "ix": 4
                },
                "sa": {
                  "a": 0,
                  "k": 0,
                  "ix": 5
                },
                "nm": "Transformer "
              }
            ],
            "nm": "Forme 1",
            "np": 3,
            "cix": 2,
            "bm": 0,
            "ix": 1,
            "mn": "ADBE Vector Group",
            "hd": false
          }
        ],
        "ip": 0,
        "op": 149.850006103516,
        "st": 0,
        "bm": 0
      }
    ],
    "markers": []
  }