{
    "v": "5.4.4",
    "fr": 29.9700012207031,
    "ip": 0,
    "op": 30.0000012219251,
    "w": 1920,
    "h": 1080,
    "nm": "GENEVA-PEUGEOT",
    "ddd": 0,
    "assets": [],
    "fonts": {
      "list": [
        {
          "origin": 0,
          "fPath": "",
          "fClass": "",
          "fFamily": "Lato",
          "fWeight": "",
          "fStyle": "Black Italic",
          "fName": "Lato-BlackItalic",
          "ascent": 79.0085230190307
        },
        {
          "fName": "Lato-Regular",
          "fFamily": "Lato",
          "fStyle": "Regular",
          "ascent": 74
        }
      ]
    },
    "layers": [
      {
        "ddd": 0,
        "ind": 1,
        "ty": 5,
        "nm": "textTop-text-textBlackItalic-0",
        "sr": 1,
        "ks": {
          "o": {
            "a": 1,
            "k": [
              {
                "i": {
                  "x": [
                    0.833
                  ],
                  "y": [
                    0.833
                  ]
                },
                "o": {
                  "x": [
                    0.167
                  ],
                  "y": [
                    0.167
                  ]
                },
                "t": 6,
                "s": [
                  0
                ],
                "e": [
                  100
                ]
              },
              {
                "t": 21.0000008553475
              }
            ],
            "ix": 11
          },
          "r": {
            "a": 0,
            "k": 0,
            "ix": 10
          },
          "p": {
            "a": 1,
            "k": [
              {
                "i": {
                  "x": 0,
                  "y": 1
                },
                "o": {
                  "x": 0.167,
                  "y": 0.167
                },
                "t": -4,
                "s": [
                  540,
                  449,
                  0
                ],
                "e": [
                  338.824,
                  449,
                  0
                ],
                "to": [
                  19.578,
                  0,
                  0
                ],
                "ti": [
                  -43.242,
                  0,
                  0
                ]
              },
              {
                "i": {
                  "x": 0,
                  "y": 1
                },
                "o": {
                  "x": 0.271,
                  "y": 0
                },
                "t": 6,
                "s": [
                  338.824,
                  449,
                  0
                ],
                "e": [
                  960,
                  449,
                  0
                ],
                "to": [
                  111.371,
                  0,
                  0
                ],
                "ti": [
                  -50.422,
                  0,
                  0
                ]
              },
              {
                "t": 27.0000010997325
              }
            ],
            "ix": 2
          },
          "a": {
            "a": 0,
            "k": [
              0,
              0,
              0
            ],
            "ix": 1
          },
          "s": {
            "a": 0,
            "k": [
              100,
              100,
              100
            ],
            "ix": 6
          }
        },
        "ao": 0,
        "t": {
          "d": {
            "k": [
              {
                "s": {
                  "s": 220,
                  "f": "Lato-Regular",
                  "t": "Option A",
                  "j": 2,
                  "tr": 0,
                  "lh": 264,
                  "ls": 0,
                  "fc": [
                    1,
                    1,
                    1
                  ],
                  "sc": [
                    0,
                    0,
                    0
                  ],
                  "sw": 0.00999999977648,
                  "of": false
                },
                "t": 0
              }
            ]
          },
          "p": {},
          "m": {
            "g": 1,
            "a": {
              "a": 0,
              "k": [
                0,
                0
              ],
              "ix": 2
            }
          },
          "a": []
        },
        "ip": 0,
        "op": 30.0000012219251,
        "st": 0,
        "bm": 0
      },
      {
        "ddd": 0,
        "ind": 2,
        "ty": 4,
        "nm": "line-shape",
        "sr": 1,
        "ks": {
          "o": {
            "a": 0,
            "k": 100,
            "ix": 11
          },
          "r": {
            "a": 0,
            "k": 0,
            "ix": 10
          },
          "p": {
            "a": 0,
            "k": [
              960,
              540,
              0
            ],
            "ix": 2
          },
          "a": {
            "a": 0,
            "k": [
              0,
              0,
              0
            ],
            "ix": 1
          },
          "s": {
            "a": 1,
            "k": [
              {
                "i": {
                  "x": [
                    0,
                    0,
                    0.833
                  ],
                  "y": [
                    1,
                    1,
                    1
                  ]
                },
                "o": {
                  "x": [
                    0.059,
                    0,
                    0.167
                  ],
                  "y": [
                    0,
                    0,
                    0
                  ]
                },
                "t": 0,
                "s": [
                  0,
                  100,
                  100
                ],
                "e": [
                  100,
                  100,
                  100
                ]
              },
              {
                "t": 27.0000010997325
              }
            ],
            "ix": 6
          }
        },
        "ao": 0,
        "shapes": [
          {
            "ty": "gr",
            "it": [
              {
                "ind": 0,
                "ty": "sh",
                "ix": 1,
                "ks": {
                  "a": 0,
                  "k": {
                    "i": [
                      [
                        0,
                        0
                      ],
                      [
                        0,
                        0
                      ]
                    ],
                    "o": [
                      [
                        0,
                        0
                      ],
                      [
                        0,
                        0
                      ]
                    ],
                    "v": [
                      [
                        -440.5,
                        0
                      ],
                      [
                        440.5,
                        0
                      ]
                    ],
                    "c": false
                  },
                  "ix": 2
                },
                "nm": "Tracé 1",
                "mn": "ADBE Vector Shape - Group",
                "hd": false
              },
              {
                "ty": "st",
                "c": {
                  "a": 0,
                  "k": [
                    1,
                    1,
                    1,
                    1
                  ],
                  "ix": 3
                },
                "o": {
                  "a": 0,
                  "k": 100,
                  "ix": 4
                },
                "w": {
                  "a": 0,
                  "k": 4,
                  "ix": 5
                },
                "lc": 1,
                "lj": 1,
                "ml": 4,
                "bm": 0,
                "nm": "Contour 1",
                "mn": "ADBE Vector Graphic - Stroke",
                "hd": false
              },
              {
                "ty": "fl",
                "c": {
                  "a": 0,
                  "k": [
                    1,
                    1,
                    1,
                    1
                  ],
                  "ix": 4
                },
                "o": {
                  "a": 0,
                  "k": 100,
                  "ix": 5
                },
                "r": 1,
                "bm": 0,
                "nm": "Fond 1",
                "mn": "ADBE Vector Graphic - Fill",
                "hd": false
              },
              {
                "ty": "tr",
                "p": {
                  "a": 0,
                  "k": [
                    0,
                    0
                  ],
                  "ix": 2
                },
                "a": {
                  "a": 0,
                  "k": [
                    0,
                    0
                  ],
                  "ix": 1
                },
                "s": {
                  "a": 0,
                  "k": [
                    100,
                    100
                  ],
                  "ix": 3
                },
                "r": {
                  "a": 0,
                  "k": 0,
                  "ix": 6
                },
                "o": {
                  "a": 0,
                  "k": 100,
                  "ix": 7
                },
                "sk": {
                  "a": 0,
                  "k": 0,
                  "ix": 4
                },
                "sa": {
                  "a": 0,
                  "k": 0,
                  "ix": 5
                },
                "nm": "Transformer "
              }
            ],
            "nm": "Forme 1",
            "np": 3,
            "cix": 2,
            "bm": 0,
            "ix": 1,
            "mn": "ADBE Vector Group",
            "hd": false
          }
        ],
        "ip": 0,
        "op": 30.0000012219251,
        "st": 0,
        "bm": 0
      },
      {
        "ddd": 0,
        "ind": 3,
        "ty": 5,
        "nm": "textBottom-text-textBlackItalic-1",
        "sr": 1,
        "ks": {
          "o": {
            "a": 1,
            "k": [
              {
                "i": {
                  "x": [
                    0.833
                  ],
                  "y": [
                    0.833
                  ]
                },
                "o": {
                  "x": [
                    0.167
                  ],
                  "y": [
                    0.167
                  ]
                },
                "t": 12,
                "s": [
                  0
                ],
                "e": [
                  100
                ]
              },
              {
                "t": 29.0000011811942
              }
            ],
            "ix": 11
          },
          "r": {
            "a": 0,
            "k": 0,
            "ix": 10
          },
          "p": {
            "a": 1,
            "k": [
              {
                "i": {
                  "x": 0,
                  "y": 0.959
                },
                "o": {
                  "x": 0.021,
                  "y": 0.001
                },
                "t": 12,
                "s": [
                  210,
                  802,
                  0
                ],
                "e": [
                  960,
                  802,
                  0
                ],
                "to": [
                  125,
                  0,
                  0
                ],
                "ti": [
                  -125,
                  0,
                  0
                ]
              },
              {
                "t": 29.0000011811942
              }
            ],
            "ix": 2
          },
          "a": {
            "a": 0,
            "k": [
              0,
              0,
              0
            ],
            "ix": 1
          },
          "s": {
            "a": 0,
            "k": [
              100,
              100,
              100
            ],
            "ix": 6
          }
        },
        "ao": 0,
        "t": {
          "d": {
            "k": [
              {
                "s": {
                  "s": 220,
                  "f": "Lato-Regular",
                  "t": "Option B",
                  "j": 2,
                  "tr": 0,
                  "lh": 264,
                  "ls": 0,
                  "fc": [
                    1,
                    1,
                    1
                  ],
                  "sc": [
                    0,
                    0,
                    0
                  ],
                  "sw": 0.00999999977648,
                  "of": false
                },
                "t": 0
              }
            ]
          },
          "p": {},
          "m": {
            "g": 1,
            "a": {
              "a": 0,
              "k": [
                0,
                0
              ],
              "ix": 2
            }
          },
          "a": []
        },
        "ip": 0,
        "op": 30.0000012219251,
        "st": 0,
        "bm": 0
      },
      {
        "ddd": 0,
        "ind": 4,
        "ty": 1,
        "nm": "container-background",
        "sr": 1,
        "ks": {
          "o": {
            "a": 0,
            "k": 100,
            "ix": 11
          },
          "r": {
            "a": 0,
            "k": 0,
            "ix": 10
          },
          "p": {
            "a": 0,
            "k": [
              960,
              540,
              0
            ],
            "ix": 2
          },
          "a": {
            "a": 0,
            "k": [
              960,
              540,
              0
            ],
            "ix": 1
          },
          "s": {
            "a": 0,
            "k": [
              100,
              100,
              100
            ],
            "ix": 6
          }
        },
        "ao": 0,
        "sw": 1920,
        "sh": 1080,
        "sc": "#E41919",
        "ip": 0,
        "op": 30.0000012219251,
        "st": 0,
        "bm": 0
      }
    ],
    "markers": []
  }