{
    "v": "5.4.4",
    "fr": 29.9700012207031,
    "ip": 0,
    "op": 150.000006109625,
    "w": 240,
    "h": 200,
    "nm": "ALGIERS-MAZDA",
    "ddd": 0,
    "assets": [],
    "fonts": {
      "list": [
        {
          "origin": 0,
          "fPath": "",
          "fClass": "",
          "fFamily": "Ubuntu",
          "fWeight": "",
          "fStyle": "Bold Italic",
          "fName": "Ubuntu-BoldItalic",
          "ascent": 77.5985717773438
        },
        {
          "fName": "Lato-Bold",
          "fFamily": "Lato",
          "fStyle": "Bold",
          "ascent": 74
        },
        {
          "fName": "Lato-Regular",
          "fFamily": "Lato",
          "fStyle": "Regular",
          "ascent": 74
        }
      ]
    },
    "layers": [
      {
        "ddd": 0,
        "ind": 1,
        "ty": 5,
        "nm": "text-gradientText-textBoldItalic-0",
        "sr": 1,
        "ks": {
          "o": {
            "a": 1,
            "k": [
              {
                "i": {
                  "x": [
                    0
                  ],
                  "y": [
                    1
                  ]
                },
                "o": {
                  "x": [
                    0
                  ],
                  "y": [
                    0
                  ]
                },
                "t": 0,
                "s": [
                  0
                ],
                "e": [
                  100
                ]
              },
              {
                "i": {
                  "x": [
                    0.667
                  ],
                  "y": [
                    1
                  ]
                },
                "o": {
                  "x": [
                    0.333
                  ],
                  "y": [
                    0
                  ]
                },
                "t": 1,
                "s": [
                  100
                ],
                "e": [
                  100
                ]
              },
              {
                "i": {
                  "x": [
                    0.92
                  ],
                  "y": [
                    1
                  ]
                },
                "o": {
                  "x": [
                    1
                  ],
                  "y": [
                    0
                  ]
                },
                "t": 148,
                "s": [
                  100
                ],
                "e": [
                  0
                ]
              },
              {
                "t": 149.000006068894
              }
            ],
            "ix": 11
          },
          "r": {
            "a": 0,
            "k": 0,
            "ix": 10
          },
          "p": {
            "a": 1,
            "k": [
              {
                "i": {
                  "x": 0,
                  "y": 1
                },
                "o": {
                  "x": 0,
                  "y": 0
                },
                "t": 7,
                "s": [
                  -700,
                  100,
                  0
                ],
                "e": [
                  450,
                  100,
                  0
                ],
                "to": [
                  191.667,
                  0,
                  0
                ],
                "ti": [
                  -191.667,
                  0,
                  0
                ]
              },
              {
                "i": {
                  "x": 0,
                  "y": 0
                },
                "o": {
                  "x": 0.167,
                  "y": 0.167
                },
                "t": 17,
                "s": [
                  450,
                  100,
                  0
                ],
                "e": [
                  450,
                  100,
                  0
                ],
                "to": [
                  0,
                  0,
                  0
                ],
                "ti": [
                  0,
                  0,
                  0
                ]
              },
              {
                "i": {
                  "x": 0,
                  "y": 1
                },
                "o": {
                  "x": 0.167,
                  "y": 0
                },
                "t": 141,
                "s": [
                  450,
                  100,
                  0
                ],
                "e": [
                  -530,
                  100,
                  0
                ],
                "to": [
                  -163.333,
                  0,
                  0
                ],
                "ti": [
                  163.333,
                  0,
                  0
                ]
              },
              {
                "t": 145.000005905971
              }
            ],
            "ix": 2
          },
          "a": {
            "a": 0,
            "k": [
              330,
              -28.3,
              0
            ],
            "ix": 1
          },
          "s": {
            "a": 0,
            "k": [
              100,
              100,
              100
            ],
            "ix": 6
          }
        },
        "ao": 0,
        "t": {
          "d": {
            "k": [
              {
                "s": {
                  "s": 80,
                  "f": "Lato-Regular",
                  "t": "Texte",
                  "j": 2,
                  "tr": 0,
                  "lh": 96,
                  "ls": 0,
                  "fc": [
                    1,
                    1,
                    1
                  ]
                },
                "t": 0
              }
            ]
          },
          "p": {},
          "m": {
            "g": 1,
            "a": {
              "a": 0,
              "k": [
                0,
                0
              ],
              "ix": 2
            }
          },
          "a": []
        },
        "ip": 0,
        "op": 156.00000635401,
        "st": 0,
        "bm": 0
      },
      {
        "ddd": 0,
        "ind": 2,
        "ty": 4,
        "nm": "textContainerGradient-gradientLeft_gradientRight",
        "sr": 1,
        "ks": {
          "o": {
            "a": 1,
            "k": [
              {
                "i": {
                  "x": [
                    0
                  ],
                  "y": [
                    1
                  ]
                },
                "o": {
                  "x": [
                    0
                  ],
                  "y": [
                    0
                  ]
                },
                "t": 0,
                "s": [
                  0
                ],
                "e": [
                  80
                ]
              },
              {
                "i": {
                  "x": [
                    0.667
                  ],
                  "y": [
                    1
                  ]
                },
                "o": {
                  "x": [
                    0.333
                  ],
                  "y": [
                    0
                  ]
                },
                "t": 1,
                "s": [
                  80
                ],
                "e": [
                  80
                ]
              },
              {
                "i": {
                  "x": [
                    1
                  ],
                  "y": [
                    1
                  ]
                },
                "o": {
                  "x": [
                    1
                  ],
                  "y": [
                    0
                  ]
                },
                "t": 148,
                "s": [
                  80
                ],
                "e": [
                  0
                ]
              },
              {
                "t": 149.000006068894
              }
            ],
            "ix": 11
          },
          "r": {
            "a": 0,
            "k": 0,
            "ix": 10
          },
          "p": {
            "a": 0,
            "k": [
              130,
              100,
              0
            ],
            "ix": 2
          },
          "a": {
            "a": 0,
            "k": [
              0,
              0,
              0
            ],
            "ix": 1
          },
          "s": {
            "a": 1,
            "k": [
              {
                "i": {
                  "x": [
                    0,
                    0.667,
                    0.667
                  ],
                  "y": [
                    1,
                    1,
                    1
                  ]
                },
                "o": {
                  "x": [
                    0,
                    0,
                    0.333
                  ],
                  "y": [
                    0,
                    0,
                    0
                  ]
                },
                "t": 0,
                "s": [
                  0,
                  100,
                  100
                ],
                "e": [
                  100,
                  100,
                  100
                ]
              },
              {
                "i": {
                  "x": [
                    0.667,
                    0.667,
                    0.667
                  ],
                  "y": [
                    1,
                    1,
                    1
                  ]
                },
                "o": {
                  "x": [
                    0.333,
                    0.333,
                    0.333
                  ],
                  "y": [
                    0,
                    0,
                    0
                  ]
                },
                "t": 8,
                "s": [
                  100,
                  100,
                  100
                ],
                "e": [
                  100,
                  100,
                  100
                ]
              },
              {
                "i": {
                  "x": [
                    1,
                    1,
                    0.667
                  ],
                  "y": [
                    1,
                    1,
                    1
                  ]
                },
                "o": {
                  "x": [
                    1,
                    1,
                    0.333
                  ],
                  "y": [
                    0,
                    0,
                    0
                  ]
                },
                "t": 142,
                "s": [
                  100,
                  100,
                  100
                ],
                "e": [
                  0,
                  100,
                  100
                ]
              },
              {
                "t": 149.000006068894
              }
            ],
            "ix": 6
          }
        },
        "ao": 0,
        "shapes": [
          {
            "ty": "gr",
            "it": [
              {
                "ty": "rc",
                "d": 1,
                "s": {
                  "a": 0,
                  "k": [
                    240,
                    116
                  ],
                  "ix": 2
                },
                "p": {
                  "a": 0,
                  "k": [
                    0,
                    0
                  ],
                  "ix": 3
                },
                "r": {
                  "a": 0,
                  "k": 0,
                  "ix": 4
                },
                "nm": "Tracé rectangulaire 1",
                "mn": "ADBE Vector Shape - Rect",
                "hd": false
              },
              {
                "ty": "gf",
                "o": {
                  "a": 0,
                  "k": 100,
                  "ix": 10
                },
                "r": 1,
                "bm": 0,
                "g": {
                  "p": 2,
                  "k": {
                    "a": 0,
                    "k": [
                      0,
                      0.89411765,
                      0.09803922,
                      0.09803922,
                      1,
                      0.89411765,
                      0.09803922,
                      0.09803922
                    ],
                    "ix": 9
                  }
                },
                "s": {
                  "a": 0,
                  "k": [
                    -383.984,
                    -100.818
                  ],
                  "ix": 5
                },
                "e": {
                  "a": 0,
                  "k": [
                    441.11,
                    98.197
                  ],
                  "ix": 6
                },
                "t": 1,
                "nm": "Fond en dégradé 1",
                "mn": "ADBE Vector Graphic - G-Fill",
                "hd": false
              },
              {
                "ty": "tr",
                "p": {
                  "a": 0,
                  "k": [
                    0.652,
                    -0.213
                  ],
                  "ix": 2
                },
                "a": {
                  "a": 0,
                  "k": [
                    0,
                    0
                  ],
                  "ix": 1
                },
                "s": {
                  "a": 0,
                  "k": [
                    100,
                    100
                  ],
                  "ix": 3
                },
                "r": {
                  "a": 0,
                  "k": 0,
                  "ix": 6
                },
                "o": {
                  "a": 0,
                  "k": 100,
                  "ix": 7
                },
                "sk": {
                  "a": 0,
                  "k": 0,
                  "ix": 4
                },
                "sa": {
                  "a": 0,
                  "k": 0,
                  "ix": 5
                },
                "nm": "Transformer "
              }
            ],
            "nm": "Rectangle 1",
            "np": 3,
            "cix": 2,
            "bm": 0,
            "ix": 1,
            "mn": "ADBE Vector Group",
            "hd": false
          }
        ],
        "ip": 0,
        "op": 150.000006109625,
        "st": 0,
        "bm": 0
      }
    ],
    "markers": []
  }