{
    "v": "5.4.4",
    "fr": 29.9700012207031,
    "ip": 0,
    "op": 150.000006109625,
    "w": 729,
    "h": 212,
    "nm": "ALGIERS-NISSAN",
    "ddd": 0,
    "assets": [],
    "fonts": {
      "list": [
        {
          "origin": 0,
          "fPath": "",
          "fClass": "",
          "fFamily": "Ubuntu",
          "fWeight": "",
          "fStyle": "Regular",
          "fName": "Ubuntu",
          "ascent": 77.5985717773438
        },
        {
          "origin": 0,
          "fPath": "",
          "fClass": "",
          "fFamily": "Ubuntu",
          "fWeight": "",
          "fStyle": "Bold",
          "fName": "Ubuntu-Bold",
          "ascent": 77.5985717773438
        },
        {
          "fName": "Lato-Bold",
          "fFamily": "Lato",
          "fStyle": "Bold",
          "ascent": 74
        },
        {
          "fName": "Lato-Regular",
          "fFamily": "Lato",
          "fStyle": "Regular",
          "ascent": 74
        }
      ]
    },
    "layers": [
      {
        "ddd": 0,
        "ind": 1,
        "ty": 5,
        "nm": "textTop-subtitleTopText-textBold-0",
        "sr": 1,
        "ks": {
          "o": {
            "a": 0,
            "k": 100,
            "ix": 11
          },
          "r": {
            "a": 0,
            "k": 0,
            "ix": 10
          },
          "p": {
            "a": 1,
            "k": [
              {
                "i": {
                  "x": 0,
                  "y": 1
                },
                "o": {
                  "x": 0,
                  "y": 0
                },
                "t": 0,
                "s": [
                  -1055,
                  53.309,
                  0
                ],
                "e": [
                  885,
                  53.309,
                  0
                ],
                "to": [
                  323.333,
                  0,
                  0
                ],
                "ti": [
                  -323.333,
                  0,
                  0
                ]
              },
              {
                "i": {
                  "x": 0,
                  "y": 0
                },
                "o": {
                  "x": 0.333,
                  "y": 0.333
                },
                "t": 15,
                "s": [
                  885,
                  53.309,
                  0
                ],
                "e": [
                  885,
                  53.309,
                  0
                ],
                "to": [
                  0,
                  0,
                  0
                ],
                "ti": [
                  0,
                  0,
                  0
                ]
              },
              {
                "i": {
                  "x": 0,
                  "y": 1
                },
                "o": {
                  "x": 0.043,
                  "y": 0
                },
                "t": 138,
                "s": [
                  885,
                  53.309,
                  0
                ],
                "e": [
                  2425,
                  53.309,
                  0
                ],
                "to": [
                  256.667,
                  0,
                  0
                ],
                "ti": [
                  -256.667,
                  0,
                  0
                ]
              },
              {
                "t": 149.000006068894
              }
            ],
            "ix": 2
          },
          "a": {
            "a": 0,
            "k": [
              595,
              -30.48,
              0
            ],
            "ix": 1
          },
          "s": {
            "a": 0,
            "k": [
              100,
              100,
              100
            ],
            "ix": 6
          }
        },
        "ao": 0,
        "t": {
          "d": {
            "k": [
              {
                "s": {
                  "s": 80,
                  "f": "Lato-Regular",
                  "t": "Texte haut",
                  "j": 2,
                  "tr": 0,
                  "lh": 96,
                  "ls": 0,
                  "fc": [
                    1,
                    1,
                    1
                  ]
                },
                "t": 0
              }
            ]
          },
          "p": {},
          "m": {
            "g": 1,
            "a": {
              "a": 0,
              "k": [
                0,
                0
              ],
              "ix": 2
            }
          },
          "a": []
        },
        "ip": 0,
        "op": 150.000006109625,
        "st": 0,
        "bm": 0
      },
      {
        "ddd": 0,
        "ind": 2,
        "ty": 1,
        "nm": "textTopContainer-subtitleTopBackground",
        "sr": 1,
        "ks": {
          "o": {
            "a": 0,
            "k": 80,
            "ix": 11
          },
          "r": {
            "a": 0,
            "k": 0,
            "ix": 10
          },
          "p": {
            "a": 1,
            "k": [
              {
                "i": {
                  "x": 0,
                  "y": 1
                },
                "o": {
                  "x": 0,
                  "y": 0
                },
                "t": 0,
                "s": [
                  -1055,
                  53,
                  0
                ],
                "e": [
                  0,
                  53,
                  0
                ],
                "to": [
                  323.333,
                  0,
                  0
                ],
                "ti": [
                  -323.333,
                  0,
                  0
                ]
              },
              {
                "i": {
                  "x": 0,
                  "y": 0
                },
                "o": {
                  "x": 0.333,
                  "y": 0.333
                },
                "t": 15,
                "s": [
                  0,
                  53,
                  0
                ],
                "e": [
                  0,
                  53,
                  0
                ],
                "to": [
                  0,
                  0,
                  0
                ],
                "ti": [
                  0,
                  0,
                  0
                ]
              },
              {
                "i": {
                  "x": 0,
                  "y": 1
                },
                "o": {
                  "x": 0.043,
                  "y": 0
                },
                "t": 138,
                "s": [
                  0,
                  53,
                  0
                ],
                "e": [
                  2425,
                  53,
                  0
                ],
                "to": [
                  256.667,
                  0,
                  0
                ],
                "ti": [
                  -256.667,
                  0,
                  0
                ]
              },
              {
                "t": 149.000006068894
              }
            ],
            "ix": 2
          },
          "a": {
            "a": 0,
            "k": [
              0,
              53,
              0
            ],
            "ix": 1
          },
          "s": {
            "a": 0,
            "k": [
              100,
              100,
              100
            ],
            "ix": 6
          }
        },
        "ao": 0,
        "sw": 579,
        "sh": 106,
        "sc": "#E41919",
        "ip": 0,
        "op": 150.000006109625,
        "st": 0,
        "bm": 0
      },
      {
        "ddd": 0,
        "ind": 3,
        "ty": 5,
        "nm": "textBottom-subtitleBottomText-textBold-1",
        "sr": 1,
        "ks": {
          "o": {
            "a": 0,
            "k": 100,
            "ix": 11
          },
          "r": {
            "a": 0,
            "k": 0,
            "ix": 10
          },
          "p": {
            "a": 1,
            "k": [
              {
                "i": {
                  "x": 0,
                  "y": 1
                },
                "o": {
                  "x": 0,
                  "y": 0
                },
                "t": 0,
                "s": [
                  2605,
                  160.609,
                  0
                ],
                "e": [
                  1035,
                  158.609,
                  0
                ],
                "to": [
                  -261.667,
                  -0.333,
                  0
                ],
                "ti": [
                  261.667,
                  0.333,
                  0
                ]
              },
              {
                "i": {
                  "x": 0,
                  "y": 0
                },
                "o": {
                  "x": 0.333,
                  "y": 0.333
                },
                "t": 15,
                "s": [
                  1035,
                  158.609,
                  0
                ],
                "e": [
                  1035,
                  158.609,
                  0
                ],
                "to": [
                  0,
                  0,
                  0
                ],
                "ti": [
                  0,
                  0,
                  0
                ]
              },
              {
                "i": {
                  "x": 0,
                  "y": 1
                },
                "o": {
                  "x": 0.043,
                  "y": 0
                },
                "t": 138,
                "s": [
                  1035,
                  158.609,
                  0
                ],
                "e": [
                  -555,
                  158.609,
                  0
                ],
                "to": [
                  -265,
                  0,
                  0
                ],
                "ti": [
                  265,
                  0,
                  0
                ]
              },
              {
                "t": 149.000006068894
              }
            ],
            "ix": 2
          },
          "a": {
            "a": 0,
            "k": [
              595,
              -19.18,
              0
            ],
            "ix": 1
          },
          "s": {
            "a": 0,
            "k": [
              100,
              100,
              100
            ],
            "ix": 6
          }
        },
        "ao": 0,
        "t": {
          "d": {
            "k": [
              {
                "s": {
                  "s": 70,
                  "f": "Lato-Regular",
                  "t": "Texte bas",
                  "j": 2,
                  "tr": 0,
                  "lh": 84,
                  "ls": 0,
                  "fc": [
                    1,
                    1,
                    1
                  ]
                },
                "t": 0
              }
            ]
          },
          "p": {},
          "m": {
            "g": 1,
            "a": {
              "a": 0,
              "k": [
                0,
                0
              ],
              "ix": 2
            }
          },
          "a": []
        },
        "ip": 0,
        "op": 150.000006109625,
        "st": 0,
        "bm": 0
      },
      {
        "ddd": 0,
        "ind": 4,
        "ty": 1,
        "nm": "textBottomContainer-subtitleBottomBackground",
        "sr": 1,
        "ks": {
          "o": {
            "a": 0,
            "k": 80,
            "ix": 11
          },
          "r": {
            "a": 0,
            "k": 0,
            "ix": 10
          },
          "p": {
            "a": 1,
            "k": [
              {
                "i": {
                  "x": 0,
                  "y": 1
                },
                "o": {
                  "x": 0,
                  "y": 0
                },
                "t": 0,
                "s": [
                  2605,
                  159,
                  0
                ],
                "e": [
                  150,
                  158.609,
                  0
                ],
                "to": [
                  -261.667,
                  -0.065,
                  0
                ],
                "ti": [
                  261.667,
                  0.065,
                  0
                ]
              },
              {
                "i": {
                  "x": 0,
                  "y": 0
                },
                "o": {
                  "x": 0.333,
                  "y": 0.333
                },
                "t": 15,
                "s": [
                  150,
                  158.609,
                  0
                ],
                "e": [
                  150,
                  158.609,
                  0
                ],
                "to": [
                  0,
                  0,
                  0
                ],
                "ti": [
                  0,
                  0,
                  0
                ]
              },
              {
                "i": {
                  "x": 0,
                  "y": 1
                },
                "o": {
                  "x": 0.043,
                  "y": 0
                },
                "t": 138,
                "s": [
                  150,
                  158.609,
                  0
                ],
                "e": [
                  -579,
                  158.609,
                  0
                ],
                "to": [
                  -265,
                  0,
                  0
                ],
                "ti": [
                  265,
                  0,
                  0
                ]
              },
              {
                "t": 149.000006068894
              }
            ],
            "ix": 2
          },
          "a": {
            "a": 0,
            "k": [
              0,
              53,
              0
            ],
            "ix": 1
          },
          "s": {
            "a": 0,
            "k": [
              100,
              100,
              100
            ],
            "ix": 6
          }
        },
        "ao": 0,
        "sw": 579,
        "sh": 106,
        "sc": "#2E30DC",
        "ip": 0,
        "op": 150.000006109625,
        "st": 0,
        "bm": 0
      }
    ],
    "markers": []
  }