{
    "v": "5.8.1",
    "fr": 29.9700012207031,
    "ip": 0,
    "op": 71.92800578784949,
    "w": 1920,
    "h": 1080,
    "nm": "OWL_169",
    "ddd": 0,
    "assets": [],
    "fonts": {
      "list": [
        {
          "origin": 0,
          "fPath": "",
          "fClass": "",
          "fFamily": "Helvetica",
          "fWeight": "",
          "fStyle": "Bold",
          "fName": "Helvetica-Bold",
          "ascent": 71.8536376953125
        },
        {
          "origin": 0,
          "fPath": "",
          "fClass": "",
          "fFamily": "Helvetica",
          "fWeight": "",
          "fStyle": "Regular",
          "fName": "Helvetica",
          "ascent": 71.8994140625
        },
        {
          "fName": "Lato-Regular",
          "fFamily": "Lato",
          "fStyle": "Regular",
          "ascent": 74
        }
      ]
    },
    "layers": [
      {
        "ddd": 0,
        "ind": 1,
        "ty": 5,
        "nm": "top text",
        "sr": 1,
        "ks": {
          "o": {
            "a": 0,
            "k": 100,
            "ix": 11
          },
          "r": {
            "a": 0,
            "k": 0,
            "ix": 10
          },
          "p": {
            "a": 0,
            "k": [
              960,
              531,
              0
            ],
            "ix": 2,
            "l": 2
          },
          "a": {
            "a": 0,
            "k": [
              0,
              0,
              0
            ],
            "ix": 1,
            "l": 2
          },
          "s": {
            "a": 1,
            "k": [
              {
                "i": {
                  "x": [
                    0.235,
                    0.235,
                    0.667
                  ],
                  "y": [
                    1,
                    1,
                    1
                  ]
                },
                "o": {
                  "x": [
                    0.023,
                    0.023,
                    0.333
                  ],
                  "y": [
                    0.233,
                    0.233,
                    0
                  ]
                },
                "t": 0,
                "s": [
                  250,
                  250,
                  100
                ]
              },
              {
                "i": {
                  "x": [
                    0.836,
                    0.836,
                    0.833
                  ],
                  "y": [
                    0.807,
                    0.807,
                    1
                  ]
                },
                "o": {
                  "x": [
                    0.336,
                    0.336,
                    0.333
                  ],
                  "y": [
                    0.201,
                    0.201,
                    0
                  ]
                },
                "t": 13,
                "s": [
                  90,
                  90,
                  100
                ]
              },
              {
                "t": 150,
                "s": [
                  100,
                  100,
                  100
                ]
              }
            ],
            "ix": 6,
            "l": 2
          }
        },
        "ao": 0,
        "ef": [],
        "t": {
          "d": {
            "k": [
              {
                "s": {
                  "sz": [
                    1156,
                    175.08447265625
                  ],
                  "ps": [
                    -578,
                    -105
                  ],
                  "s": 80,
                  "f": "Lato-Regular",
                  "t": "TEXTE EN HAUT",
                  "ca": 1,
                  "j": 2,
                  "tr": 0,
                  "lh": 96,
                  "ls": 0,
                  "fc": [
                    1,
                    1,
                    1
                  ]
                },
                "t": 0
              }
            ]
          },
          "p": {},
          "m": {
            "g": 1,
            "a": {
              "a": 0,
              "k": [
                0,
                0
              ],
              "ix": 2
            }
          },
          "a": []
        },
        "ip": 0,
        "op": 72,
        "st": 0,
        "bm": 0
      },
      {
        "ddd": 0,
        "ind": 2,
        "ty": 5,
        "nm": "bottom text",
        "sr": 1,
        "ks": {
          "o": {
            "a": 0,
            "k": 100,
            "ix": 11
          },
          "r": {
            "a": 0,
            "k": 0,
            "ix": 10
          },
          "p": {
            "a": 0,
            "k": [
              960,
              575,
              0
            ],
            "ix": 2,
            "l": 2
          },
          "a": {
            "a": 0,
            "k": [
              0,
              -166,
              0
            ],
            "ix": 1,
            "l": 2
          },
          "s": {
            "a": 1,
            "k": [
              {
                "i": {
                  "x": [
                    0.235,
                    0.235,
                    0.667
                  ],
                  "y": [
                    1,
                    1,
                    1
                  ]
                },
                "o": {
                  "x": [
                    0.023,
                    0.023,
                    0.333
                  ],
                  "y": [
                    0.233,
                    0.233,
                    0
                  ]
                },
                "t": 12,
                "s": [
                  250,
                  250,
                  100
                ]
              },
              {
                "i": {
                  "x": [
                    0.836,
                    0.836,
                    0.833
                  ],
                  "y": [
                    0.807,
                    0.807,
                    1
                  ]
                },
                "o": {
                  "x": [
                    0.336,
                    0.336,
                    0.333
                  ],
                  "y": [
                    0.201,
                    0.201,
                    0
                  ]
                },
                "t": 25,
                "s": [
                  90,
                  90,
                  100
                ]
              },
              {
                "t": 150,
                "s": [
                  100,
                  100,
                  100
                ]
              }
            ],
            "ix": 6,
            "l": 2
          }
        },
        "ao": 0,
        "ef": [],
        "t": {
          "d": {
            "k": [
              {
                "s": {
                  "sz": [
                    1294,
                    206
                  ],
                  "ps": [
                    -647,
                    -166
                  ],
                  "s": 60,
                  "f": "Lato-Regular",
                  "t": "TEXTE EN BAS",
                  "ca": 1,
                  "j": 2,
                  "tr": 0,
                  "lh": 72,
                  "ls": 0,
                  "fc": [
                    1,
                    1,
                    1
                  ]
                },
                "t": 0
              }
            ]
          },
          "p": {},
          "m": {
            "g": 1,
            "a": {
              "a": 0,
              "k": [
                0,
                0
              ],
              "ix": 2
            }
          },
          "a": []
        },
        "ip": 12.00000048877,
        "op": 72,
        "st": 12.00000048877,
        "bm": 0
      },
      {
        "ddd": 0,
        "ind": 3,
        "ty": 5,
        "nm": "bg text",
        "sr": 1,
        "ks": {
          "o": {
            "a": 0,
            "k": 20,
            "ix": 11
          },
          "r": {
            "a": 0,
            "k": 0,
            "ix": 10
          },
          "p": {
            "a": 1,
            "k": [
              {
                "i": {
                  "x": 0.833,
                  "y": 0.833
                },
                "o": {
                  "x": 0.167,
                  "y": 0.167
                },
                "t": 0,
                "s": [
                  9,
                  540,
                  0
                ],
                "to": [
                  -5,
                  0,
                  0
                ],
                "ti": [
                  40,
                  0,
                  0
                ]
              },
              {
                "t": 72,
                "s": [
                  -3912,
                  540,
                  0
                ]
              }
            ],
            "ix": 2,
            "l": 2
          },
          "a": {
            "a": 0,
            "k": [
              -1.92,
              -389.707,
              0
            ],
            "ix": 1,
            "l": 2
          },
          "s": {
            "a": 0,
            "k": [
              100,
              100,
              100
            ],
            "ix": 6,
            "l": 2
          }
        },
        "ao": 0,
        "t": {
          "d": {
            "k": [
              {
                "s": {
                  "s": 1080,
                  "f": "Lato-Regular",
                  "t": "TEXTE EN HAUT",
                  "ca": 1,
                  "j": 0,
                  "tr": 0,
                  "lh": 1296,
                  "ls": 0,
                  "fc": [
                    1,
                    1,
                    1
                  ]
                },
                "t": 0
              }
            ]
          },
          "p": {},
          "m": {
            "g": 1,
            "a": {
              "a": 0,
              "k": [
                0,
                0
              ],
              "ix": 2
            }
          },
          "a": []
        },
        "ip": 0,
        "op": 72,
        "st": 0,
        "bm": 0
      },
      {
        "ddd": 0,
        "ind": 4,
        "ty": 4,
        "nm": "background",
        "sr": 1,
        "ks": {
          "o": {
            "a": 0,
            "k": 100,
            "ix": 11
          },
          "r": {
            "a": 0,
            "k": 0,
            "ix": 10
          },
          "p": {
            "a": 0,
            "k": [
              960,
              540,
              0
            ],
            "ix": 2,
            "l": 2
          },
          "a": {
            "a": 0,
            "k": [
              0,
              0,
              0
            ],
            "ix": 1,
            "l": 2
          },
          "s": {
            "a": 0,
            "k": [
              100,
              100,
              100
            ],
            "ix": 6,
            "l": 2
          }
        },
        "ao": 0,
        "shapes": [
          {
            "ty": "gr",
            "it": [
              {
                "ty": "rc",
                "d": 1,
                "s": {
                  "a": 0,
                  "k": [
                    1920,
                    1080
                  ],
                  "ix": 2
                },
                "p": {
                  "a": 0,
                  "k": [
                    0,
                    0
                  ],
                  "ix": 3
                },
                "r": {
                  "a": 0,
                  "k": 0,
                  "ix": 4
                },
                "nm": "Tracé rectangulaire 1",
                "mn": "ADBE Vector Shape - Rect",
                "hd": false
              },
              {
                "ty": "fl",
                "c": {
                  "a": 0,
                  "k": [
                    0.18039216,
                    0.7647059,
                    0.87058824,
                    1
                  ],
                  "ix": 4
                },
                "o": {
                  "a": 0,
                  "k": 100,
                  "ix": 5
                },
                "r": 1,
                "bm": 0,
                "nm": "Fond 1",
                "mn": "ADBE Vector Graphic - Fill",
                "hd": false
              },
              {
                "ty": "tr",
                "p": {
                  "a": 0,
                  "k": [
                    0,
                    0
                  ],
                  "ix": 2
                },
                "a": {
                  "a": 0,
                  "k": [
                    0,
                    0
                  ],
                  "ix": 1
                },
                "s": {
                  "a": 0,
                  "k": [
                    100,
                    100
                  ],
                  "ix": 3
                },
                "r": {
                  "a": 0,
                  "k": 0,
                  "ix": 6
                },
                "o": {
                  "a": 0,
                  "k": 100,
                  "ix": 7
                },
                "sk": {
                  "a": 0,
                  "k": 0,
                  "ix": 4
                },
                "sa": {
                  "a": 0,
                  "k": 0,
                  "ix": 5
                },
                "nm": "Transform"
              }
            ],
            "nm": "Rectangle 1",
            "np": 3,
            "cix": 2,
            "bm": 0,
            "ix": 1,
            "mn": "ADBE Vector Group",
            "hd": false
          }
        ],
        "ip": 0,
        "op": 72,
        "st": 0,
        "bm": 0
      }
    ],
    "markers": []
  }